entry_id,date,posting_time,posting_datetime,department,gl_account,account_description,vendor,amount,preparer,approver,po_number,invoice_number,po_amount,invoice_amount,payment_amount,planted_anomaly_type
100534,2024-01-01,09:24:00,2024-01-01 09:24:00,IT,5000,Raw Materials Expense,"Howard, Tucker and Flores",3772.81,Michael Rivas,Jeffrey Hancock,PO83001,INV635687,3772.81,3772.81,3772.81,none
103270,2024-01-01,10:12:00,2024-01-01 10:12:00,Sales,5300,Professional Fees,Larson PLC,14698.16,Michael Fox,Jeffrey Hancock,PO314779,INV652616,14698.16,14698.16,14698.16,none
100731,2024-01-01,11:05:00,2024-01-01 11:05:00,Sales,5500,Utilities,"Brown, Baker and Alvarado",14696.45,Dawn Hall,Lawrence Davis,PO881236,INV991598,14696.45,14696.45,14696.45,none
103381,2024-01-01,11:31:00,2024-01-01 11:31:00,Procurement,5000,Raw Materials Expense,Raymond-Lucas,36706.24,Janice Bush,Sergio Arroyo,PO88088,INV505880,36706.24,36706.24,36706.24,none
104584,2024-01-01,13:01:00,2024-01-01 13:01:00,Sales,5100,Office Supplies,Pearson PLC,6997.03,Michael Fox,Anita Harris,PO362999,INV98206,6997.03,6997.03,6997.03,none
103958,2024-01-01,13:30:00,2024-01-01 13:30:00,Sales,5100,Office Supplies,Galvan Group,28475.34,Sergio Arroyo,James Dennis,PO437667,INV483360,28475.34,28475.34,28475.34,none
104434,2024-01-01,13:41:00,2024-01-01 13:41:00,HR,5200,Travel & Entertainment,Reyes-Glover,26299.24,Mary Harrison,Gary Mays,PO183264,INV283336,26299.24,26299.24,26299.24,none
100714,2024-01-01,15:33:00,2024-01-01 15:33:00,IT,5100,Office Supplies,White-Thomas,15660.09,Taylor Carroll,Sergio Arroyo,PO980380,INV639468,15660.09,15660.09,15660.09,none
104899,2024-01-01,17:36:00,2024-01-01 17:36:00,Marketing,5500,Utilities,Jones Inc,48084.68,Donald Ferguson,Donald Ferguson,PO713432,INV60099,48084.68,48084.68,48084.68,segregation_violation
100777,2024-01-01,17:52:00,2024-01-01 17:52:00,Operations,5200,Travel & Entertainment,Lopez Ltd,27715.26,Michael Fox,Autumn Reed,PO665571,INV923610,27715.26,27715.26,27715.26,none
100023,2024-01-01,18:20:00,2024-01-01 18:20:00,Finance,6000,Vendor Payments,Hughes-Nichols,4282.35,Sergio Arroyo,Joy Hernandez,PO310007,INV271080,4282.35,4282.35,4282.35,none
100529,2024-01-01,18:25:00,2024-01-01 18:25:00,Sales,5300,Professional Fees,"Morton, Reynolds and Anderson",7830.87,Patricia Perry,Elizabeth Shea,PO527289,INV526034,7830.87,7830.87,7830.87,none
103753,2024-01-02,09:18:00,2024-01-02 09:18:00,Procurement,5300,Professional Fees,Gomez Ltd,22225.16,Nicole Clarke,Corey Jones,PO95608,INV46888,22225.16,22225.16,22225.16,none
100351,2024-01-02,09:19:00,2024-01-02 09:19:00,HR,5300,Professional Fees,Nichols LLC,2608.12,Elizabeth Shea,Lawrence Davis,PO254069,INV965418,2608.12,2608.12,2608.12,none
103067,2024-01-02,09:22:00,2024-01-02 09:22:00,Procurement,5300,Professional Fees,Murphy Inc,10405.69,Kyle King,Leslie Robinson,PO394207,INV653847,10405.69,10405.69,10405.69,none
101709,2024-01-02,10:11:00,2024-01-02 10:11:00,IT,5200,Travel & Entertainment,Stewart-Russell,12004.56,Taylor Carroll,Patricia Perry,PO682397,INV448975,12004.56,12004.56,12004.56,none
104319,2024-01-02,10:15:00,2024-01-02 10:15:00,Procurement,5400,IT & Software,"Morton, Reynolds and Anderson",37979.88,Gerald Freeman,Denise Elliott,PO610141,INV285976,37979.88,37979.88,37979.88,none
104954,2024-01-02,10:30:00,2024-01-02 10:30:00,IT,5200,Travel & Entertainment,Larson PLC,151386.39,Thomas Martin,Autumn Reed,PO975865,INV812493,151386.39,151386.39,151386.39,unusual_amount
102785,2024-01-02,11:36:00,2024-01-02 11:36:00,Marketing,6000,Vendor Payments,"Silva, Jones and Oliver",7924.18,Timothy Johnson,Alyssa Jackson,PO912277,INV115578,7924.18,7924.18,7924.18,none
103318,2024-01-02,12:25:00,2024-01-02 12:25:00,Marketing,6000,Vendor Payments,White-Thomas,6921.87,Taylor Carroll,Lindsey Lewis,PO247472,INV590670,6921.87,6921.87,6921.87,none
103776,2024-01-02,14:14:00,2024-01-02 14:14:00,Sales,5200,Travel & Entertainment,"Smith, Montgomery and Reyes",13706.72,Sean Kelly,Brittany Jackson,PO406190,INV942613,13706.72,13706.72,13706.72,none
100053,2024-01-02,14:49:00,2024-01-02 14:49:00,IT,5300,Professional Fees,Harper-Hernandez,25698.18,Gary Stone,Donna Weber,PO118362,INV493922,25698.18,25698.18,25698.18,none
100038,2024-01-02,15:16:00,2024-01-02 15:16:00,Marketing,5300,Professional Fees,White-Thomas,10887.98,Lindsey Lewis,Patricia Lopez,PO142956,INV397484,10887.98,10887.98,10887.98,none
104055,2024-01-02,15:26:00,2024-01-02 15:26:00,IT,5400,IT & Software,"Hernandez, Hopkins and Houston",34522.75,Jeffrey Hancock,Autumn Reed,PO78899,INV883269,34522.75,34522.75,34522.75,none
103034,2024-01-02,15:31:00,2024-01-02 15:31:00,HR,5500,Utilities,Humphrey-Berg,14706.61,James Dennis,Thomas Martin,PO315622,INV297316,14706.61,14706.61,14706.61,none
102707,2024-01-02,15:34:00,2024-01-02 15:34:00,Marketing,5100,Office Supplies,"Silva, Jones and Oliver",13731.91,Autumn Reed,Brittany Jackson,PO749639,INV40055,13731.91,13731.91,13731.91,none
102261,2024-01-02,15:50:00,2024-01-02 15:50:00,IT,5000,Raw Materials Expense,"White, Tucker and Wolf",34542.98,Donald Ferguson,Jeffrey Hancock,PO333984,INV607688,34542.98,34542.98,34542.98,none
103832,2024-01-02,15:53:00,2024-01-02 15:53:00,Operations,5300,Professional Fees,Tucker Group,9870.11,Dawn Hall,Timothy Johnson,PO43358,INV153131,9870.11,9870.11,9870.11,none
103508,2024-01-02,16:08:00,2024-01-02 16:08:00,HR,5500,Utilities,"Silva, Jones and Oliver",12200.03,Alyssa Jackson,Sergio Arroyo,PO690777,INV167341,12200.03,12200.03,12200.03,none
102477,2024-01-02,16:11:00,2024-01-02 16:11:00,Marketing,6000,Vendor Payments,"Smith, Montgomery and Reyes",8710.94,Denise Elliott,Lindsey Lewis,PO519292,INV168353,8710.94,8710.94,8710.94,none
104560,2024-01-02,16:35:00,2024-01-02 16:35:00,IT,5400,IT & Software,Cowan-Powers,58790.87,Patricia Perry,Michael Macdonald,PO245047,INV462390,58790.87,58790.87,58790.87,none
103188,2024-01-02,17:27:00,2024-01-02 17:27:00,Sales,5200,Travel & Entertainment,"Nelson, Duncan and Smith",14971.5,Christopher Chung,Nicole Clarke,PO500112,INV438112,14971.5,14971.5,14971.5,none
102219,2024-01-02,18:03:00,2024-01-02 18:03:00,Sales,5000,Raw Materials Expense,Hopkins Inc,13033.29,James Dennis,Autumn Reed,PO496191,INV43281,13033.29,13033.29,13033.29,none
104822,2024-01-02,18:14:00,2024-01-02 18:14:00,Finance,5400,IT & Software,"Martin, Brewer and Young",195254.68,Timothy Johnson,Lawrence Davis,PO4875,INV818745,195254.68,195254.68,195254.68,unusual_amount
104571,2024-01-02,18:17:00,2024-01-02 18:17:00,Operations,6000,Vendor Payments,Smith-Parker,27509.29,Patricia Lopez,Denise Elliott,PO737613,INV130064,27509.29,27509.29,27509.29,none
103649,2024-01-02,18:21:00,2024-01-02 18:21:00,IT,5500,Utilities,Cowan-Powers,14446.15,Nicole Chavez,Autumn Reed,PO394834,INV165933,14446.15,14446.15,14446.15,none
100883,2024-01-02,18:48:00,2024-01-02 18:48:00,Sales,5000,Raw Materials Expense,White-Thomas,19903.3,Elizabeth Shea,Gary Mays,PO686431,INV852608,19903.3,19903.3,19903.3,none
104883,2024-01-03,09:43:00,2024-01-03 09:43:00,Procurement,5300,Professional Fees,Gross-Morrison,245292.18,Michael Rivas,Janice Bush,PO381850,INV339293,245292.18,245292.18,245292.18,unusual_amount
104413,2024-01-03,09:48:00,2024-01-03 09:48:00,Operations,5000,Raw Materials Expense,Stevens-Gibson,20635.8,Janice Bush,Joy Hernandez,PO857761,INV502103,20635.8,20635.8,20635.8,none
103862,2024-01-03,11:51:00,2024-01-03 11:51:00,HR,5400,IT & Software,Davidson-Frank,49189.1,Corey Jones,Patricia Perry,PO195567,INV674765,49189.1,49189.1,49189.1,none
103497,2024-01-03,12:31:00,2024-01-03 12:31:00,Finance,5400,IT & Software,Pearson PLC,9373.6,Joy Hernandez,Tanner Avila,PO986316,INV458529,9373.6,9373.6,9373.6,none
100735,2024-01-03,13:11:00,2024-01-03 13:11:00,HR,5100,Office Supplies,Jones Ltd,12106.76,Kyle King,Timothy Johnson,PO815825,INV299929,12106.76,12106.76,12106.76,none
101891,2024-01-03,13:44:00,2024-01-03 13:44:00,Finance,5500,Utilities,Smith-Parker,12371.78,Taylor Carroll,Michael Macdonald,PO774636,INV840804,12371.78,12371.78,12371.78,none
102347,2024-01-03,13:59:00,2024-01-03 13:59:00,HR,5000,Raw Materials Expense,Nichols LLC,15603.16,Jeffrey Hancock,Timothy Johnson,PO801628,INV147260,15603.16,15603.16,15603.16,none
101511,2024-01-03,14:56:00,2024-01-03 14:56:00,Finance,5000,Raw Materials Expense,Davidson-Frank,21393.08,Anita Harris,Christopher Chung,PO240144,INV74101,21393.08,21393.08,21393.08,none
101516,2024-01-03,14:56:00,2024-01-03 14:56:00,IT,6000,Vendor Payments,"Hernandez, Hopkins and Houston",13871.54,Gerald Freeman,Elizabeth Shea,PO422447,INV791596,13871.54,13871.54,13871.54,none
101024,2024-01-03,15:02:00,2024-01-03 15:02:00,HR,5100,Office Supplies,White-Thomas,15652.14,Timothy Johnson,Denise Elliott,PO974718,INV632317,15652.14,15652.14,15652.14,none
104098,2024-01-03,15:14:00,2024-01-03 15:14:00,Sales,5300,Professional Fees,"Dixon, Jackson and Benjamin",14247.72,Taylor Carroll,Gary Mays,PO618248,INV338293,14247.72,14247.72,14247.72,none
102995,2024-01-03,16:16:00,2024-01-03 16:16:00,Marketing,5300,Professional Fees,"Nelson, Duncan and Smith",9123.94,Elizabeth Boyle,Autumn Reed,PO379436,INV280099,9123.94,9123.94,9123.94,none
101247,2024-01-03,16:21:00,2024-01-03 16:21:00,Procurement,6000,Vendor Payments,Willis Group,6208.52,Austin Cohen,Anita Harris,PO994852,INV745241,6208.52,6208.52,6208.52,none
101054,2024-01-03,17:32:00,2024-01-03 17:32:00,Sales,5300,Professional Fees,"Robles, Moses and Morgan",8602.7,Elizabeth Boyle,Denise Elliott,PO813585,INV930957,8602.7,8602.7,8602.7,none
102540,2024-01-03,17:56:00,2024-01-03 17:56:00,IT,5100,Office Supplies,Hughes-Nichols,1630.4,Christina Miller,Lawrence Davis,PO452093,INV140844,1630.4,1630.4,1630.4,none
104242,2024-01-03,18:11:00,2024-01-03 18:11:00,Procurement,6000,Vendor Payments,Willis Group,3933.67,Dawn Hall,Donna Weber,PO624139,INV68543,3933.67,3933.67,3933.67,none
103601,2024-01-03,18:37:00,2024-01-03 18:37:00,Sales,5500,Utilities,"Jefferson, Sullivan and Young",10915.98,Mary Harrison,Tanner Avila,PO308147,INV992754,10915.98,10915.98,10915.98,none
100884,2024-01-03,18:56:00,2024-01-03 18:56:00,Finance,5000,Raw Materials Expense,Jones Ltd,3330.64,Nicole Clarke,Christina Miller,PO645429,INV504640,3330.64,3330.64,3330.64,none
100029,2024-01-04,10:45:00,2024-01-04 10:45:00,HR,5400,IT & Software,"Gardner, Perry and Cruz",9619.28,Timothy Johnson,James Dennis,PO696397,INV495,9619.28,9619.28,9619.28,none
101368,2024-01-04,11:28:00,2024-01-04 11:28:00,HR,5100,Office Supplies,Ballard-Jenkins,16461.88,Anita Harris,Gary Stone,PO637766,INV17242,16461.88,16461.88,16461.88,none
104174,2024-01-04,11:50:00,2024-01-04 11:50:00,HR,6000,Vendor Payments,Young Inc,4761.35,Autumn Reed,Gary Mays,PO561860,INV234984,4761.35,4761.35,4761.35,none
103513,2024-01-04,11:51:00,2024-01-04 11:51:00,Marketing,5100,Office Supplies,"Brown, Baker and Alvarado",1829.3,Alyssa Jackson,Michael Macdonald,PO73225,INV925563,1829.3,1829.3,1829.3,none
101424,2024-01-04,11:52:00,2024-01-04 11:52:00,IT,5100,Office Supplies,"Robles, Moses and Morgan",5863.94,Kyle King,Michael Fox,PO704280,INV104694,5863.94,5863.94,5863.94,none
101296,2024-01-04,12:52:00,2024-01-04 12:52:00,Procurement,5200,Travel & Entertainment,Francis-Burke,23604.6,Taylor Carroll,Gary Mays,PO97147,INV729946,23604.6,23604.6,23604.6,none
103778,2024-01-04,12:58:00,2024-01-04 12:58:00,Sales,5200,Travel & Entertainment,Francis-Burke,7485.64,Janice Bush,Alyssa Jackson,PO204636,INV903191,7485.64,7485.64,7485.64,none
103736,2024-01-04,13:15:00,2024-01-04 13:15:00,HR,5200,Travel & Entertainment,Smith-Wise,25365.45,Denise Elliott,Michael Fox,PO100750,INV730141,25365.45,25365.45,25365.45,none
102748,2024-01-04,13:23:00,2024-01-04 13:23:00,HR,5000,Raw Materials Expense,Evans Ltd,11017.56,Elizabeth Shea,Nicole Clarke,PO618320,INV970354,11017.56,11017.56,11017.56,none
103399,2024-01-04,13:48:00,2024-01-04 13:48:00,IT,5200,Travel & Entertainment,"Hernandez, Hopkins and Houston",22804.29,Anita Harris,Elizabeth Shea,PO173239,INV925787,22804.29,22804.29,22804.29,none
100086,2024-01-04,14:19:00,2024-01-04 14:19:00,Marketing,5400,IT & Software,"Smith, Montgomery and Reyes",4733.1,Thomas Martin,Timothy Johnson,PO932178,INV871601,4733.1,4733.1,4733.1,none
101971,2024-01-04,14:59:00,2024-01-04 14:59:00,Marketing,5300,Professional Fees,"Silva, Jones and Oliver",26382.88,Donald Ferguson,Gerald Freeman,PO713300,INV297819,26382.88,26382.88,26382.88,none
100377,2024-01-04,15:08:00,2024-01-04 15:08:00,Procurement,6000,Vendor Payments,"Durham, Bowen and Hess",61981.17,Nicole Chavez,Lindsey Lewis,PO774684,INV571368,61981.17,61981.17,61981.17,none
103419,2024-01-04,16:16:00,2024-01-04 16:16:00,HR,5100,Office Supplies,Larson PLC,28437.74,Nicole Chavez,Nicole Clarke,PO644323,INV180830,28437.74,28437.74,28437.74,none
101745,2024-01-04,16:39:00,2024-01-04 16:39:00,Operations,5100,Office Supplies,"Gardner, Perry and Cruz",706.88,Denise Elliott,Elizabeth Boyle,PO839093,INV896967,706.88,706.88,706.88,none
100211,2024-01-04,16:47:00,2024-01-04 16:47:00,Sales,6000,Vendor Payments,Murphy Inc,17451.8,Patricia Perry,Christopher Chung,PO589880,INV353778,17451.8,17451.8,17451.8,none
103316,2024-01-04,16:53:00,2024-01-04 16:53:00,Marketing,6000,Vendor Payments,"Gardner, Perry and Cruz",24482.96,Sergio Arroyo,James Dennis,PO488597,INV221260,24482.96,24482.96,24482.96,none
100671,2024-01-04,18:04:00,2024-01-04 18:04:00,Finance,5000,Raw Materials Expense,"Dixon, Jackson and Benjamin",6007.63,Austin Cohen,Janice Bush,PO142117,INV251960,6007.63,6007.63,6007.63,none
100718,2024-01-04,18:33:00,2024-01-04 18:33:00,HR,5300,Professional Fees,Murphy Inc,10825.18,Leslie Robinson,Autumn Reed,PO155155,INV555724,10825.18,10825.18,10825.18,none
101431,2024-01-05,09:17:00,2024-01-05 09:17:00,HR,5100,Office Supplies,Smith-Wise,13321.51,Nicole Clarke,Jeffrey Hancock,PO459745,INV846588,13321.51,13321.51,13321.51,none
104542,2024-01-05,09:36:00,2024-01-05 09:36:00,Operations,5400,IT & Software,Evans Ltd,12116.98,Tanner Avila,Lawrence Davis,PO13994,INV342970,12116.98,12116.98,12116.98,none
100796,2024-01-05,09:37:00,2024-01-05 09:37:00,Operations,5200,Travel & Entertainment,Rogers Ltd,10770.66,Gerald Freeman,Patricia Perry,PO976772,INV681535,10770.66,10770.66,10770.66,none
101562,2024-01-05,10:34:00,2024-01-05 10:34:00,Procurement,5200,Travel & Entertainment,Lopez Ltd,6947.5,Taylor Carroll,Autumn Reed,PO445075,INV786387,6947.5,6947.5,6947.5,none
103247,2024-01-05,10:48:00,2024-01-05 10:48:00,Operations,5400,IT & Software,Francis-Burke,6056.63,Kyle King,Michael Fox,PO62085,INV995489,6056.63,6056.63,6056.63,none
103202,2024-01-05,11:01:00,2024-01-05 11:01:00,Sales,5400,IT & Software,Lopez Ltd,3105.35,Mary Harrison,James Dennis,PO205709,INV502756,3105.35,3105.35,3105.35,none
103046,2024-01-05,11:29:00,2024-01-05 11:29:00,Sales,6000,Vendor Payments,"Decker, Eaton and Arnold",9436.29,Michael Macdonald,Patricia Lopez,PO250282,INV403586,9436.29,9436.29,9436.29,none
102089,2024-01-05,11:33:00,2024-01-05 11:33:00,Sales,6000,Vendor Payments,"Decker, Eaton and Arnold",2631.31,Patricia Lopez,Timothy Johnson,PO452602,INV290403,2631.31,2631.31,2631.31,none
103035,2024-01-05,12:10:00,2024-01-05 12:10:00,Operations,5300,Professional Fees,Torres-Mendoza,14216.84,Gerald Freeman,Christine Gonzales,PO964044,INV499000,14216.84,14216.84,14216.84,none
102074,2024-01-05,12:20:00,2024-01-05 12:20:00,Procurement,5400,IT & Software,Harper-Hernandez,17529.34,Brittany Jackson,Thomas Martin,PO285977,INV494657,17529.34,17529.34,17529.34,none
100378,2024-01-05,12:32:00,2024-01-05 12:32:00,Marketing,5500,Utilities,"Gardner, Perry and Cruz",14454.34,Nicole Chavez,Gerald Freeman,PO210656,INV80453,14454.34,14454.34,14454.34,none
101351,2024-01-05,13:18:00,2024-01-05 13:18:00,Marketing,6000,Vendor Payments,Stewart-Russell,3447.77,Sergio Arroyo,Michael Rivas,PO506164,INV366477,3447.77,3447.77,3447.77,none
104519,2024-01-05,13:30:00,2024-01-05 13:30:00,Procurement,5000,Raw Materials Expense,Stevens-Gibson,14672.98,Leslie Robinson,Sean Kelly,PO400091,INV314302,14672.98,14672.98,14672.98,none
104816,2024-01-05,14:58:00,2024-01-05 14:58:00,Procurement,5400,IT & Software,Jones Inc,3635.56,Austin Cohen,Donald Ferguson,PO63898,INV327009,3635.56,3635.56,3635.56,duplicate_payment
104356,2024-01-05,15:04:00,2024-01-05 15:04:00,Procurement,5400,IT & Software,Davidson-Frank,10639.32,Sergio Arroyo,Jeffrey Hancock,PO764360,INV305663,10639.32,10639.32,10639.32,none
104652,2024-01-05,15:17:00,2024-01-05 15:17:00,Operations,6000,Vendor Payments,Schneider-Clark,7247.82,Tanner Avila,Lindsey Lewis,PO713897,INV39062,7247.82,7247.82,7247.82,none
103023,2024-01-05,15:18:00,2024-01-05 15:18:00,Procurement,5100,Office Supplies,Schneider-Clark,21872.42,Nicole Chavez,Lindsey Lewis,PO542629,INV349632,21872.42,21872.42,21872.42,none
100779,2024-01-05,15:51:00,2024-01-05 15:51:00,IT,5300,Professional Fees,Torres-Mendoza,9402.37,Corey Jones,Michael Fox,PO90164,INV175183,9402.37,9402.37,9402.37,none
104052,2024-01-05,16:01:00,2024-01-05 16:01:00,Sales,6000,Vendor Payments,Willis Group,9694.33,Dawn Hall,Michael Macdonald,PO819113,INV808534,9694.33,9694.33,9694.33,none
100049,2024-01-05,17:19:00,2024-01-05 17:19:00,HR,5500,Utilities,"Morton, Reynolds and Anderson",11690.82,Mary Harrison,Joy Hernandez,PO519810,INV583240,11690.82,11690.82,11690.82,none
101495,2024-01-05,17:45:00,2024-01-05 17:45:00,Marketing,5300,Professional Fees,Smith-Wise,21211.93,Timothy Johnson,Elizabeth Shea,PO135723,INV637428,21211.93,21211.93,21211.93,none
104223,2024-01-05,18:27:00,2024-01-05 18:27:00,Finance,5500,Utilities,Larson PLC,15354.82,Gary Mays,Michael Rivas,PO946289,INV769059,15354.82,15354.82,15354.82,none
103781,2024-01-05,18:34:00,2024-01-05 18:34:00,HR,5500,Utilities,Reyes-Glover,8709.5,Tanner Avila,Gary Stone,PO763035,INV473335,8709.5,8709.5,8709.5,none
102810,2024-01-05,18:42:00,2024-01-05 18:42:00,Operations,5500,Utilities,Nichols LLC,26349.29,Elizabeth Shea,Christine Gonzales,PO351559,INV738092,26349.29,26349.29,26349.29,none
104313,2024-01-05,18:49:00,2024-01-05 18:49:00,Operations,5000,Raw Materials Expense,"Decker, Eaton and Arnold",21622.97,Lindsey Lewis,Patricia Perry,PO63218,INV715598,21622.97,21622.97,21622.97,none
100162,2024-01-05,18:55:00,2024-01-05 18:55:00,IT,5200,Travel & Entertainment,"Jefferson, Sullivan and Young",3822.26,Kyle King,Gary Stone,PO592191,INV17261,3822.26,3822.26,3822.26,none
104387,2024-01-08,10:57:00,2024-01-08 10:57:00,IT,5100,Office Supplies,Mora-Lynn,22960.05,Elizabeth Boyle,Michael Fox,PO258288,INV778109,22960.05,22960.05,22960.05,none
101834,2024-01-08,11:07:00,2024-01-08 11:07:00,Marketing,5100,Office Supplies,White-Thomas,49065.59,Patricia Lopez,Corey Jones,PO435861,INV803096,49065.59,49065.59,49065.59,none
101904,2024-01-08,12:17:00,2024-01-08 12:17:00,IT,5400,IT & Software,"Cherry, Martin and Compton",15343.04,James Dennis,Dawn Hall,PO858699,INV936807,15343.04,15343.04,15343.04,none
103394,2024-01-08,13:06:00,2024-01-08 13:06:00,Operations,5200,Travel & Entertainment,Torres-Mendoza,10350.41,Corey Jones,Alyssa Jackson,PO926455,INV365546,10350.41,10350.41,10350.41,none
102939,2024-01-08,14:15:00,2024-01-08 14:15:00,HR,5400,IT & Software,Young Inc,16274.87,Alyssa Jackson,Sean Kelly,PO441609,INV415039,16274.87,16274.87,16274.87,none
102709,2024-01-08,14:34:00,2024-01-08 14:34:00,IT,5100,Office Supplies,Reyes-Glover,21091.94,Kyle King,Dawn Hall,PO565649,INV946010,21091.94,21091.94,21091.94,none
100843,2024-01-08,14:44:00,2024-01-08 14:44:00,Procurement,5100,Office Supplies,Davidson-Frank,8907.32,Denise Elliott,Michael Fox,PO875633,INV667893,8907.32,8907.32,8907.32,none
100332,2024-01-08,14:50:00,2024-01-08 14:50:00,Sales,5500,Utilities,Jones Ltd,39723.36,Michael Rivas,Patricia Lopez,PO150948,INV728170,39723.36,39723.36,39723.36,none
101632,2024-01-08,14:52:00,2024-01-08 14:52:00,Sales,5200,Travel & Entertainment,Young Inc,9572.4,Leslie Robinson,Timothy Johnson,PO769000,INV463273,9572.4,9572.4,9572.4,none
103595,2024-01-08,15:11:00,2024-01-08 15:11:00,HR,5200,Travel & Entertainment,Cowan-Powers,11341.87,Gerald Freeman,Nicole Chavez,PO390763,INV693565,11341.87,11341.87,11341.87,none
101927,2024-01-08,15:26:00,2024-01-08 15:26:00,IT,5100,Office Supplies,White-Thomas,36703.44,Timothy Johnson,Dawn Hall,PO904780,INV108863,36703.44,36703.44,36703.44,none
101389,2024-01-08,15:41:00,2024-01-08 15:41:00,Sales,5000,Raw Materials Expense,"Howard, Tucker and Flores",11154.75,Elizabeth Boyle,Patricia Lopez,PO298024,INV144070,11154.75,11154.75,11154.75,none
103968,2024-01-08,16:51:00,2024-01-08 16:51:00,Operations,5400,IT & Software,Harris PLC,11117.54,Gerald Freeman,Jeffrey Hancock,PO965235,INV759168,11117.54,11117.54,11117.54,none
103698,2024-01-08,17:02:00,2024-01-08 17:02:00,Marketing,5300,Professional Fees,Gross-Morrison,22667.51,Kyle King,Elizabeth Shea,PO588637,INV273987,22667.51,22667.51,22667.51,none
100139,2024-01-08,17:26:00,2024-01-08 17:26:00,Sales,5500,Utilities,Hughes-Nichols,22155.83,Michael Fox,Sean Kelly,PO676963,INV360230,22155.83,22155.83,22155.83,none
102675,2024-01-08,17:30:00,2024-01-08 17:30:00,Operations,5200,Travel & Entertainment,Harris PLC,7118.75,Nicole Chavez,James Dennis,PO148117,INV574050,7118.75,7118.75,7118.75,none
101503,2024-01-08,18:12:00,2024-01-08 18:12:00,IT,5400,IT & Software,"Smith, Montgomery and Reyes",28572.92,Austin Cohen,Michael Macdonald,PO981599,INV749545,28572.92,28572.92,28572.92,none
102353,2024-01-09,09:18:00,2024-01-09 09:18:00,IT,5000,Raw Materials Expense,Mays-Ortega,6605.6,Leslie Robinson,Thomas Martin,PO127451,INV860105,6605.6,6605.6,6605.6,none
100992,2024-01-09,09:21:00,2024-01-09 09:21:00,HR,5500,Utilities,"Morton, Reynolds and Anderson",14627.68,Nicole Clarke,Janice Bush,PO759081,INV180756,14627.68,14627.68,14627.68,none
104498,2024-01-09,09:57:00,2024-01-09 09:57:00,IT,5500,Utilities,"Dixon, Jackson and Benjamin",12422.67,Brittany Jackson,Donald Ferguson,PO196969,INV514970,12422.67,12422.67,12422.67,none
102568,2024-01-09,10:06:00,2024-01-09 10:06:00,Finance,5300,Professional Fees,"Gardner, Perry and Cruz",11426.94,Tanner Avila,Sean Kelly,PO123216,INV935489,11426.94,11426.94,11426.94,none
102814,2024-01-09,10:14:00,2024-01-09 10:14:00,Sales,6000,Vendor Payments,"Smith, Montgomery and Reyes",7791.76,Timothy Johnson,Nicole Clarke,PO843244,INV236200,7791.76,7791.76,7791.76,none
100108,2024-01-09,10:18:00,2024-01-09 10:18:00,Operations,5500,Utilities,Stewart-Russell,35184.22,Nicole Clarke,Alyssa Jackson,PO704201,INV233382,35184.22,35184.22,35184.22,none
103540,2024-01-09,11:56:00,2024-01-09 11:56:00,Procurement,5300,Professional Fees,"Yang, Weber and Nielsen",19748.95,Michael Fox,James Dennis,PO71608,INV249443,19748.95,19748.95,19748.95,none
102446,2024-01-09,12:57:00,2024-01-09 12:57:00,Marketing,5200,Travel & Entertainment,Gross-Morrison,10615.93,Lawrence Davis,Denise Elliott,PO408886,INV700705,10615.93,10615.93,10615.93,none
102794,2024-01-09,13:19:00,2024-01-09 13:19:00,IT,5400,IT & Software,Gross-Morrison,4802.13,Lindsey Lewis,Donna Weber,PO216121,INV971913,4802.13,4802.13,4802.13,none
100310,2024-01-09,14:21:00,2024-01-09 14:21:00,HR,5400,IT & Software,Francis-Burke,2982.22,Sean Kelly,Michael Fox,PO952494,INV148383,2982.22,2982.22,2982.22,none
103302,2024-01-09,14:24:00,2024-01-09 14:24:00,Marketing,6000,Vendor Payments,Evans Ltd,38606.49,Christine Gonzales,Gary Mays,PO816033,INV308306,38606.49,38606.49,38606.49,none
101817,2024-01-09,14:34:00,2024-01-09 14:34:00,HR,5500,Utilities,"Gardner, Perry and Cruz",6766.94,Lindsey Lewis,Gary Stone,PO183926,INV848306,6766.94,6766.94,6766.94,none
101580,2024-01-09,14:35:00,2024-01-09 14:35:00,Procurement,5100,Office Supplies,Humphrey-Berg,16199.83,Autumn Reed,James Dennis,PO884597,INV882880,16199.83,16199.83,16199.83,none
104464,2024-01-09,14:45:00,2024-01-09 14:45:00,IT,5500,Utilities,"Durham, Bowen and Hess",29647.1,Brittany Jackson,Sean Kelly,PO888768,INV59952,29647.1,29647.1,29647.1,none
104301,2024-01-09,15:09:00,2024-01-09 15:09:00,Operations,5000,Raw Materials Expense,Hopkins Inc,20725.45,Jeffrey Hancock,Christopher Chung,PO283413,INV487190,20725.45,20725.45,20725.45,none
101884,2024-01-09,16:46:00,2024-01-09 16:46:00,Finance,5300,Professional Fees,Powers Group,15955.88,Sergio Arroyo,Christina Miller,PO692222,INV33040,15955.88,15955.88,15955.88,none
103790,2024-01-09,17:07:00,2024-01-09 17:07:00,Finance,5100,Office Supplies,Ballard-Jenkins,40087.28,Donald Ferguson,Elizabeth Shea,PO804194,INV943059,40087.28,40087.28,40087.28,none
103666,2024-01-09,17:28:00,2024-01-09 17:28:00,Operations,6000,Vendor Payments,Smith-Wise,3310.11,Sean Kelly,Gary Stone,PO14470,INV121225,3310.11,3310.11,3310.11,none
101552,2024-01-09,17:42:00,2024-01-09 17:42:00,Finance,5100,Office Supplies,Scott-Bailey,4427.15,Gary Stone,Patricia Lopez,PO156725,INV895025,4427.15,4427.15,4427.15,none
100380,2024-01-09,17:46:00,2024-01-09 17:46:00,Procurement,5400,IT & Software,Larson PLC,12397.27,Michael Macdonald,Autumn Reed,PO892630,INV606136,12397.27,12397.27,12397.27,none
102745,2024-01-09,18:17:00,2024-01-09 18:17:00,Operations,5300,Professional Fees,"Durham, Bowen and Hess",17286.63,Elizabeth Boyle,Donna Weber,PO578332,INV151856,17286.63,17286.63,17286.63,none
102067,2024-01-09,18:27:00,2024-01-09 18:27:00,HR,5000,Raw Materials Expense,Becker-Martinez,7730.41,Christina Miller,Dawn Hall,PO939610,INV280734,7730.41,7730.41,7730.41,none
104589,2024-01-10,10:29:00,2024-01-10 10:29:00,Procurement,5100,Office Supplies,Evans Ltd,11474.09,Brittany Jackson,Jeffrey Hancock,PO434039,INV569745,11474.09,11474.09,11474.09,none
101268,2024-01-10,10:42:00,2024-01-10 10:42:00,HR,6000,Vendor Payments,Gomez Ltd,14189.18,Sean Kelly,Joy Hernandez,PO625650,INV63902,14189.18,14189.18,14189.18,none
102054,2024-01-10,12:13:00,2024-01-10 12:13:00,IT,6000,Vendor Payments,Tucker Group,83203.45,Anita Harris,Gary Stone,PO243295,INV317537,83203.45,83203.45,83203.45,none
103626,2024-01-10,12:39:00,2024-01-10 12:39:00,Sales,5000,Raw Materials Expense,Smith-Wise,10943.41,Patricia Perry,Donna Weber,PO582576,INV666573,10943.41,10943.41,10943.41,none
104745,2024-01-10,13:20:00,2024-01-10 13:20:00,Sales,5500,Utilities,Smith-Parker,6068.39,Kyle King,Taylor Carroll,PO9643,INV97579,6068.39,6068.39,6068.39,none
104423,2024-01-10,13:20:00,2024-01-10 13:20:00,IT,5300,Professional Fees,Smith-Parker,6227.6,Joy Hernandez,Elizabeth Boyle,PO688565,INV534099,6227.6,6227.6,6227.6,none
102252,2024-01-10,13:24:00,2024-01-10 13:24:00,Sales,6000,Vendor Payments,"Robles, Moses and Morgan",10211.23,Mary Harrison,Autumn Reed,PO79994,INV705299,10211.23,10211.23,10211.23,none
100849,2024-01-10,13:55:00,2024-01-10 13:55:00,Operations,5500,Utilities,Cowan-Powers,7042.5,Dawn Hall,Jeffrey Hancock,PO893259,INV427297,7042.5,7042.5,7042.5,none
103770,2024-01-10,14:14:00,2024-01-10 14:14:00,Marketing,5500,Utilities,Hopkins Inc,3640.49,Gerald Freeman,Denise Elliott,PO237680,INV792689,3640.49,3640.49,3640.49,none
104568,2024-01-10,14:20:00,2024-01-10 14:20:00,Finance,5400,IT & Software,White-Thomas,12941.29,Donna Weber,Nicole Clarke,PO585812,INV775155,12941.29,12941.29,12941.29,none
104799,2024-01-10,16:44:00,2024-01-10 16:44:00,Sales,5400,IT & Software,"Morton, Reynolds and Anderson",5043.19,Mary Harrison,James Dennis,PO336099,INV509781,5043.19,5043.19,5043.19,none
100995,2024-01-10,16:58:00,2024-01-10 16:58:00,Procurement,5000,Raw Materials Expense,Pearson PLC,14288.75,Denise Elliott,Christina Miller,PO194694,INV32570,14288.75,14288.75,14288.75,none
101527,2024-01-10,18:12:00,2024-01-10 18:12:00,Finance,5100,Office Supplies,"Robles, Moses and Morgan",16484.22,Denise Elliott,Alyssa Jackson,PO937224,INV508380,16484.22,16484.22,16484.22,none
101784,2024-01-11,09:01:00,2024-01-11 09:01:00,Finance,5300,Professional Fees,Smith-Wise,6011.74,Michael Fox,James Dennis,PO296799,INV240880,6011.74,6011.74,6011.74,none
103442,2024-01-11,09:35:00,2024-01-11 09:35:00,Sales,6000,Vendor Payments,Young Inc,8315.78,Autumn Reed,Nicole Chavez,PO502233,INV589104,8315.78,8315.78,8315.78,none
101879,2024-01-11,09:47:00,2024-01-11 09:47:00,Procurement,5000,Raw Materials Expense,Rivera-Charles,13067.03,Christina Miller,Michael Macdonald,PO287904,INV915433,13067.03,13067.03,13067.03,none
102509,2024-01-11,10:08:00,2024-01-11 10:08:00,Operations,5000,Raw Materials Expense,"Duncan, Graham and Stark",2482.75,Lawrence Davis,Nicole Clarke,PO307953,INV920655,2482.75,2482.75,2482.75,none
103230,2024-01-11,11:00:00,2024-01-11 11:00:00,HR,5200,Travel & Entertainment,Rogers Ltd,22752.01,Gary Stone,Corey Jones,PO76448,INV641711,22752.01,22752.01,22752.01,none
101712,2024-01-11,11:16:00,2024-01-11 11:16:00,Procurement,5500,Utilities,Smith-Wise,15371.96,Tanner Avila,Christopher Chung,PO660503,INV263027,15371.96,15371.96,15371.96,none
101331,2024-01-11,11:24:00,2024-01-11 11:24:00,Sales,5000,Raw Materials Expense,"White, Tucker and Wolf",11592.52,Michael Rivas,Jeffrey Hancock,PO524446,INV853081,11592.52,11592.52,11592.52,none
101933,2024-01-11,11:50:00,2024-01-11 11:50:00,IT,5000,Raw Materials Expense,"White, Tucker and Wolf",12029.8,Elizabeth Boyle,Taylor Carroll,PO304547,INV301279,12029.8,12029.8,12029.8,none
103661,2024-01-11,13:15:00,2024-01-11 13:15:00,IT,5300,Professional Fees,Willis Group,15923.64,Janice Bush,Brittany Jackson,PO24082,INV342512,15923.64,15923.64,15923.64,none
100130,2024-01-11,13:36:00,2024-01-11 13:36:00,Procurement,5000,Raw Materials Expense,"Gardner, Perry and Cruz",26312.48,Sean Kelly,Taylor Carroll,PO196103,INV699349,26312.48,26312.48,26312.48,none
102842,2024-01-11,13:37:00,2024-01-11 13:37:00,IT,5300,Professional Fees,"Mills, Crane and Kim",22867.65,Michael Rivas,Donna Weber,PO855767,INV985512,22867.65,22867.65,22867.65,none
100537,2024-01-11,14:16:00,2024-01-11 14:16:00,Operations,5000,Raw Materials Expense,Stevens-Gibson,4499.89,Donna Weber,Michael Fox,PO938442,INV40576,4499.89,4499.89,4499.89,none
100562,2024-01-11,14:52:00,2024-01-11 14:52:00,IT,5300,Professional Fees,Becker-Martinez,6132.38,Gary Stone,Brittany Jackson,PO771510,INV682888,6132.38,6132.38,6132.38,none
100760,2024-01-11,15:07:00,2024-01-11 15:07:00,Finance,5400,IT & Software,Larson PLC,4112.43,Michael Rivas,Dawn Hall,PO97729,INV925439,4112.43,4112.43,4112.43,none
104630,2024-01-11,15:50:00,2024-01-11 15:50:00,Operations,5000,Raw Materials Expense,"Yang, Weber and Nielsen",8348.8,James Dennis,Mary Harrison,PO249453,INV918857,8348.8,8348.8,8348.8,none
102224,2024-01-11,15:51:00,2024-01-11 15:51:00,Sales,5200,Travel & Entertainment,"Martin, Brewer and Young",23674.01,Patricia Lopez,Kyle King,PO659300,INV697285,23674.01,23674.01,23674.01,none
100258,2024-01-11,15:55:00,2024-01-11 15:55:00,HR,5400,IT & Software,"Flores, Hood and Brown",1850.9,Christina Miller,Sean Kelly,PO353449,INV537930,1850.9,1850.9,1850.9,none
104557,2024-01-11,16:29:00,2024-01-11 16:29:00,Procurement,5200,Travel & Entertainment,"Yang, Weber and Nielsen",28013.76,Gary Mays,Sean Kelly,PO435373,INV967953,28013.76,28013.76,28013.76,none
103758,2024-01-11,16:34:00,2024-01-11 16:34:00,Marketing,5400,IT & Software,Larson PLC,8493.55,Kyle King,Gary Stone,PO294493,INV947960,8493.55,8493.55,8493.55,none
101799,2024-01-11,16:53:00,2024-01-11 16:53:00,Sales,5500,Utilities,"Hernandez, Hopkins and Houston",21084.45,Anita Harris,Austin Cohen,PO160947,INV991465,21084.45,21084.45,21084.45,none
103629,2024-01-11,17:09:00,2024-01-11 17:09:00,Operations,6000,Vendor Payments,Rogers Ltd,22552.58,Donna Weber,Tanner Avila,PO905377,INV70318,22552.58,22552.58,22552.58,none
102664,2024-01-11,17:56:00,2024-01-11 17:56:00,Sales,5200,Travel & Entertainment,Smith-Parker,13688.25,Jeffrey Hancock,Michael Fox,PO393968,INV135002,13688.25,13688.25,13688.25,none
102372,2024-01-11,17:57:00,2024-01-11 17:57:00,Procurement,5300,Professional Fees,Francis-Burke,30580.72,Dawn Hall,Alyssa Jackson,PO478297,INV45953,30580.72,30580.72,30580.72,none
102178,2024-01-11,18:03:00,2024-01-11 18:03:00,Operations,6000,Vendor Payments,Jones Inc,7340.08,Joy Hernandez,Michael Rivas,PO925521,INV254595,7340.08,7340.08,7340.08,none
102157,2024-01-11,18:30:00,2024-01-11 18:30:00,Marketing,5100,Office Supplies,Lopez Ltd,8875.01,Autumn Reed,Michael Fox,PO116333,INV592355,8875.01,8875.01,8875.01,none
102243,2024-01-11,18:44:00,2024-01-11 18:44:00,Operations,5300,Professional Fees,"Dixon, Jackson and Benjamin",23174.66,Corey Jones,Gerald Freeman,PO235560,INV588107,23174.66,23174.66,23174.66,none
100299,2024-01-12,10:25:00,2024-01-12 10:25:00,Operations,5300,Professional Fees,"Cherry, Martin and Compton",11514.61,Michael Fox,Christina Miller,PO580276,INV473841,11514.61,11514.61,11514.61,none
103924,2024-01-12,10:27:00,2024-01-12 10:27:00,Marketing,5100,Office Supplies,Mays-Ortega,10988.13,Tanner Avila,Alyssa Jackson,PO878530,INV566899,10988.13,10988.13,10988.13,none
100524,2024-01-12,11:37:00,2024-01-12 11:37:00,Sales,6000,Vendor Payments,"Durham, Bowen and Hess",21148.65,Elizabeth Boyle,Lindsey Lewis,PO349873,INV896049,21148.65,21148.65,21148.65,none
101541,2024-01-12,11:38:00,2024-01-12 11:38:00,Operations,5000,Raw Materials Expense,Smith-Wise,11818.23,Michael Macdonald,Sergio Arroyo,PO638161,INV92768,11818.23,11818.23,11818.23,none
102796,2024-01-12,11:41:00,2024-01-12 11:41:00,Procurement,5200,Travel & Entertainment,Harper-Hernandez,12453.34,Gerald Freeman,James Dennis,PO619154,INV273452,12453.34,12453.34,12453.34,none
104204,2024-01-12,12:05:00,2024-01-12 12:05:00,Finance,5500,Utilities,Harper-Hernandez,28755.83,Lawrence Davis,Denise Elliott,PO348318,INV767556,28755.83,28755.83,28755.83,none
104863,2024-01-12,12:09:00,2024-01-12 12:09:00,Operations,5100,Office Supplies,"Cherry, Martin and Compton",17611.43,Kyle King,Kyle King,PO900698,INV490252,17611.43,17611.43,17611.43,segregation_violation
103203,2024-01-12,12:12:00,2024-01-12 12:12:00,Sales,5200,Travel & Entertainment,Gross-Morrison,11102.6,Sean Kelly,Jeffrey Hancock,PO243285,INV688370,11102.6,11102.6,11102.6,none
104602,2024-01-12,12:45:00,2024-01-12 12:45:00,Marketing,5000,Raw Materials Expense,"Smith, Montgomery and Reyes",51739.16,Gary Stone,Sergio Arroyo,PO394905,INV432951,51739.16,51739.16,51739.16,none
104133,2024-01-12,13:26:00,2024-01-12 13:26:00,Finance,6000,Vendor Payments,Stevens-Gibson,9305.29,Sean Kelly,Patricia Perry,PO802644,INV138351,9305.29,9305.29,9305.29,none
100844,2024-01-12,14:13:00,2024-01-12 14:13:00,Marketing,5000,Raw Materials Expense,"Morton, Reynolds and Anderson",61548.41,Alyssa Jackson,Nicole Clarke,PO965706,INV176922,61548.41,61548.41,61548.41,none
102004,2024-01-12,14:39:00,2024-01-12 14:39:00,Sales,5100,Office Supplies,Davidson-Frank,11108.64,Mary Harrison,Christina Miller,PO159478,INV23243,11108.64,11108.64,11108.64,none
104497,2024-01-12,15:06:00,2024-01-12 15:06:00,Finance,5500,Utilities,Reyes-Glover,5740.7,Mary Harrison,Jeffrey Hancock,PO122312,INV437501,5740.7,5740.7,5740.7,none
103164,2024-01-12,15:15:00,2024-01-12 15:15:00,Procurement,5200,Travel & Entertainment,"Durham, Bowen and Hess",11308.5,Christopher Chung,Donna Weber,PO702373,INV942557,11308.5,11308.5,11308.5,none
104675,2024-01-12,15:52:00,2024-01-12 15:52:00,HR,5100,Office Supplies,Murphy Inc,7670.1,Gary Stone,Kyle King,PO351381,INV543357,7670.1,7670.1,7670.1,none
103890,2024-01-12,15:59:00,2024-01-12 15:59:00,Finance,5300,Professional Fees,Davidson-Frank,23418.14,Janice Bush,Taylor Carroll,PO146550,INV486836,23418.14,23418.14,23418.14,none
102704,2024-01-12,16:50:00,2024-01-12 16:50:00,HR,5500,Utilities,"Yang, Weber and Nielsen",7017.62,Michael Macdonald,Thomas Martin,PO570957,INV238839,7017.62,7017.62,7017.62,none
102809,2024-01-12,17:43:00,2024-01-12 17:43:00,Marketing,5200,Travel & Entertainment,"White, Tucker and Wolf",15287.0,Jeffrey Hancock,Donald Ferguson,PO252950,INV819339,15287.0,15287.0,15287.0,none
103096,2024-01-12,17:44:00,2024-01-12 17:44:00,Procurement,5100,Office Supplies,"Duncan, Graham and Stark",11175.14,Patricia Perry,Brittany Jackson,PO859585,INV684716,11175.14,11175.14,11175.14,none
102333,2024-01-12,18:30:00,2024-01-12 18:30:00,HR,5500,Utilities,Larson PLC,17472.9,Gary Stone,Patricia Perry,PO925418,INV523733,17472.9,17472.9,17472.9,none
101358,2024-01-12,18:50:00,2024-01-12 18:50:00,Sales,5300,Professional Fees,Mora-Lynn,24313.69,Kyle King,Janice Bush,PO863919,INV790721,24313.69,24313.69,24313.69,none
104845,2024-01-13,18:59:00,2024-01-13 18:59:00,Operations,5000,Raw Materials Expense,"Durham, Bowen and Hess",11182.55,James Dennis,Jeffrey Hancock,PO347612,INV763649,11182.55,11182.55,11182.55,weekend_posting
105002,2024-01-14,14:58:00,2024-01-14 14:58:00,Procurement,5400,IT & Software,Jones Inc,3635.56,Austin Cohen,Donald Ferguson,PO63898,INV327009,3635.56,3635.56,3635.56,duplicate_payment
103342,2024-01-15,09:07:00,2024-01-15 09:07:00,Finance,5000,Raw Materials Expense,Davidson-Frank,36105.32,Timothy Johnson,Sean Kelly,PO728308,INV65865,36105.32,36105.32,36105.32,none
101385,2024-01-15,09:21:00,2024-01-15 09:21:00,Sales,5100,Office Supplies,Reyes-Glover,14097.27,Thomas Martin,Tanner Avila,PO461130,INV831343,14097.27,14097.27,14097.27,none
102094,2024-01-15,09:21:00,2024-01-15 09:21:00,Finance,6000,Vendor Payments,Murphy Inc,10735.84,Mary Harrison,Elizabeth Boyle,PO640359,INV830965,10735.84,10735.84,10735.84,none
101445,2024-01-15,11:59:00,2024-01-15 11:59:00,IT,5500,Utilities,Reyes-Glover,1486.82,Jeffrey Hancock,Alyssa Jackson,PO337795,INV952579,1486.82,1486.82,1486.82,none
104447,2024-01-15,12:30:00,2024-01-15 12:30:00,Marketing,5100,Office Supplies,"Hernandez, Hopkins and Houston",25860.73,Anita Harris,Michael Rivas,PO524669,INV384895,25860.73,25860.73,25860.73,none
102385,2024-01-15,12:42:00,2024-01-15 12:42:00,Procurement,6000,Vendor Payments,Mora-Lynn,10650.73,Donna Weber,Christopher Chung,PO407620,INV610426,10650.73,10650.73,10650.73,none
103072,2024-01-15,13:15:00,2024-01-15 13:15:00,Marketing,5100,Office Supplies,"Nelson, Duncan and Smith",21577.11,Joy Hernandez,Gary Mays,PO633581,INV903557,21577.11,21577.11,21577.11,none
104167,2024-01-15,14:34:00,2024-01-15 14:34:00,Operations,5000,Raw Materials Expense,Smith-Wise,6727.86,Donna Weber,Christopher Chung,PO757216,INV48801,6727.86,6727.86,6727.86,none
102298,2024-01-15,15:05:00,2024-01-15 15:05:00,Finance,5100,Office Supplies,Lopez Ltd,19428.28,Patricia Perry,Thomas Martin,PO438998,INV446595,19428.28,19428.28,19428.28,none
102319,2024-01-15,16:38:00,2024-01-15 16:38:00,Finance,5300,Professional Fees,"Mills, Crane and Kim",16511.45,Patricia Perry,Anita Harris,PO803248,INV760348,16511.45,16511.45,16511.45,none
101116,2024-01-15,18:02:00,2024-01-15 18:02:00,Finance,6000,Vendor Payments,Powers Group,7209.53,Elizabeth Boyle,Lindsey Lewis,PO18001,INV464646,7209.53,7209.53,7209.53,none
102887,2024-01-15,18:26:00,2024-01-15 18:26:00,Procurement,6000,Vendor Payments,Raymond-Lucas,13972.73,Patricia Perry,Gary Stone,PO929719,INV60561,13972.73,13972.73,13972.73,none
102180,2024-01-15,18:36:00,2024-01-15 18:36:00,Procurement,5000,Raw Materials Expense,"Yang, Weber and Nielsen",1248.07,Brittany Jackson,Michael Fox,PO275107,INV621082,1248.07,1248.07,1248.07,none
100138,2024-01-15,18:51:00,2024-01-15 18:51:00,Finance,5300,Professional Fees,"Cherry, Martin and Compton",7726.13,Nicole Clarke,Austin Cohen,PO761558,INV921533,7726.13,7726.13,7726.13,none
101849,2024-01-15,18:57:00,2024-01-15 18:57:00,Sales,5400,IT & Software,Harper-Hernandez,11480.7,Christina Miller,Gerald Freeman,PO203494,INV329471,11480.7,11480.7,11480.7,none
103413,2024-01-16,09:06:00,2024-01-16 09:06:00,Finance,5300,Professional Fees,Smith-Wise,26475.72,Taylor Carroll,Elizabeth Boyle,PO213275,INV835972,26475.72,26475.72,26475.72,none
103823,2024-01-16,09:45:00,2024-01-16 09:45:00,Procurement,5100,Office Supplies,Larson PLC,13510.45,James Dennis,Austin Cohen,PO18363,INV447215,13510.45,13510.45,13510.45,none
102597,2024-01-16,10:20:00,2024-01-16 10:20:00,Procurement,6000,Vendor Payments,Rogers Ltd,20729.42,Thomas Martin,Donna Weber,PO399478,INV826718,20729.42,20729.42,20729.42,none
102678,2024-01-16,11:30:00,2024-01-16 11:30:00,Sales,5100,Office Supplies,"Nelson, Duncan and Smith",12423.25,Michael Fox,Joy Hernandez,PO136365,INV960681,12423.25,12423.25,12423.25,none
104389,2024-01-16,11:44:00,2024-01-16 11:44:00,Marketing,5400,IT & Software,"Silva, Jones and Oliver",10280.87,Gary Stone,Denise Elliott,PO926546,INV959556,10280.87,10280.87,10280.87,none
103563,2024-01-16,11:47:00,2024-01-16 11:47:00,Procurement,5100,Office Supplies,"Nelson, Duncan and Smith",7383.35,Patricia Lopez,Leslie Robinson,PO448901,INV848232,7383.35,7383.35,7383.35,none
100272,2024-01-16,11:54:00,2024-01-16 11:54:00,IT,5300,Professional Fees,Humphrey-Berg,12706.54,Christina Miller,Gerald Freeman,PO117577,INV224668,12706.54,12706.54,12706.54,none
103313,2024-01-16,13:31:00,2024-01-16 13:31:00,Sales,5100,Office Supplies,"Robles, Moses and Morgan",5319.6,Patricia Perry,Anita Harris,PO558240,INV570145,5319.6,5319.6,5319.6,none
104048,2024-01-16,14:06:00,2024-01-16 14:06:00,HR,5400,IT & Software,Evans Ltd,13459.09,James Dennis,Lindsey Lewis,PO74813,INV935240,13459.09,13459.09,13459.09,none
102388,2024-01-16,15:04:00,2024-01-16 15:04:00,Finance,5300,Professional Fees,Miller LLC,8579.96,Nicole Chavez,Alyssa Jackson,PO528302,INV892858,8579.96,8579.96,8579.96,none
100504,2024-01-16,15:54:00,2024-01-16 15:54:00,Operations,5400,IT & Software,Gomez Ltd,60662.33,Michael Fox,Michael Rivas,PO367320,INV907527,60662.33,60662.33,60662.33,none
101235,2024-01-16,16:09:00,2024-01-16 16:09:00,Operations,5300,Professional Fees,"Durham, Bowen and Hess",16772.14,Joy Hernandez,Dawn Hall,PO373859,INV286664,16772.14,16772.14,16772.14,none
101291,2024-01-16,16:43:00,2024-01-16 16:43:00,Operations,5400,IT & Software,Reyes-Glover,21961.29,Nicole Chavez,Janice Bush,PO809171,INV199721,21961.29,21961.29,21961.29,none
102173,2024-01-16,16:46:00,2024-01-16 16:46:00,Sales,5100,Office Supplies,Evans Ltd,22040.92,Patricia Lopez,Leslie Robinson,PO643868,INV925752,22040.92,22040.92,22040.92,none
103691,2024-01-16,17:40:00,2024-01-16 17:40:00,Finance,5000,Raw Materials Expense,"Hernandez, Hopkins and Houston",22486.61,Lindsey Lewis,James Dennis,PO971555,INV84634,22486.61,22486.61,22486.61,none
103105,2024-01-16,17:41:00,2024-01-16 17:41:00,Marketing,5300,Professional Fees,"Gardner, Perry and Cruz",27693.68,Jeffrey Hancock,Thomas Martin,PO231197,INV384286,27693.68,27693.68,27693.68,none
103157,2024-01-16,17:43:00,2024-01-16 17:43:00,IT,6000,Vendor Payments,"Dixon, Jackson and Benjamin",26630.21,Christopher Chung,Michael Fox,PO884810,INV575379,26630.21,26630.21,26630.21,none
102672,2024-01-16,17:51:00,2024-01-16 17:51:00,IT,5000,Raw Materials Expense,Lopez Ltd,21312.8,Sean Kelly,Tanner Avila,PO853812,INV771516,21312.8,21312.8,21312.8,none
102952,2024-01-16,17:53:00,2024-01-16 17:53:00,Operations,5300,Professional Fees,"Dixon, Jackson and Benjamin",23483.61,Austin Cohen,Donna Weber,PO355052,INV923940,23483.61,23483.61,23483.61,none
102839,2024-01-17,09:17:00,2024-01-17 09:17:00,Marketing,5100,Office Supplies,"Smith, Montgomery and Reyes",18313.43,Corey Jones,Thomas Martin,PO830772,INV447586,18313.43,18313.43,18313.43,none
103468,2024-01-17,09:29:00,2024-01-17 09:29:00,Finance,5500,Utilities,"Silva, Jones and Oliver",23056.0,Kyle King,Austin Cohen,PO72733,INV992285,23056.0,23056.0,23056.0,none
104961,2024-01-17,10:00:00,2024-01-17 10:00:00,Operations,5100,Office Supplies,Hopkins Inc,17239.75,James Dennis,Patricia Lopez,PO385795,INV752525,17239.75,20239.83,20239.83,three_way_mismatch
104018,2024-01-17,10:24:00,2024-01-17 10:24:00,Sales,5200,Travel & Entertainment,"Gardner, Perry and Cruz",33541.79,Taylor Carroll,Austin Cohen,PO145619,INV985472,33541.79,33541.79,33541.79,none
101942,2024-01-17,10:33:00,2024-01-17 10:33:00,Sales,5200,Travel & Entertainment,Young Inc,19370.98,Anita Harris,Michael Rivas,PO836759,INV436239,19370.98,19370.98,19370.98,none
101442,2024-01-17,11:31:00,2024-01-17 11:31:00,IT,5100,Office Supplies,"Silva, Jones and Oliver",13395.93,Joy Hernandez,Timothy Johnson,PO541095,INV655124,13395.93,13395.93,13395.93,none
100809,2024-01-17,12:06:00,2024-01-17 12:06:00,IT,5000,Raw Materials Expense,"Brown, Baker and Alvarado",24840.93,Elizabeth Shea,Leslie Robinson,PO366883,INV169085,24840.93,24840.93,24840.93,none
100438,2024-01-17,13:14:00,2024-01-17 13:14:00,Procurement,6000,Vendor Payments,Torres-Mendoza,7809.71,James Dennis,Michael Fox,PO561650,INV998740,7809.71,7809.71,7809.71,none
100909,2024-01-17,13:26:00,2024-01-17 13:26:00,HR,5000,Raw Materials Expense,"Silva, Jones and Oliver",25191.81,Michael Fox,Christopher Chung,PO931366,INV848494,25191.81,25191.81,25191.81,none
103769,2024-01-17,13:29:00,2024-01-17 13:29:00,IT,5000,Raw Materials Expense,"Mills, Crane and Kim",2095.3,Taylor Carroll,Kyle King,PO574148,INV36956,2095.3,2095.3,2095.3,none
103567,2024-01-17,13:37:00,2024-01-17 13:37:00,Marketing,5000,Raw Materials Expense,"Cherry, Martin and Compton",8406.76,Christopher Chung,Autumn Reed,PO282104,INV70875,8406.76,8406.76,8406.76,none
100013,2024-01-17,14:25:00,2024-01-17 14:25:00,IT,5200,Travel & Entertainment,Harper-Hernandez,35421.41,Lindsey Lewis,Lawrence Davis,PO665641,INV645250,35421.41,35421.41,35421.41,none
104289,2024-01-17,14:46:00,2024-01-17 14:46:00,IT,5300,Professional Fees,Gomez Ltd,13244.88,Michael Fox,Christine Gonzales,PO775984,INV300966,13244.88,13244.88,13244.88,none
100867,2024-01-17,15:48:00,2024-01-17 15:48:00,Operations,5100,Office Supplies,Hughes-Nichols,9053.65,Leslie Robinson,Lawrence Davis,PO449062,INV338351,9053.65,9053.65,9053.65,none
104679,2024-01-17,15:55:00,2024-01-17 15:55:00,HR,5200,Travel & Entertainment,"Decker, Eaton and Arnold",30623.41,Corey Jones,Lindsey Lewis,PO164245,INV531979,30623.41,30623.41,30623.41,none
100568,2024-01-17,16:03:00,2024-01-17 16:03:00,Marketing,5100,Office Supplies,Harper-Hernandez,11439.95,Lindsey Lewis,Michael Rivas,PO779683,INV843807,11439.95,11439.95,11439.95,none
102994,2024-01-17,16:04:00,2024-01-17 16:04:00,Marketing,5400,IT & Software,Tucker Group,9101.13,Leslie Robinson,Donna Weber,PO368954,INV461193,9101.13,9101.13,9101.13,none
103020,2024-01-17,16:18:00,2024-01-17 16:18:00,Operations,5500,Utilities,"Cherry, Martin and Compton",8337.48,Mary Harrison,Christopher Chung,PO258726,INV746286,8337.48,8337.48,8337.48,none
104793,2024-01-17,17:47:00,2024-01-17 17:47:00,IT,5000,Raw Materials Expense,"Duncan, Graham and Stark",3792.34,Patricia Perry,Taylor Carroll,PO413029,INV434580,3792.34,3792.34,3792.34,none
101362,2024-01-17,18:31:00,2024-01-17 18:31:00,Finance,5000,Raw Materials Expense,Hughes-Nichols,16743.95,Jeffrey Hancock,Sean Kelly,PO842840,INV97256,16743.95,16743.95,16743.95,none
100313,2024-01-17,18:44:00,2024-01-17 18:44:00,Operations,5100,Office Supplies,Nichols LLC,27160.48,Mary Harrison,Brittany Jackson,PO441069,INV626184,27160.48,27160.48,27160.48,none
102958,2024-01-18,09:12:00,2024-01-18 09:12:00,Operations,6000,Vendor Payments,"Nelson, Duncan and Smith",1572.28,Elizabeth Boyle,Jeffrey Hancock,PO267107,INV992596,1572.28,1572.28,1572.28,none
103029,2024-01-18,09:26:00,2024-01-18 09:26:00,Sales,5000,Raw Materials Expense,Humphrey-Berg,9305.78,Brittany Jackson,Nicole Chavez,PO103187,INV123315,9305.78,9305.78,9305.78,none
100950,2024-01-18,09:36:00,2024-01-18 09:36:00,HR,5200,Travel & Entertainment,Harris PLC,25008.29,Sergio Arroyo,Timothy Johnson,PO254767,INV538543,25008.29,25008.29,25008.29,none
104020,2024-01-18,10:12:00,2024-01-18 10:12:00,IT,5100,Office Supplies,Smith-Parker,13433.13,Taylor Carroll,Gary Stone,PO109344,INV595579,13433.13,13433.13,13433.13,none
101467,2024-01-18,10:15:00,2024-01-18 10:15:00,Finance,5400,IT & Software,Mora-Lynn,28244.44,Denise Elliott,Michael Macdonald,PO453966,INV873139,28244.44,28244.44,28244.44,none
101769,2024-01-18,11:57:00,2024-01-18 11:57:00,HR,5000,Raw Materials Expense,"Martin, Brewer and Young",22631.84,Jeffrey Hancock,James Dennis,PO979592,INV652357,22631.84,22631.84,22631.84,none
103118,2024-01-18,12:07:00,2024-01-18 12:07:00,IT,5500,Utilities,Reyes-Glover,22549.7,Nicole Clarke,Gerald Freeman,PO442525,INV28987,22549.7,22549.7,22549.7,none
101964,2024-01-18,13:26:00,2024-01-18 13:26:00,Sales,5200,Travel & Entertainment,"Morton, Reynolds and Anderson",60229.75,Brittany Jackson,Nicole Clarke,PO79071,INV314473,60229.75,60229.75,60229.75,none
101920,2024-01-18,13:41:00,2024-01-18 13:41:00,Finance,5200,Travel & Entertainment,Ballard-Jenkins,5605.32,Autumn Reed,Mary Harrison,PO8552,INV878978,5605.32,5605.32,5605.32,none
104949,2024-01-18,14:24:00,2024-01-18 14:24:00,Sales,6000,Vendor Payments,Francis-Burke,36589.42,Nicole Chavez,Nicole Chavez,PO974328,INV932025,36589.42,36589.42,36589.42,segregation_violation
103828,2024-01-18,14:39:00,2024-01-18 14:39:00,HR,5200,Travel & Entertainment,Gomez Ltd,7275.52,Lawrence Davis,Kyle King,PO572989,INV371394,7275.52,7275.52,7275.52,none
101417,2024-01-18,14:40:00,2024-01-18 14:40:00,Procurement,5500,Utilities,"Dixon, Jackson and Benjamin",4066.19,Tanner Avila,Lawrence Davis,PO148323,INV756479,4066.19,4066.19,4066.19,none
103126,2024-01-18,16:25:00,2024-01-18 16:25:00,Operations,5300,Professional Fees,Reyes-Glover,26066.82,Christina Miller,Christine Gonzales,PO907255,INV899733,26066.82,26066.82,26066.82,none
104923,2024-01-18,18:15:00,2024-01-18 18:15:00,Finance,5300,Professional Fees,"Flores, Hood and Brown",50000.0,Mary Harrison,Christine Gonzales,PO58095,INV42349,50000.0,50000.0,50000.0,round_number
104365,2024-01-19,09:19:00,2024-01-19 09:19:00,Marketing,5400,IT & Software,"Duncan, Graham and Stark",32072.06,Gary Stone,Taylor Carroll,PO999003,INV228349,32072.06,32072.06,32072.06,none
104924,2024-01-19,09:26:00,2024-01-19 09:26:00,Finance,5200,Travel & Entertainment,"Smith, Montgomery and Reyes",43335.59,Alyssa Jackson,Austin Cohen,PO139074,INV177736,43335.59,43335.59,43335.59,duplicate_payment
104588,2024-01-19,10:29:00,2024-01-19 10:29:00,Sales,5300,Professional Fees,Powers Group,12247.48,Dawn Hall,Michael Macdonald,PO334204,INV680220,12247.48,12247.48,12247.48,none
102934,2024-01-19,10:32:00,2024-01-19 10:32:00,Sales,5200,Travel & Entertainment,"Durham, Bowen and Hess",31065.03,James Dennis,Elizabeth Boyle,PO454663,INV504120,31065.03,31065.03,31065.03,none
100148,2024-01-19,11:32:00,2024-01-19 11:32:00,Marketing,5300,Professional Fees,"Dixon, Jackson and Benjamin",9505.06,Denise Elliott,Christina Miller,PO443190,INV445929,9505.06,9505.06,9505.06,none
101237,2024-01-19,11:57:00,2024-01-19 11:57:00,Operations,6000,Vendor Payments,Hughes-Nichols,11441.33,Tanner Avila,Lindsey Lewis,PO197346,INV86117,11441.33,11441.33,11441.33,none
102442,2024-01-19,12:04:00,2024-01-19 12:04:00,Operations,5100,Office Supplies,Ballard-Jenkins,2600.77,Nicole Clarke,Elizabeth Shea,PO662448,INV418018,2600.77,2600.77,2600.77,none
101482,2024-01-19,12:09:00,2024-01-19 12:09:00,IT,5000,Raw Materials Expense,Schneider-Clark,24651.68,Donna Weber,Michael Rivas,PO940258,INV469071,24651.68,24651.68,24651.68,none
100264,2024-01-19,12:18:00,2024-01-19 12:18:00,Operations,6000,Vendor Payments,Galvan Group,9072.43,Corey Jones,Michael Rivas,PO853965,INV264670,9072.43,9072.43,9072.43,none
103222,2024-01-19,12:38:00,2024-01-19 12:38:00,Marketing,5000,Raw Materials Expense,"Silva, Jones and Oliver",15561.61,Nicole Clarke,Patricia Perry,PO312822,INV834537,15561.61,15561.61,15561.61,none
100055,2024-01-19,14:37:00,2024-01-19 14:37:00,Procurement,5000,Raw Materials Expense,Rivera-Charles,14861.29,Denise Elliott,Janice Bush,PO804421,INV898213,14861.29,14861.29,14861.29,none
103893,2024-01-19,15:20:00,2024-01-19 15:20:00,Operations,5500,Utilities,Mays-Ortega,3481.02,Sean Kelly,Lindsey Lewis,PO345253,INV519645,3481.02,3481.02,3481.02,none
100134,2024-01-19,16:05:00,2024-01-19 16:05:00,Operations,5200,Travel & Entertainment,Schneider-Clark,54872.26,Kyle King,Sean Kelly,PO369465,INV211505,54872.26,54872.26,54872.26,none
104246,2024-01-19,16:17:00,2024-01-19 16:17:00,IT,5000,Raw Materials Expense,Rivera-Charles,26968.59,Christina Miller,Kyle King,PO35396,INV109033,26968.59,26968.59,26968.59,none
103078,2024-01-19,16:27:00,2024-01-19 16:27:00,Finance,6000,Vendor Payments,Torres-Mendoza,23131.73,Michael Rivas,Elizabeth Boyle,PO195482,INV576232,23131.73,23131.73,23131.73,none
100690,2024-01-19,17:16:00,2024-01-19 17:16:00,HR,5400,IT & Software,Gross-Morrison,6932.94,Timothy Johnson,Gary Mays,PO990966,INV434244,6932.94,6932.94,6932.94,none
101939,2024-01-19,18:24:00,2024-01-19 18:24:00,Marketing,5500,Utilities,Nichols LLC,30833.93,Alyssa Jackson,Gerald Freeman,PO21051,INV179332,30833.93,30833.93,30833.93,none
103151,2024-01-19,18:33:00,2024-01-19 18:33:00,Operations,5400,IT & Software,Smith-Parker,10114.96,Anita Harris,Kyle King,PO309861,INV234333,10114.96,10114.96,10114.96,none
103786,2024-01-22,09:39:00,2024-01-22 09:39:00,Marketing,5000,Raw Materials Expense,Smith-Parker,5979.03,Patricia Lopez,Michael Macdonald,PO594988,INV938132,5979.03,5979.03,5979.03,none
104127,2024-01-22,10:06:00,2024-01-22 10:06:00,Finance,5100,Office Supplies,Becker-Martinez,10863.0,Joy Hernandez,Elizabeth Shea,PO209854,INV17290,10863.0,10863.0,10863.0,none
102406,2024-01-22,10:17:00,2024-01-22 10:17:00,Sales,5100,Office Supplies,"Mills, Crane and Kim",16898.93,Dawn Hall,Lindsey Lewis,PO859240,INV714152,16898.93,16898.93,16898.93,none
103864,2024-01-22,10:28:00,2024-01-22 10:28:00,HR,6000,Vendor Payments,"Gardner, Perry and Cruz",26446.56,Elizabeth Boyle,Nicole Clarke,PO601984,INV654063,26446.56,26446.56,26446.56,none
102494,2024-01-22,11:15:00,2024-01-22 11:15:00,Procurement,5300,Professional Fees,"Cherry, Martin and Compton",6453.23,Christopher Chung,Denise Elliott,PO688353,INV4273,6453.23,6453.23,6453.23,none
102621,2024-01-22,11:25:00,2024-01-22 11:25:00,Operations,5100,Office Supplies,"Howard, Tucker and Flores",38214.36,Dawn Hall,Patricia Perry,PO907751,INV279846,38214.36,38214.36,38214.36,none
103238,2024-01-22,11:37:00,2024-01-22 11:37:00,Finance,5000,Raw Materials Expense,Rivera-Charles,31239.2,Elizabeth Boyle,Tanner Avila,PO920709,INV352602,31239.2,31239.2,31239.2,none
102756,2024-01-22,11:51:00,2024-01-22 11:51:00,Procurement,5100,Office Supplies,"Robles, Moses and Morgan",20559.15,Autumn Reed,Lindsey Lewis,PO463396,INV632671,20559.15,20559.15,20559.15,none
104811,2024-01-22,12:04:00,2024-01-22 12:04:00,Sales,5300,Professional Fees,Rivera-Charles,75000.0,Michael Fox,Austin Cohen,PO229466,INV80729,75000.0,75000.0,75000.0,round_number
104738,2024-01-22,12:09:00,2024-01-22 12:09:00,Marketing,5100,Office Supplies,Gross-Morrison,7409.38,Elizabeth Boyle,Autumn Reed,PO309543,INV471040,7409.38,7409.38,7409.38,none
101845,2024-01-22,12:27:00,2024-01-22 12:27:00,Finance,5300,Professional Fees,"Yang, Weber and Nielsen",20684.56,Patricia Lopez,Denise Elliott,PO138217,INV311724,20684.56,20684.56,20684.56,none
100321,2024-01-22,13:45:00,2024-01-22 13:45:00,Operations,6000,Vendor Payments,"Howard, Tucker and Flores",14747.77,Denise Elliott,Michael Fox,PO807537,INV38376,14747.77,14747.77,14747.77,none
101755,2024-01-22,14:08:00,2024-01-22 14:08:00,IT,5500,Utilities,White-Thomas,4331.85,Mary Harrison,Alyssa Jackson,PO765403,INV926281,4331.85,4331.85,4331.85,none
103249,2024-01-22,15:11:00,2024-01-22 15:11:00,Operations,5200,Travel & Entertainment,"Morton, Reynolds and Anderson",17434.5,Elizabeth Shea,Autumn Reed,PO691483,INV894971,17434.5,17434.5,17434.5,none
101324,2024-01-22,16:14:00,2024-01-22 16:14:00,Operations,5200,Travel & Entertainment,Hughes-Nichols,8934.47,Jeffrey Hancock,Corey Jones,PO910531,INV298996,8934.47,8934.47,8934.47,none
102829,2024-01-22,17:00:00,2024-01-22 17:00:00,Finance,6000,Vendor Payments,Reyes-Glover,39658.23,Nicole Clarke,Gerald Freeman,PO235846,INV33906,39658.23,39658.23,39658.23,none
103416,2024-01-22,17:30:00,2024-01-22 17:30:00,Procurement,5100,Office Supplies,Galvan Group,7498.6,Brittany Jackson,Timothy Johnson,PO903228,INV490178,7498.6,7498.6,7498.6,none
104587,2024-01-22,17:45:00,2024-01-22 17:45:00,Finance,5500,Utilities,"Yang, Weber and Nielsen",38985.71,Sean Kelly,Christopher Chung,PO655471,INV122203,38985.71,38985.71,38985.71,none
102609,2024-01-22,17:45:00,2024-01-22 17:45:00,Finance,6000,Vendor Payments,Hughes-Nichols,14105.81,Sean Kelly,Brittany Jackson,PO946980,INV797903,14105.81,14105.81,14105.81,none
104768,2024-01-22,18:02:00,2024-01-22 18:02:00,Procurement,5200,Travel & Entertainment,Raymond-Lucas,10484.74,Gary Mays,Alyssa Jackson,PO24594,INV558693,10484.74,10484.74,10484.74,none
103764,2024-01-22,18:10:00,2024-01-22 18:10:00,HR,5500,Utilities,Evans Ltd,12568.74,Janice Bush,Corey Jones,PO497358,INV293539,12568.74,12568.74,12568.74,none
101172,2024-01-22,18:11:00,2024-01-22 18:11:00,Operations,5500,Utilities,Humphrey-Berg,39011.77,Elizabeth Shea,Sean Kelly,PO253802,INV346238,39011.77,39011.77,39011.77,none
101505,2024-01-22,18:28:00,2024-01-22 18:28:00,IT,6000,Vendor Payments,"Cherry, Martin and Compton",27801.5,Joy Hernandez,Mary Harrison,PO725416,INV91072,27801.5,27801.5,27801.5,none
103435,2024-01-23,09:25:00,2024-01-23 09:25:00,HR,5100,Office Supplies,Reyes-Glover,13959.98,Tanner Avila,Michael Fox,PO612415,INV662587,13959.98,13959.98,13959.98,none
100423,2024-01-23,10:01:00,2024-01-23 10:01:00,IT,5300,Professional Fees,"Yang, Weber and Nielsen",16656.25,Nicole Chavez,Elizabeth Boyle,PO458570,INV353693,16656.25,16656.25,16656.25,none
102697,2024-01-23,10:27:00,2024-01-23 10:27:00,Sales,6000,Vendor Payments,Gross-Morrison,26534.89,Patricia Perry,Joy Hernandez,PO443411,INV830661,26534.89,26534.89,26534.89,none
104172,2024-01-23,10:43:00,2024-01-23 10:43:00,Sales,5000,Raw Materials Expense,Jones Ltd,2787.03,Corey Jones,Christopher Chung,PO418892,INV558553,2787.03,2787.03,2787.03,none
104316,2024-01-23,10:56:00,2024-01-23 10:56:00,Marketing,5300,Professional Fees,Galvan Group,13045.64,Christina Miller,Jeffrey Hancock,PO187680,INV261728,13045.64,13045.64,13045.64,none
101391,2024-01-23,10:56:00,2024-01-23 10:56:00,Marketing,5200,Travel & Entertainment,Willis Group,23775.41,Mary Harrison,Dawn Hall,PO424926,INV615864,23775.41,23775.41,23775.41,none
104215,2024-01-23,11:33:00,2024-01-23 11:33:00,Procurement,5500,Utilities,Rogers Ltd,8901.92,Michael Fox,Janice Bush,PO852173,INV757169,8901.92,8901.92,8901.92,none
100705,2024-01-23,11:36:00,2024-01-23 11:36:00,IT,6000,Vendor Payments,Harris PLC,7357.27,Thomas Martin,Michael Rivas,PO507051,INV248179,7357.27,7357.27,7357.27,none
103780,2024-01-23,11:46:00,2024-01-23 11:46:00,Operations,5100,Office Supplies,Mora-Lynn,4999.09,Autumn Reed,Brittany Jackson,PO718408,INV82718,4999.09,4999.09,4999.09,none
104654,2024-01-23,12:14:00,2024-01-23 12:14:00,Procurement,5500,Utilities,Torres-Mendoza,6618.22,Corey Jones,Lawrence Davis,PO896116,INV151151,6618.22,6618.22,6618.22,none
102458,2024-01-23,13:00:00,2024-01-23 13:00:00,Operations,5200,Travel & Entertainment,Gross-Morrison,3371.39,James Dennis,Donna Weber,PO767039,INV504650,3371.39,3371.39,3371.39,none
102369,2024-01-23,13:11:00,2024-01-23 13:11:00,Operations,6000,Vendor Payments,Pearson PLC,9864.61,Patricia Lopez,Kyle King,PO31470,INV608680,9864.61,9864.61,9864.61,none
101929,2024-01-23,13:38:00,2024-01-23 13:38:00,IT,5200,Travel & Entertainment,Reyes-Glover,10733.06,Patricia Lopez,Anita Harris,PO725710,INV347595,10733.06,10733.06,10733.06,none
100355,2024-01-23,15:28:00,2024-01-23 15:28:00,Operations,5400,IT & Software,Hopkins Inc,14995.37,Lindsey Lewis,Michael Rivas,PO987233,INV673300,14995.37,14995.37,14995.37,none
103385,2024-01-23,15:31:00,2024-01-23 15:31:00,Sales,5000,Raw Materials Expense,Smith-Parker,43940.78,Michael Macdonald,Timothy Johnson,PO135037,INV58774,43940.78,43940.78,43940.78,none
102573,2024-01-23,16:44:00,2024-01-23 16:44:00,Finance,6000,Vendor Payments,Evans Ltd,7145.31,Sergio Arroyo,Lawrence Davis,PO166475,INV626256,7145.31,7145.31,7145.31,none
103782,2024-01-23,18:07:00,2024-01-23 18:07:00,HR,5000,Raw Materials Expense,Rogers Ltd,11342.21,Gary Mays,Taylor Carroll,PO512745,INV38001,11342.21,11342.21,11342.21,none
101185,2024-01-23,18:28:00,2024-01-23 18:28:00,IT,5200,Travel & Entertainment,Evans Ltd,22059.84,Autumn Reed,Christine Gonzales,PO458693,INV906780,22059.84,22059.84,22059.84,none
101714,2024-01-24,09:36:00,2024-01-24 09:36:00,Operations,6000,Vendor Payments,"Decker, Eaton and Arnold",18653.53,Corey Jones,Austin Cohen,PO632941,INV638340,18653.53,18653.53,18653.53,none
100697,2024-01-24,09:41:00,2024-01-24 09:41:00,Marketing,5200,Travel & Entertainment,"Dixon, Jackson and Benjamin",4099.8,Corey Jones,Anita Harris,PO979550,INV115749,4099.8,4099.8,4099.8,none
100613,2024-01-24,09:54:00,2024-01-24 09:54:00,IT,5200,Travel & Entertainment,Mora-Lynn,13354.59,Austin Cohen,Jeffrey Hancock,PO63226,INV881795,13354.59,13354.59,13354.59,none
101762,2024-01-24,09:54:00,2024-01-24 09:54:00,HR,5200,Travel & Entertainment,"Nelson, Duncan and Smith",10700.44,Mary Harrison,Kyle King,PO865794,INV161736,10700.44,10700.44,10700.44,none
101790,2024-01-24,09:55:00,2024-01-24 09:55:00,Marketing,6000,Vendor Payments,"Flores, Hood and Brown",44919.88,Sergio Arroyo,Timothy Johnson,PO905898,INV296478,44919.88,44919.88,44919.88,none
104891,2024-01-24,10:05:00,2024-01-24 10:05:00,Sales,5200,Travel & Entertainment,Pearson PLC,50000.0,Leslie Robinson,Austin Cohen,PO447216,INV431836,50000.0,50000.0,50000.0,round_number
100455,2024-01-24,10:40:00,2024-01-24 10:40:00,HR,6000,Vendor Payments,Francis-Burke,13428.97,Christopher Chung,Lindsey Lewis,PO628029,INV912892,13428.97,13428.97,13428.97,none
100388,2024-01-24,10:43:00,2024-01-24 10:43:00,Sales,6000,Vendor Payments,"Smith, Montgomery and Reyes",7305.4,Sean Kelly,Corey Jones,PO349011,INV211323,7305.4,7305.4,7305.4,none
104294,2024-01-24,11:35:00,2024-01-24 11:35:00,HR,6000,Vendor Payments,"Decker, Eaton and Arnold",10795.44,Kyle King,Michael Fox,PO450088,INV610736,10795.44,10795.44,10795.44,none
102656,2024-01-24,12:14:00,2024-01-24 12:14:00,IT,5400,IT & Software,Pearson PLC,9953.63,Joy Hernandez,Elizabeth Shea,PO393399,INV906360,9953.63,9953.63,9953.63,none
103474,2024-01-24,13:41:00,2024-01-24 13:41:00,Marketing,5200,Travel & Entertainment,"Gardner, Perry and Cruz",14427.99,Michael Rivas,Elizabeth Boyle,PO495888,INV699539,14427.99,14427.99,14427.99,none
103143,2024-01-24,14:20:00,2024-01-24 14:20:00,Procurement,5200,Travel & Entertainment,Scott-Bailey,6224.7,Gary Stone,Nicole Clarke,PO736483,INV45590,6224.7,6224.7,6224.7,none
104970,2024-01-24,14:28:00,2024-01-24 14:28:00,Marketing,5200,Travel & Entertainment,Ballard-Jenkins,22371.62,Kyle King,Michael Rivas,PO14394,INV36313,22371.62,24678.28,24678.28,three_way_mismatch
101439,2024-01-24,14:43:00,2024-01-24 14:43:00,IT,6000,Vendor Payments,"Yang, Weber and Nielsen",11844.91,Thomas Martin,Brittany Jackson,PO129662,INV631372,11844.91,11844.91,11844.91,none
104596,2024-01-24,16:03:00,2024-01-24 16:03:00,IT,6000,Vendor Payments,"Howard, Tucker and Flores",62273.87,Joy Hernandez,Mary Harrison,PO716779,INV347713,62273.87,62273.87,62273.87,none
104267,2024-01-24,16:28:00,2024-01-24 16:28:00,Sales,6000,Vendor Payments,Evans Ltd,18226.84,Leslie Robinson,Timothy Johnson,PO575728,INV197686,18226.84,18226.84,18226.84,none
102095,2024-01-24,17:24:00,2024-01-24 17:24:00,Procurement,5300,Professional Fees,"Brown, Baker and Alvarado",19227.35,Denise Elliott,Tanner Avila,PO627904,INV958840,19227.35,19227.35,19227.35,none
103969,2024-01-24,18:42:00,2024-01-24 18:42:00,HR,5000,Raw Materials Expense,Larson PLC,13005.29,Anita Harris,Jeffrey Hancock,PO592071,INV553544,13005.29,13005.29,13005.29,none
103300,2024-01-25,09:13:00,2024-01-25 09:13:00,Sales,5000,Raw Materials Expense,Lopez Ltd,21359.37,Alyssa Jackson,Dawn Hall,PO769600,INV659673,21359.37,21359.37,21359.37,none
100300,2024-01-25,09:18:00,2024-01-25 09:18:00,HR,5300,Professional Fees,"Decker, Eaton and Arnold",6484.95,Gary Mays,Taylor Carroll,PO162160,INV64397,6484.95,6484.95,6484.95,none
102681,2024-01-25,10:24:00,2024-01-25 10:24:00,Sales,6000,Vendor Payments,Davidson-Frank,8831.73,Christopher Chung,Thomas Martin,PO198115,INV667713,8831.73,8831.73,8831.73,none
104041,2024-01-25,10:45:00,2024-01-25 10:45:00,Sales,5500,Utilities,Lopez Ltd,19360.61,Austin Cohen,Dawn Hall,PO987615,INV332202,19360.61,19360.61,19360.61,none
101531,2024-01-25,11:02:00,2024-01-25 11:02:00,Finance,5500,Utilities,Harris PLC,13084.1,Lawrence Davis,Christopher Chung,PO912481,INV554500,13084.1,13084.1,13084.1,none
104753,2024-01-25,11:15:00,2024-01-25 11:15:00,Finance,5000,Raw Materials Expense,"Yang, Weber and Nielsen",7940.1,Nicole Chavez,Michael Macdonald,PO730001,INV598062,7940.1,7940.1,7940.1,none
101493,2024-01-25,11:20:00,2024-01-25 11:20:00,Finance,5400,IT & Software,Cowan-Powers,17372.38,Taylor Carroll,Jeffrey Hancock,PO890429,INV749865,17372.38,17372.38,17372.38,none
104960,2024-01-25,11:22:00,2024-01-25 11:22:00,Procurement,5500,Utilities,"White, Tucker and Wolf",75000.0,Autumn Reed,Michael Fox,PO397470,INV913197,75000.0,75000.0,75000.0,round_number
102196,2024-01-25,13:24:00,2024-01-25 13:24:00,Finance,5500,Utilities,Gomez Ltd,14748.94,Sergio Arroyo,Thomas Martin,PO606760,INV53375,14748.94,14748.94,14748.94,none
104026,2024-01-25,13:41:00,2024-01-25 13:41:00,IT,5400,IT & Software,Schneider-Clark,9957.5,Donald Ferguson,Thomas Martin,PO563205,INV407641,9957.5,9957.5,9957.5,none
101260,2024-01-25,13:56:00,2024-01-25 13:56:00,Procurement,6000,Vendor Payments,Lopez Ltd,15995.42,Denise Elliott,Taylor Carroll,PO684510,INV962062,15995.42,15995.42,15995.42,none
101599,2024-01-25,14:05:00,2024-01-25 14:05:00,HR,5000,Raw Materials Expense,Smith-Parker,1734.85,Corey Jones,Donna Weber,PO93562,INV835907,1734.85,1734.85,1734.85,none
101683,2024-01-25,15:19:00,2024-01-25 15:19:00,Procurement,5400,IT & Software,Miller LLC,14451.84,Elizabeth Boyle,Christina Miller,PO882601,INV979568,14451.84,14451.84,14451.84,none
104079,2024-01-25,15:21:00,2024-01-25 15:21:00,Marketing,5400,IT & Software,Mora-Lynn,2440.49,Autumn Reed,Kyle King,PO822148,INV759729,2440.49,2440.49,2440.49,none
102436,2024-01-25,16:09:00,2024-01-25 16:09:00,HR,5000,Raw Materials Expense,Gross-Morrison,10528.12,Elizabeth Shea,Patricia Lopez,PO776385,INV901384,10528.12,10528.12,10528.12,none
102956,2024-01-25,16:17:00,2024-01-25 16:17:00,Sales,5500,Utilities,Reyes-Glover,39689.92,Timothy Johnson,Christina Miller,PO935171,INV467911,39689.92,39689.92,39689.92,none
101196,2024-01-25,17:04:00,2024-01-25 17:04:00,Sales,5400,IT & Software,Mora-Lynn,3044.46,Patricia Perry,Timothy Johnson,PO979066,INV165691,3044.46,3044.46,3044.46,none
102901,2024-01-26,09:38:00,2024-01-26 09:38:00,HR,5000,Raw Materials Expense,"Dixon, Jackson and Benjamin",6139.32,Nicole Clarke,Autumn Reed,PO937811,INV232103,6139.32,6139.32,6139.32,none
103450,2024-01-26,09:58:00,2024-01-26 09:58:00,Operations,5200,Travel & Entertainment,"Dixon, Jackson and Benjamin",25912.38,Lawrence Davis,Donna Weber,PO610287,INV12804,25912.38,25912.38,25912.38,none
104195,2024-01-26,10:21:00,2024-01-26 10:21:00,IT,5200,Travel & Entertainment,Smith-Wise,10319.81,Lawrence Davis,Tanner Avila,PO65455,INV943200,10319.81,10319.81,10319.81,none
103221,2024-01-26,10:29:00,2024-01-26 10:29:00,IT,5200,Travel & Entertainment,"Smith, Montgomery and Reyes",2938.87,Janice Bush,Michael Macdonald,PO622966,INV193471,2938.87,2938.87,2938.87,none
103808,2024-01-26,11:15:00,2024-01-26 11:15:00,Operations,5400,IT & Software,Rogers Ltd,4667.97,Dawn Hall,Corey Jones,PO981224,INV86352,4667.97,4667.97,4667.97,none
103714,2024-01-26,13:11:00,2024-01-26 13:11:00,HR,5200,Travel & Entertainment,Smith-Parker,35354.85,Nicole Clarke,Patricia Lopez,PO874121,INV14116,35354.85,35354.85,35354.85,none
102684,2024-01-26,14:14:00,2024-01-26 14:14:00,Marketing,5400,IT & Software,"Hernandez, Hopkins and Houston",15430.79,Michael Macdonald,Denise Elliott,PO797301,INV470808,15430.79,15430.79,15430.79,none
101983,2024-01-26,14:36:00,2024-01-26 14:36:00,Finance,5200,Travel & Entertainment,Davidson-Frank,14582.86,Christina Miller,Janice Bush,PO209415,INV840178,14582.86,14582.86,14582.86,none
103214,2024-01-26,15:23:00,2024-01-26 15:23:00,Marketing,6000,Vendor Payments,Evans Ltd,34958.27,Patricia Lopez,Gary Stone,PO548964,INV599813,34958.27,34958.27,34958.27,none
104254,2024-01-26,15:34:00,2024-01-26 15:34:00,Operations,5500,Utilities,Miller LLC,17579.53,Nicole Clarke,Michael Rivas,PO955731,INV533272,17579.53,17579.53,17579.53,none
103409,2024-01-26,16:00:00,2024-01-26 16:00:00,HR,5300,Professional Fees,Jones Inc,10268.68,Brittany Jackson,Gary Mays,PO498086,INV193645,10268.68,10268.68,10268.68,none
102081,2024-01-26,16:28:00,2024-01-26 16:28:00,Marketing,5300,Professional Fees,"Jefferson, Sullivan and Young",7075.87,Alyssa Jackson,Gary Mays,PO738190,INV299986,7075.87,7075.87,7075.87,none
102849,2024-01-26,16:30:00,2024-01-26 16:30:00,Operations,5000,Raw Materials Expense,Lopez Ltd,53854.96,Gary Mays,Christina Miller,PO463596,INV846065,53854.96,53854.96,53854.96,none
103724,2024-01-26,16:59:00,2024-01-26 16:59:00,Procurement,5000,Raw Materials Expense,Rogers Ltd,5691.68,Nicole Chavez,Michael Fox,PO869888,INV729918,5691.68,5691.68,5691.68,none
103853,2024-01-26,17:03:00,2024-01-26 17:03:00,Procurement,6000,Vendor Payments,Davidson-Frank,44933.39,Alyssa Jackson,Denise Elliott,PO483034,INV707790,44933.39,44933.39,44933.39,none
101873,2024-01-26,17:13:00,2024-01-26 17:13:00,Finance,6000,Vendor Payments,Miller LLC,30296.31,Janice Bush,Nicole Chavez,PO568514,INV572439,30296.31,30296.31,30296.31,none
104147,2024-01-26,17:18:00,2024-01-26 17:18:00,Procurement,5000,Raw Materials Expense,Rivera-Charles,13092.45,Elizabeth Shea,Gerald Freeman,PO827171,INV844485,13092.45,13092.45,13092.45,none
100036,2024-01-26,17:53:00,2024-01-26 17:53:00,Marketing,6000,Vendor Payments,"Durham, Bowen and Hess",25949.68,Janice Bush,Jeffrey Hancock,PO823194,INV335057,25949.68,25949.68,25949.68,none
103605,2024-01-26,17:54:00,2024-01-26 17:54:00,HR,5500,Utilities,Jones Inc,13074.37,Michael Fox,Lawrence Davis,PO421203,INV502949,13074.37,13074.37,13074.37,none
105028,2024-01-27,09:26:00,2024-01-27 09:26:00,Finance,5200,Travel & Entertainment,"Smith, Montgomery and Reyes",43335.59,Alyssa Jackson,Austin Cohen,PO139074,INV177736,43335.59,43335.59,43335.59,duplicate_payment
104912,2024-01-28,16:51:00,2024-01-28 16:51:00,Sales,5200,Travel & Entertainment,"Nelson, Duncan and Smith",39869.37,Christina Miller,Timothy Johnson,PO74543,INV573743,39869.37,39869.37,39869.37,weekend_posting
103593,2024-01-29,10:09:00,2024-01-29 10:09:00,HR,5300,Professional Fees,"Yang, Weber and Nielsen",4833.4,Mary Harrison,Taylor Carroll,PO564038,INV461248,4833.4,4833.4,4833.4,none
100987,2024-01-29,10:23:00,2024-01-29 10:23:00,Finance,5200,Travel & Entertainment,Hopkins Inc,22131.26,Michael Fox,Michael Macdonald,PO81712,INV795166,22131.26,22131.26,22131.26,none
102260,2024-01-29,11:12:00,2024-01-29 11:12:00,Marketing,5300,Professional Fees,"Martin, Brewer and Young",5401.08,Christopher Chung,Jeffrey Hancock,PO518951,INV839860,5401.08,5401.08,5401.08,none
100706,2024-01-29,11:16:00,2024-01-29 11:16:00,HR,5100,Office Supplies,Tucker Group,16396.55,Christina Miller,Donna Weber,PO672231,INV169749,16396.55,16396.55,16396.55,none
103410,2024-01-29,11:49:00,2024-01-29 11:49:00,Sales,5400,IT & Software,Gross-Morrison,4316.75,Alyssa Jackson,Gerald Freeman,PO176927,INV672906,4316.75,4316.75,4316.75,none
104752,2024-01-29,12:14:00,2024-01-29 12:14:00,Finance,5100,Office Supplies,Stewart-Russell,21692.63,Anita Harris,Gerald Freeman,PO591276,INV855590,21692.63,21692.63,21692.63,none
103138,2024-01-29,13:25:00,2024-01-29 13:25:00,Marketing,5100,Office Supplies,Rivera-Charles,32899.02,Austin Cohen,Janice Bush,PO100006,INV896037,32899.02,32899.02,32899.02,none
102526,2024-01-29,13:42:00,2024-01-29 13:42:00,Finance,5400,IT & Software,Mays-Ortega,8573.48,Tanner Avila,Patricia Perry,PO327780,INV104900,8573.48,8573.48,8573.48,none
100829,2024-01-29,14:22:00,2024-01-29 14:22:00,IT,6000,Vendor Payments,Smith-Parker,39585.0,Brittany Jackson,Donald Ferguson,PO837855,INV595031,39585.0,39585.0,39585.0,none
102053,2024-01-29,15:22:00,2024-01-29 15:22:00,Operations,6000,Vendor Payments,Harris PLC,16951.25,Autumn Reed,Michael Macdonald,PO911747,INV979220,16951.25,16951.25,16951.25,none
102031,2024-01-29,16:36:00,2024-01-29 16:36:00,HR,5400,IT & Software,"Durham, Bowen and Hess",27542.01,Sergio Arroyo,Donald Ferguson,PO908207,INV20641,27542.01,27542.01,27542.01,none
103894,2024-01-29,17:17:00,2024-01-29 17:17:00,Marketing,5200,Travel & Entertainment,"Silva, Jones and Oliver",13959.42,Sergio Arroyo,Alyssa Jackson,PO812232,INV922169,13959.42,13959.42,13959.42,none
101058,2024-01-29,18:41:00,2024-01-29 18:41:00,HR,6000,Vendor Payments,"Gardner, Perry and Cruz",13899.77,Alyssa Jackson,Christine Gonzales,PO325251,INV18387,13899.77,13899.77,13899.77,none
104969,2024-01-30,01:52:00,2024-01-30 01:52:00,HR,5400,IT & Software,Reyes-Glover,14327.82,Gary Stone,Joy Hernandez,PO682027,INV593570,14327.82,14327.82,14327.82,odd_hour_posting
104915,2024-01-30,03:41:00,2024-01-30 03:41:00,Operations,5400,IT & Software,"Morton, Reynolds and Anderson",12594.27,Gary Mays,James Dennis,PO825846,INV29805,12594.27,12594.27,12594.27,odd_hour_posting
101551,2024-01-30,09:52:00,2024-01-30 09:52:00,IT,5100,Office Supplies,Harris PLC,7357.12,Mary Harrison,Patricia Perry,PO38633,INV811048,7357.12,7357.12,7357.12,none
100271,2024-01-30,10:42:00,2024-01-30 10:42:00,Marketing,5200,Travel & Entertainment,Davidson-Frank,16167.66,Tanner Avila,Gary Stone,PO169628,INV693773,16167.66,16167.66,16167.66,none
102132,2024-01-30,10:55:00,2024-01-30 10:55:00,Marketing,5500,Utilities,Francis-Burke,5355.98,Tanner Avila,Michael Macdonald,PO519456,INV236092,5355.98,5355.98,5355.98,none
103199,2024-01-30,11:14:00,2024-01-30 11:14:00,Sales,5000,Raw Materials Expense,"Morton, Reynolds and Anderson",49363.86,Gary Mays,Christopher Chung,PO79026,INV943907,49363.86,49363.86,49363.86,none
104293,2024-01-30,11:23:00,2024-01-30 11:23:00,Marketing,5000,Raw Materials Expense,Schneider-Clark,4227.76,Patricia Perry,Denise Elliott,PO93675,INV633982,4227.76,4227.76,4227.76,none
101791,2024-01-30,11:28:00,2024-01-30 11:28:00,IT,5100,Office Supplies,Mays-Ortega,27179.36,Lindsey Lewis,Donald Ferguson,PO783040,INV92582,27179.36,27179.36,27179.36,none
103498,2024-01-30,12:10:00,2024-01-30 12:10:00,Sales,5000,Raw Materials Expense,Stewart-Russell,3917.78,Christina Miller,Brittany Jackson,PO498651,INV384935,3917.78,3917.78,3917.78,none
103259,2024-01-30,12:56:00,2024-01-30 12:56:00,IT,5100,Office Supplies,"Mills, Crane and Kim",28586.92,Janice Bush,Thomas Martin,PO752116,INV844792,28586.92,28586.92,28586.92,none
104956,2024-01-30,13:14:00,2024-01-30 13:14:00,IT,5000,Raw Materials Expense,Scott-Bailey,323854.36,Lindsey Lewis,Lawrence Davis,PO430631,INV330075,323854.36,323854.36,323854.36,unusual_amount
102750,2024-01-30,14:55:00,2024-01-30 14:55:00,Sales,5200,Travel & Entertainment,Larson PLC,5894.66,Tanner Avila,Michael Macdonald,PO162755,INV543513,5894.66,5894.66,5894.66,none
100362,2024-01-30,17:26:00,2024-01-30 17:26:00,Sales,5200,Travel & Entertainment,"Durham, Bowen and Hess",12575.95,Denise Elliott,Corey Jones,PO674980,INV2924,12575.95,12575.95,12575.95,none
102599,2024-01-30,18:01:00,2024-01-30 18:01:00,Marketing,5000,Raw Materials Expense,"Hernandez, Hopkins and Houston",26332.82,Sergio Arroyo,Dawn Hall,PO766313,INV54188,26332.82,26332.82,26332.82,none
100813,2024-01-30,18:17:00,2024-01-30 18:17:00,HR,5500,Utilities,"Cherry, Martin and Compton",19574.08,Michael Macdonald,Dawn Hall,PO928756,INV548236,19574.08,19574.08,19574.08,none
101921,2024-01-30,18:52:00,2024-01-30 18:52:00,Operations,5300,Professional Fees,"Brown, Baker and Alvarado",26696.4,Michael Rivas,Patricia Perry,PO304696,INV475176,26696.4,26696.4,26696.4,none
103017,2024-01-31,09:10:00,2024-01-31 09:10:00,Operations,5200,Travel & Entertainment,"Flores, Hood and Brown",3941.93,Sean Kelly,Christine Gonzales,PO111514,INV441181,3941.93,3941.93,3941.93,none
100798,2024-01-31,09:22:00,2024-01-31 09:22:00,Sales,5300,Professional Fees,Reyes-Glover,19117.69,Mary Harrison,Christopher Chung,PO946926,INV41435,19117.69,19117.69,19117.69,none
104032,2024-01-31,10:20:00,2024-01-31 10:20:00,Marketing,5400,IT & Software,Jones Inc,34849.96,Gary Mays,Janice Bush,PO950309,INV719884,34849.96,34849.96,34849.96,none
100758,2024-01-31,12:52:00,2024-01-31 12:52:00,HR,5000,Raw Materials Expense,Gross-Morrison,26241.19,Jeffrey Hancock,Patricia Lopez,PO573189,INV115260,26241.19,26241.19,26241.19,none
104457,2024-01-31,12:52:00,2024-01-31 12:52:00,Marketing,5400,IT & Software,Pearson PLC,16412.22,Donald Ferguson,Nicole Chavez,PO783492,INV416781,16412.22,16412.22,16412.22,none
101019,2024-01-31,13:08:00,2024-01-31 13:08:00,Sales,5200,Travel & Entertainment,Tucker Group,25406.26,Donna Weber,Timothy Johnson,PO807312,INV307624,25406.26,25406.26,25406.26,none
100847,2024-01-31,13:12:00,2024-01-31 13:12:00,IT,5400,IT & Software,"Brown, Baker and Alvarado",27452.83,Michael Rivas,Gerald Freeman,PO739784,INV932858,27452.83,27452.83,27452.83,none
103077,2024-01-31,13:37:00,2024-01-31 13:37:00,HR,6000,Vendor Payments,Gross-Morrison,8367.55,Dawn Hall,Brittany Jackson,PO925652,INV176438,8367.55,8367.55,8367.55,none
103671,2024-01-31,13:41:00,2024-01-31 13:41:00,Sales,5100,Office Supplies,Harper-Hernandez,10167.28,Austin Cohen,Corey Jones,PO389519,INV707636,10167.28,10167.28,10167.28,none
103265,2024-01-31,16:25:00,2024-01-31 16:25:00,Marketing,5400,IT & Software,Miller LLC,11551.24,Mary Harrison,Lindsey Lewis,PO786253,INV781277,11551.24,11551.24,11551.24,none
101132,2024-01-31,17:12:00,2024-01-31 17:12:00,HR,6000,Vendor Payments,Miller LLC,9373.01,Tanner Avila,Timothy Johnson,PO226646,INV892603,9373.01,9373.01,9373.01,none
103402,2024-01-31,18:30:00,2024-01-31 18:30:00,Marketing,5100,Office Supplies,Harper-Hernandez,6421.87,Janice Bush,Nicole Chavez,PO574471,INV786279,6421.87,6421.87,6421.87,none
104451,2024-01-31,18:37:00,2024-01-31 18:37:00,Marketing,5300,Professional Fees,Miller LLC,7193.38,Gary Mays,James Dennis,PO587781,INV109604,7193.38,7193.38,7193.38,none
102486,2024-01-31,18:56:00,2024-01-31 18:56:00,Sales,5300,Professional Fees,Lopez Ltd,18148.21,Denise Elliott,Donna Weber,PO350122,INV704157,18148.21,18148.21,18148.21,none
102553,2024-02-01,09:47:00,2024-02-01 09:47:00,Finance,5000,Raw Materials Expense,Mora-Lynn,10884.16,Anita Harris,Gerald Freeman,PO625116,INV931374,10884.16,10884.16,10884.16,none
104901,2024-02-01,09:58:00,2024-02-01 09:58:00,Marketing,5100,Office Supplies,Raymond-Lucas,21362.92,Brittany Jackson,Brittany Jackson,PO92700,INV728136,21362.92,21362.92,21362.92,segregation_violation
104543,2024-02-01,10:25:00,2024-02-01 10:25:00,Sales,5200,Travel & Entertainment,Pearson PLC,32986.95,Christina Miller,Patricia Lopez,PO116556,INV774033,32986.95,32986.95,32986.95,none
102269,2024-02-01,10:31:00,2024-02-01 10:31:00,IT,5500,Utilities,Murphy Inc,25239.83,Patricia Perry,Gerald Freeman,PO572793,INV166149,25239.83,25239.83,25239.83,none
102931,2024-02-01,10:38:00,2024-02-01 10:38:00,Procurement,5300,Professional Fees,"Howard, Tucker and Flores",7430.47,Autumn Reed,Janice Bush,PO494455,INV969967,7430.47,7430.47,7430.47,none
100315,2024-02-01,11:33:00,2024-02-01 11:33:00,IT,5100,Office Supplies,Harris PLC,20087.77,Christina Miller,Corey Jones,PO179925,INV435504,20087.77,20087.77,20087.77,none
100548,2024-02-01,11:48:00,2024-02-01 11:48:00,Finance,5100,Office Supplies,Harper-Hernandez,21633.86,Gary Stone,Timothy Johnson,PO685199,INV942240,21633.86,21633.86,21633.86,none
104851,2024-02-01,13:42:00,2024-02-01 13:42:00,Operations,5100,Office Supplies,Raymond-Lucas,21527.02,Gary Mays,Gary Stone,PO627796,INV336161,21527.02,21527.02,21527.02,duplicate_payment
100854,2024-02-01,13:56:00,2024-02-01 13:56:00,IT,5200,Travel & Entertainment,"Decker, Eaton and Arnold",11931.57,Christina Miller,Gary Stone,PO408256,INV740925,11931.57,11931.57,11931.57,none
100033,2024-02-01,15:46:00,2024-02-01 15:46:00,Operations,5300,Professional Fees,Jones Ltd,7992.85,Lindsey Lewis,Austin Cohen,PO942010,INV805255,7992.85,7992.85,7992.85,none
101867,2024-02-01,17:49:00,2024-02-01 17:49:00,Finance,5200,Travel & Entertainment,Ballard-Jenkins,15233.29,Gary Mays,Tanner Avila,PO219408,INV782116,15233.29,15233.29,15233.29,none
100342,2024-02-01,17:57:00,2024-02-01 17:57:00,IT,5200,Travel & Entertainment,Rivera-Charles,9483.51,Sean Kelly,Austin Cohen,PO871363,INV897499,9483.51,9483.51,9483.51,none
102090,2024-02-01,18:51:00,2024-02-01 18:51:00,Sales,5100,Office Supplies,"Smith, Montgomery and Reyes",19320.41,Corey Jones,Donna Weber,PO461004,INV568322,19320.41,19320.41,19320.41,none
101044,2024-02-02,09:55:00,2024-02-02 09:55:00,IT,5500,Utilities,"Jefferson, Sullivan and Young",32350.61,Patricia Perry,Leslie Robinson,PO688348,INV503808,32350.61,32350.61,32350.61,none
101306,2024-02-02,10:01:00,2024-02-02 10:01:00,Sales,5100,Office Supplies,Hughes-Nichols,18670.83,Christopher Chung,Michael Fox,PO934107,INV298612,18670.83,18670.83,18670.83,none
103244,2024-02-02,10:11:00,2024-02-02 10:11:00,Finance,5400,IT & Software,Galvan Group,8287.68,James Dennis,Gerald Freeman,PO871992,INV361757,8287.68,8287.68,8287.68,none
100254,2024-02-02,10:53:00,2024-02-02 10:53:00,Sales,5300,Professional Fees,"Martin, Brewer and Young",38718.06,Mary Harrison,Anita Harris,PO155631,INV477687,38718.06,38718.06,38718.06,none
102516,2024-02-02,11:09:00,2024-02-02 11:09:00,Finance,5500,Utilities,"Jefferson, Sullivan and Young",6137.15,Mary Harrison,Donald Ferguson,PO490534,INV532984,6137.15,6137.15,6137.15,none
102765,2024-02-02,11:12:00,2024-02-02 11:12:00,HR,5100,Office Supplies,Stevens-Gibson,22924.39,Patricia Lopez,Janice Bush,PO552296,INV411799,22924.39,22924.39,22924.39,none
104129,2024-02-02,11:31:00,2024-02-02 11:31:00,Finance,5100,Office Supplies,Mora-Lynn,19184.74,Alyssa Jackson,James Dennis,PO382897,INV786955,19184.74,19184.74,19184.74,none
103956,2024-02-02,12:53:00,2024-02-02 12:53:00,Sales,5500,Utilities,Stevens-Gibson,7541.79,Christopher Chung,Christine Gonzales,PO727563,INV190311,7541.79,7541.79,7541.79,none
101214,2024-02-02,13:57:00,2024-02-02 13:57:00,Procurement,5300,Professional Fees,Smith-Parker,1551.98,Elizabeth Boyle,Sean Kelly,PO548999,INV54920,1551.98,1551.98,1551.98,none
100028,2024-02-02,14:01:00,2024-02-02 14:01:00,HR,5300,Professional Fees,"Mills, Crane and Kim",10959.05,Lawrence Davis,James Dennis,PO479660,INV138450,10959.05,10959.05,10959.05,none
101430,2024-02-02,14:01:00,2024-02-02 14:01:00,Finance,5000,Raw Materials Expense,"Dixon, Jackson and Benjamin",10971.59,Austin Cohen,Patricia Perry,PO98673,INV52760,10971.59,10971.59,10971.59,none
104490,2024-02-02,14:14:00,2024-02-02 14:14:00,IT,5200,Travel & Entertainment,Humphrey-Berg,28463.13,Leslie Robinson,Lindsey Lewis,PO642792,INV346302,28463.13,28463.13,28463.13,none
100579,2024-02-02,14:17:00,2024-02-02 14:17:00,Finance,5200,Travel & Entertainment,Hopkins Inc,21528.02,Jeffrey Hancock,Nicole Clarke,PO707518,INV720408,21528.02,21528.02,21528.02,none
101223,2024-02-02,14:27:00,2024-02-02 14:27:00,Marketing,6000,Vendor Payments,White-Thomas,8098.42,Christina Miller,Donna Weber,PO48331,INV675121,8098.42,8098.42,8098.42,none
102111,2024-02-02,14:27:00,2024-02-02 14:27:00,Marketing,5200,Travel & Entertainment,Torres-Mendoza,6799.49,Joy Hernandez,Michael Rivas,PO481609,INV121170,6799.49,6799.49,6799.49,none
100018,2024-02-02,15:24:00,2024-02-02 15:24:00,Sales,6000,Vendor Payments,Hopkins Inc,11041.93,Tanner Avila,Mary Harrison,PO703149,INV132854,11041.93,11041.93,11041.93,none
100084,2024-02-02,15:26:00,2024-02-02 15:26:00,Sales,5100,Office Supplies,"Dixon, Jackson and Benjamin",10776.03,Denise Elliott,James Dennis,PO561447,INV823442,10776.03,10776.03,10776.03,none
103198,2024-02-02,16:16:00,2024-02-02 16:16:00,Marketing,5500,Utilities,Reyes-Glover,19136.23,Nicole Clarke,Alyssa Jackson,PO976677,INV581847,19136.23,19136.23,19136.23,none
102838,2024-02-02,17:15:00,2024-02-02 17:15:00,Operations,5100,Office Supplies,Mays-Ortega,14869.42,Alyssa Jackson,Michael Rivas,PO646043,INV257794,14869.42,14869.42,14869.42,none
102951,2024-02-02,17:24:00,2024-02-02 17:24:00,Sales,5100,Office Supplies,"Cherry, Martin and Compton",10559.44,Autumn Reed,Donna Weber,PO349499,INV874946,10559.44,10559.44,10559.44,none
104105,2024-02-02,17:47:00,2024-02-02 17:47:00,IT,5500,Utilities,Hopkins Inc,23742.97,Gary Stone,Christina Miller,PO727505,INV155522,23742.97,23742.97,23742.97,none
103846,2024-02-02,17:49:00,2024-02-02 17:49:00,Marketing,5500,Utilities,Hughes-Nichols,16376.91,Christopher Chung,Michael Macdonald,PO37793,INV805462,16376.91,16376.91,16376.91,none
101474,2024-02-02,17:53:00,2024-02-02 17:53:00,HR,6000,Vendor Payments,Galvan Group,6483.78,Joy Hernandez,Nicole Clarke,PO61809,INV586101,6483.78,6483.78,6483.78,none
104873,2024-02-02,18:28:00,2024-02-02 18:28:00,Sales,5000,Raw Materials Expense,Smith-Wise,7547.79,Elizabeth Shea,Thomas Martin,PO809469,INV184144,7547.79,7547.79,7547.79,duplicate_payment
104894,2024-02-04,13:52:00,2024-02-04 13:52:00,Finance,5400,IT & Software,"Nelson, Duncan and Smith",17646.95,Thomas Martin,Dawn Hall,PO512290,INV282352,17646.95,17646.95,17646.95,weekend_posting
102010,2024-02-05,09:47:00,2024-02-05 09:47:00,HR,6000,Vendor Payments,"Duncan, Graham and Stark",8307.8,Gerald Freeman,Michael Rivas,PO502413,INV572148,8307.8,8307.8,8307.8,none
103039,2024-02-05,09:47:00,2024-02-05 09:47:00,Marketing,5100,Office Supplies,"Morton, Reynolds and Anderson",27412.57,Christopher Chung,Jeffrey Hancock,PO734690,INV27638,27412.57,27412.57,27412.57,none
101403,2024-02-05,12:03:00,2024-02-05 12:03:00,Finance,5100,Office Supplies,"Hernandez, Hopkins and Houston",18000.17,Autumn Reed,Donald Ferguson,PO98059,INV73403,18000.17,18000.17,18000.17,none
103868,2024-02-05,12:17:00,2024-02-05 12:17:00,HR,5100,Office Supplies,"Jefferson, Sullivan and Young",18390.33,Taylor Carroll,Gary Stone,PO470685,INV385573,18390.33,18390.33,18390.33,none
101698,2024-02-05,13:27:00,2024-02-05 13:27:00,Marketing,5400,IT & Software,Ballard-Jenkins,9079.55,Leslie Robinson,Michael Macdonald,PO287323,INV574319,9079.55,9079.55,9079.55,none
105011,2024-02-05,13:42:00,2024-02-05 13:42:00,Operations,5100,Office Supplies,Raymond-Lucas,21527.02,Gary Mays,Gary Stone,PO627796,INV336161,21527.02,21527.02,21527.02,duplicate_payment
103189,2024-02-05,13:45:00,2024-02-05 13:45:00,Marketing,5000,Raw Materials Expense,"Robles, Moses and Morgan",10803.96,Sean Kelly,Gary Mays,PO49564,INV76786,10803.96,10803.96,10803.96,none
103378,2024-02-05,15:04:00,2024-02-05 15:04:00,HR,5000,Raw Materials Expense,"Dixon, Jackson and Benjamin",6922.56,Michael Rivas,Gary Stone,PO749697,INV940525,6922.56,6922.56,6922.56,none
103673,2024-02-05,15:48:00,2024-02-05 15:48:00,Operations,5300,Professional Fees,Young Inc,13409.58,Patricia Lopez,Lindsey Lewis,PO392496,INV354371,13409.58,13409.58,13409.58,none
101681,2024-02-05,16:06:00,2024-02-05 16:06:00,HR,5400,IT & Software,"Brown, Baker and Alvarado",1109.29,Christopher Chung,Thomas Martin,PO942492,INV436898,1109.29,1109.29,1109.29,none
103640,2024-02-05,16:20:00,2024-02-05 16:20:00,HR,5000,Raw Materials Expense,Mays-Ortega,38004.86,Gary Stone,Alyssa Jackson,PO270,INV35732,38004.86,38004.86,38004.86,none
101099,2024-02-05,16:43:00,2024-02-05 16:43:00,HR,5300,Professional Fees,Powers Group,20951.05,Tanner Avila,Leslie Robinson,PO298072,INV292987,20951.05,20951.05,20951.05,none
100463,2024-02-05,17:36:00,2024-02-05 17:36:00,Marketing,6000,Vendor Payments,"Silva, Jones and Oliver",35056.3,Elizabeth Shea,Gerald Freeman,PO611043,INV907522,35056.3,35056.3,35056.3,none
104823,2024-02-06,00:53:00,2024-02-06 00:53:00,IT,5100,Office Supplies,Gross-Morrison,21303.69,Mary Harrison,Kyle King,PO396478,INV99594,21303.69,21303.69,21303.69,odd_hour_posting
100126,2024-02-06,09:10:00,2024-02-06 09:10:00,Sales,5500,Utilities,Lopez Ltd,27946.87,Gary Stone,Denise Elliott,PO80902,INV42205,27946.87,27946.87,27946.87,none
104810,2024-02-06,12:55:00,2024-02-06 12:55:00,HR,5100,Office Supplies,Murphy Inc,11566.89,Sergio Arroyo,Sergio Arroyo,PO961957,INV18794,11566.89,11566.89,11566.89,segregation_violation
101486,2024-02-06,13:40:00,2024-02-06 13:40:00,IT,5300,Professional Fees,"Smith, Montgomery and Reyes",5894.06,Denise Elliott,Janice Bush,PO680893,INV874402,5894.06,5894.06,5894.06,none
103936,2024-02-06,13:57:00,2024-02-06 13:57:00,IT,5000,Raw Materials Expense,Gross-Morrison,14073.13,Sean Kelly,Janice Bush,PO844569,INV891667,14073.13,14073.13,14073.13,none
101770,2024-02-06,14:11:00,2024-02-06 14:11:00,Procurement,5200,Travel & Entertainment,Miller LLC,2308.22,Michael Macdonald,Timothy Johnson,PO652314,INV275566,2308.22,2308.22,2308.22,none
103972,2024-02-06,14:16:00,2024-02-06 14:16:00,Marketing,5300,Professional Fees,Mays-Ortega,12784.3,Timothy Johnson,Leslie Robinson,PO205975,INV225057,12784.3,12784.3,12784.3,none
102547,2024-02-06,15:08:00,2024-02-06 15:08:00,IT,5000,Raw Materials Expense,"Gardner, Perry and Cruz",10576.75,Lawrence Davis,Donna Weber,PO374941,INV443289,10576.75,10576.75,10576.75,none
103526,2024-02-06,15:30:00,2024-02-06 15:30:00,Marketing,5100,Office Supplies,"Brown, Baker and Alvarado",14593.56,Denise Elliott,Jeffrey Hancock,PO238829,INV966481,14593.56,14593.56,14593.56,none
104339,2024-02-06,16:26:00,2024-02-06 16:26:00,IT,5100,Office Supplies,Rogers Ltd,11516.39,Patricia Perry,Austin Cohen,PO559419,INV17475,11516.39,11516.39,11516.39,none
103565,2024-02-06,16:29:00,2024-02-06 16:29:00,Operations,5200,Travel & Entertainment,Francis-Burke,17612.9,Nicole Chavez,Lindsey Lewis,PO961451,INV563378,17612.9,17612.9,17612.9,none
103026,2024-02-06,17:19:00,2024-02-06 17:19:00,HR,5400,IT & Software,"Smith, Montgomery and Reyes",10736.04,Patricia Perry,Nicole Chavez,PO131642,INV950976,10736.04,10736.04,10736.04,none
102481,2024-02-06,18:18:00,2024-02-06 18:18:00,Finance,5400,IT & Software,Powers Group,39743.29,Mary Harrison,Joy Hernandez,PO647077,INV498045,39743.29,39743.29,39743.29,none
100669,2024-02-06,18:52:00,2024-02-06 18:52:00,Procurement,5000,Raw Materials Expense,Gomez Ltd,7463.95,Patricia Lopez,Gary Stone,PO907161,INV200068,7463.95,7463.95,7463.95,none
104222,2024-02-07,10:02:00,2024-02-07 10:02:00,Operations,6000,Vendor Payments,Rogers Ltd,33620.86,Christine Gonzales,James Dennis,PO72142,INV555165,33620.86,33620.86,33620.86,none
101169,2024-02-07,10:35:00,2024-02-07 10:35:00,Operations,5500,Utilities,Mora-Lynn,18110.94,Taylor Carroll,Michael Rivas,PO768850,INV946615,18110.94,18110.94,18110.94,none
100982,2024-02-07,10:36:00,2024-02-07 10:36:00,Operations,5500,Utilities,Murphy Inc,6365.93,Jeffrey Hancock,Donna Weber,PO800966,INV885491,6365.93,6365.93,6365.93,none
103713,2024-02-07,11:23:00,2024-02-07 11:23:00,Operations,6000,Vendor Payments,Jones Ltd,5067.53,Taylor Carroll,Joy Hernandez,PO383584,INV879314,5067.53,5067.53,5067.53,none
101836,2024-02-07,11:32:00,2024-02-07 11:32:00,Procurement,6000,Vendor Payments,Mora-Lynn,13284.32,Thomas Martin,Patricia Lopez,PO353445,INV125928,13284.32,13284.32,13284.32,none
104138,2024-02-07,11:36:00,2024-02-07 11:36:00,Sales,5200,Travel & Entertainment,Hopkins Inc,1495.9,Gary Stone,Elizabeth Shea,PO784882,INV886089,1495.9,1495.9,1495.9,none
100365,2024-02-07,12:51:00,2024-02-07 12:51:00,Finance,5300,Professional Fees,Hopkins Inc,12267.11,Taylor Carroll,Mary Harrison,PO253595,INV102052,12267.11,12267.11,12267.11,none
102880,2024-02-07,12:53:00,2024-02-07 12:53:00,Operations,5000,Raw Materials Expense,Davidson-Frank,14971.09,Nicole Chavez,Jeffrey Hancock,PO893403,INV887522,14971.09,14971.09,14971.09,none
102487,2024-02-07,13:49:00,2024-02-07 13:49:00,Procurement,5100,Office Supplies,Jones Inc,22311.4,Alyssa Jackson,Elizabeth Shea,PO344056,INV250001,22311.4,22311.4,22311.4,none
100978,2024-02-07,13:49:00,2024-02-07 13:49:00,IT,6000,Vendor Payments,Miller LLC,12783.42,Elizabeth Boyle,Michael Rivas,PO923357,INV745343,12783.42,12783.42,12783.42,none
104024,2024-02-07,13:58:00,2024-02-07 13:58:00,Marketing,5300,Professional Fees,Francis-Burke,8243.12,Taylor Carroll,Gary Mays,PO84842,INV914782,8243.12,8243.12,8243.12,none
104765,2024-02-07,14:02:00,2024-02-07 14:02:00,Sales,5000,Raw Materials Expense,"Silva, Jones and Oliver",5261.57,Autumn Reed,Corey Jones,PO94029,INV898307,5261.57,5261.57,5261.57,none
102989,2024-02-07,15:59:00,2024-02-07 15:59:00,Operations,5100,Office Supplies,Reyes-Glover,17316.07,Elizabeth Shea,Tanner Avila,PO12177,INV794529,17316.07,17316.07,17316.07,none
104831,2024-02-07,16:06:00,2024-02-07 16:06:00,Procurement,5300,Professional Fees,Nichols LLC,14382.48,Jeffrey Hancock,Timothy Johnson,PO993642,INV15465,14382.48,14382.48,14382.48,duplicate_payment
101765,2024-02-07,16:48:00,2024-02-07 16:48:00,Procurement,5000,Raw Materials Expense,Davidson-Frank,25345.45,Michael Rivas,Austin Cohen,PO397886,INV921546,25345.45,25345.45,25345.45,none
103716,2024-02-07,16:59:00,2024-02-07 16:59:00,Sales,5000,Raw Materials Expense,"Dixon, Jackson and Benjamin",34810.03,Michael Macdonald,Kyle King,PO407204,INV32885,34810.03,34810.03,34810.03,none
105016,2024-02-07,18:28:00,2024-02-07 18:28:00,Sales,5000,Raw Materials Expense,Smith-Wise,7547.79,Elizabeth Shea,Thomas Martin,PO809469,INV184144,7547.79,7547.79,7547.79,duplicate_payment
104028,2024-02-07,18:38:00,2024-02-07 18:38:00,Procurement,5300,Professional Fees,Becker-Martinez,29093.9,Sergio Arroyo,Donna Weber,PO184948,INV946531,29093.9,29093.9,29093.9,none
100507,2024-02-08,09:04:00,2024-02-08 09:04:00,IT,5500,Utilities,Willis Group,43445.68,Donald Ferguson,Taylor Carroll,PO483706,INV932784,43445.68,43445.68,43445.68,none
103525,2024-02-08,09:20:00,2024-02-08 09:20:00,Finance,5000,Raw Materials Expense,Pearson PLC,25558.6,Tanner Avila,Mary Harrison,PO235529,INV636103,25558.6,25558.6,25558.6,none
103920,2024-02-08,09:37:00,2024-02-08 09:37:00,Marketing,5300,Professional Fees,Mays-Ortega,13185.75,Sergio Arroyo,Mary Harrison,PO185851,INV677714,13185.75,13185.75,13185.75,none
102258,2024-02-08,09:46:00,2024-02-08 09:46:00,Procurement,5100,Office Supplies,Smith-Parker,24827.22,Lawrence Davis,Donald Ferguson,PO575131,INV55260,24827.22,24827.22,24827.22,none
100450,2024-02-08,10:25:00,2024-02-08 10:25:00,Finance,5500,Utilities,Harris PLC,19160.2,Brittany Jackson,Anita Harris,PO370932,INV717430,19160.2,19160.2,19160.2,none
102680,2024-02-08,10:42:00,2024-02-08 10:42:00,Procurement,5000,Raw Materials Expense,Harper-Hernandez,9078.52,Brittany Jackson,Joy Hernandez,PO37294,INV829241,9078.52,9078.52,9078.52,none
102257,2024-02-08,11:23:00,2024-02-08 11:23:00,Sales,6000,Vendor Payments,Torres-Mendoza,11648.17,Jeffrey Hancock,Michael Rivas,PO788007,INV736930,11648.17,11648.17,11648.17,none
102919,2024-02-08,11:46:00,2024-02-08 11:46:00,Operations,6000,Vendor Payments,Murphy Inc,38513.61,Gerald Freeman,Alyssa Jackson,PO895267,INV744433,38513.61,38513.61,38513.61,none
104995,2024-02-08,11:58:00,2024-02-08 11:58:00,IT,5400,IT & Software,"White, Tucker and Wolf",25817.96,Christopher Chung,Sergio Arroyo,PO80825,INV722309,25817.96,30748.64,30748.64,three_way_mismatch
101688,2024-02-08,13:21:00,2024-02-08 13:21:00,Marketing,5000,Raw Materials Expense,"Mills, Crane and Kim",16285.68,Lindsey Lewis,Elizabeth Boyle,PO98811,INV182846,16285.68,16285.68,16285.68,none
104108,2024-02-08,13:21:00,2024-02-08 13:21:00,IT,5500,Utilities,Jones Ltd,9640.25,Anita Harris,Janice Bush,PO939291,INV711481,9640.25,9640.25,9640.25,none
102329,2024-02-08,13:26:00,2024-02-08 13:26:00,Sales,5500,Utilities,Raymond-Lucas,14308.71,Tanner Avila,Dawn Hall,PO302094,INV249428,14308.71,14308.71,14308.71,none
104608,2024-02-08,13:40:00,2024-02-08 13:40:00,Sales,5500,Utilities,Tucker Group,20610.76,Leslie Robinson,Gerald Freeman,PO681495,INV657697,20610.76,20610.76,20610.76,none
104704,2024-02-08,13:47:00,2024-02-08 13:47:00,Sales,5100,Office Supplies,Tucker Group,10787.12,Kyle King,Christina Miller,PO428588,INV798169,10787.12,10787.12,10787.12,none
101506,2024-02-08,14:53:00,2024-02-08 14:53:00,Sales,5500,Utilities,"Robles, Moses and Morgan",10523.29,Joy Hernandez,James Dennis,PO936293,INV18458,10523.29,10523.29,10523.29,none
103696,2024-02-08,15:34:00,2024-02-08 15:34:00,IT,5300,Professional Fees,"Martin, Brewer and Young",8162.72,Gary Stone,Donald Ferguson,PO700141,INV101813,8162.72,8162.72,8162.72,none
102980,2024-02-08,16:03:00,2024-02-08 16:03:00,Sales,5400,IT & Software,Smith-Wise,14074.34,Christopher Chung,Joy Hernandez,PO768906,INV649362,14074.34,14074.34,14074.34,none
100624,2024-02-08,16:20:00,2024-02-08 16:20:00,Marketing,5300,Professional Fees,"Durham, Bowen and Hess",16454.72,Nicole Clarke,Gerald Freeman,PO588572,INV337831,16454.72,16454.72,16454.72,none
101484,2024-02-08,17:16:00,2024-02-08 17:16:00,HR,5200,Travel & Entertainment,Cowan-Powers,7854.11,Elizabeth Shea,Alyssa Jackson,PO880648,INV313152,7854.11,7854.11,7854.11,none
102695,2024-02-08,17:18:00,2024-02-08 17:18:00,HR,5200,Travel & Entertainment,"Dixon, Jackson and Benjamin",5860.66,Austin Cohen,Gary Mays,PO321438,INV284461,5860.66,5860.66,5860.66,none
100538,2024-02-08,17:57:00,2024-02-08 17:57:00,Procurement,5000,Raw Materials Expense,"Duncan, Graham and Stark",25026.27,Gerald Freeman,Kyle King,PO314501,INV736417,25026.27,25026.27,25026.27,none
104758,2024-02-08,18:05:00,2024-02-08 18:05:00,Sales,5400,IT & Software,Stevens-Gibson,19815.32,Donna Weber,Christina Miller,PO101021,INV947165,19815.32,19815.32,19815.32,none
101911,2024-02-09,09:08:00,2024-02-09 09:08:00,Sales,5100,Office Supplies,Smith-Wise,14028.64,Autumn Reed,Christopher Chung,PO750843,INV478365,14028.64,14028.64,14028.64,none
101586,2024-02-09,09:36:00,2024-02-09 09:36:00,Sales,5200,Travel & Entertainment,Lopez Ltd,7708.2,Donald Ferguson,Michael Rivas,PO13796,INV270073,7708.2,7708.2,7708.2,none
104458,2024-02-09,10:38:00,2024-02-09 10:38:00,Finance,5400,IT & Software,Torres-Mendoza,18917.99,Dawn Hall,Tanner Avila,PO944479,INV756473,18917.99,18917.99,18917.99,none
100225,2024-02-09,10:39:00,2024-02-09 10:39:00,Operations,5300,Professional Fees,"Brown, Baker and Alvarado",17683.59,Lindsey Lewis,Brittany Jackson,PO103998,INV351864,17683.59,17683.59,17683.59,none
103089,2024-02-09,10:45:00,2024-02-09 10:45:00,Finance,5100,Office Supplies,Mays-Ortega,29891.45,Donna Weber,Michael Rivas,PO435358,INV258221,29891.45,29891.45,29891.45,none
100814,2024-02-09,12:33:00,2024-02-09 12:33:00,HR,5000,Raw Materials Expense,Scott-Bailey,22954.32,Nicole Chavez,Elizabeth Boyle,PO526217,INV274627,22954.32,22954.32,22954.32,none
101657,2024-02-09,12:43:00,2024-02-09 12:43:00,Marketing,5000,Raw Materials Expense,Harris PLC,14821.11,Nicole Chavez,Christina Miller,PO610168,INV403278,14821.11,14821.11,14821.11,none
103917,2024-02-09,13:04:00,2024-02-09 13:04:00,Finance,5400,IT & Software,Galvan Group,3722.51,Gary Mays,Jeffrey Hancock,PO310108,INV48955,3722.51,3722.51,3722.51,none
103837,2024-02-09,13:38:00,2024-02-09 13:38:00,Operations,5500,Utilities,Smith-Parker,25426.29,Sergio Arroyo,Gary Stone,PO203198,INV524657,25426.29,25426.29,25426.29,none
100237,2024-02-09,13:54:00,2024-02-09 13:54:00,Operations,5100,Office Supplies,"Gardner, Perry and Cruz",14324.46,Elizabeth Shea,Gerald Freeman,PO983894,INV669473,14324.46,14324.46,14324.46,none
104992,2024-02-09,14:44:00,2024-02-09 14:44:00,Marketing,5000,Raw Materials Expense,White-Thomas,10390.17,Kyle King,Kyle King,PO539488,INV485164,10390.17,10390.17,10390.17,segregation_violation
100827,2024-02-09,14:50:00,2024-02-09 14:50:00,Finance,5000,Raw Materials Expense,Smith-Parker,11788.96,Kyle King,Timothy Johnson,PO490781,INV284335,11788.96,11788.96,11788.96,none
104362,2024-02-09,15:31:00,2024-02-09 15:31:00,Marketing,5100,Office Supplies,Willis Group,32466.39,Autumn Reed,Christina Miller,PO527707,INV287150,32466.39,32466.39,32466.39,none
104364,2024-02-09,16:39:00,2024-02-09 16:39:00,IT,5100,Office Supplies,Harris PLC,4610.77,Austin Cohen,Michael Rivas,PO377707,INV404424,4610.77,4610.77,4610.77,none
101076,2024-02-09,17:12:00,2024-02-09 17:12:00,Finance,5000,Raw Materials Expense,Powers Group,6413.66,Patricia Perry,Sergio Arroyo,PO479486,INV688564,6413.66,6413.66,6413.66,none
100699,2024-02-09,17:16:00,2024-02-09 17:16:00,HR,5100,Office Supplies,"Dixon, Jackson and Benjamin",38937.32,Brittany Jackson,Dawn Hall,PO939589,INV893947,38937.32,38937.32,38937.32,none
101818,2024-02-09,17:28:00,2024-02-09 17:28:00,IT,5000,Raw Materials Expense,Evans Ltd,14145.91,Lawrence Davis,Dawn Hall,PO53566,INV965621,14145.91,14145.91,14145.91,none
104476,2024-02-09,17:43:00,2024-02-09 17:43:00,Finance,5000,Raw Materials Expense,Young Inc,11575.42,Donald Ferguson,James Dennis,PO32487,INV35363,11575.42,11575.42,11575.42,none
104420,2024-02-09,17:46:00,2024-02-09 17:46:00,Operations,5500,Utilities,"Yang, Weber and Nielsen",49925.04,Autumn Reed,Christine Gonzales,PO815143,INV764693,49925.04,49925.04,49925.04,none
104068,2024-02-09,18:21:00,2024-02-09 18:21:00,Marketing,5500,Utilities,"Duncan, Graham and Stark",19225.81,Lawrence Davis,Elizabeth Boyle,PO732130,INV520602,19225.81,19225.81,19225.81,none
100488,2024-02-09,18:23:00,2024-02-09 18:23:00,Finance,5100,Office Supplies,Harris PLC,34542.98,Elizabeth Boyle,Gary Stone,PO403496,INV584525,34542.98,34542.98,34542.98,none
101627,2024-02-09,18:39:00,2024-02-09 18:39:00,Marketing,5000,Raw Materials Expense,Larson PLC,25081.97,Taylor Carroll,Leslie Robinson,PO599457,INV805959,25081.97,25081.97,25081.97,none
105005,2024-02-11,16:06:00,2024-02-11 16:06:00,Procurement,5300,Professional Fees,Nichols LLC,14382.48,Jeffrey Hancock,Timothy Johnson,PO993642,INV15465,14382.48,14382.48,14382.48,duplicate_payment
104964,2024-02-12,03:18:00,2024-02-12 03:18:00,Operations,5500,Utilities,Hopkins Inc,15430.03,Mary Harrison,Patricia Perry,PO590426,INV52575,15430.03,15430.03,15430.03,odd_hour_posting
102479,2024-02-12,09:39:00,2024-02-12 09:39:00,Finance,5200,Travel & Entertainment,Jones Inc,6187.26,Donna Weber,Taylor Carroll,PO35189,INV606074,6187.26,6187.26,6187.26,none
102210,2024-02-12,10:15:00,2024-02-12 10:15:00,Procurement,5100,Office Supplies,"Brown, Baker and Alvarado",17915.7,Brittany Jackson,Patricia Lopez,PO812694,INV405082,17915.7,17915.7,17915.7,none
104609,2024-02-12,10:37:00,2024-02-12 10:37:00,IT,5100,Office Supplies,"Yang, Weber and Nielsen",18192.03,Gerald Freeman,Kyle King,PO12138,INV901373,18192.03,18192.03,18192.03,none
103331,2024-02-12,10:44:00,2024-02-12 10:44:00,Sales,5100,Office Supplies,"Mills, Crane and Kim",24872.87,Joy Hernandez,Gary Mays,PO2243,INV464165,24872.87,24872.87,24872.87,none
102475,2024-02-12,10:50:00,2024-02-12 10:50:00,HR,5300,Professional Fees,"Durham, Bowen and Hess",3213.9,Donald Ferguson,Austin Cohen,PO194098,INV569967,3213.9,3213.9,3213.9,none
104184,2024-02-12,11:04:00,2024-02-12 11:04:00,Marketing,5400,IT & Software,Gomez Ltd,7012.62,Autumn Reed,Anita Harris,PO938393,INV817097,7012.62,7012.62,7012.62,none
103016,2024-02-12,11:11:00,2024-02-12 11:11:00,Finance,5500,Utilities,Reyes-Glover,17418.45,Patricia Lopez,Autumn Reed,PO848546,INV76552,17418.45,17418.45,17418.45,none
100958,2024-02-12,11:32:00,2024-02-12 11:32:00,IT,5400,IT & Software,"Jefferson, Sullivan and Young",22055.75,Patricia Perry,Christina Miller,PO686035,INV313851,22055.75,22055.75,22055.75,none
102855,2024-02-12,12:23:00,2024-02-12 12:23:00,Marketing,5100,Office Supplies,Schneider-Clark,12905.98,Thomas Martin,Gary Stone,PO790061,INV873794,12905.98,12905.98,12905.98,none
102598,2024-02-12,12:30:00,2024-02-12 12:30:00,Sales,6000,Vendor Payments,Pearson PLC,12548.2,Timothy Johnson,Donald Ferguson,PO96852,INV981253,12548.2,12548.2,12548.2,none
104713,2024-02-12,13:38:00,2024-02-12 13:38:00,Marketing,5100,Office Supplies,Stevens-Gibson,15794.29,Taylor Carroll,Alyssa Jackson,PO552616,INV735017,15794.29,15794.29,15794.29,none
100717,2024-02-12,13:38:00,2024-02-12 13:38:00,Operations,5100,Office Supplies,Murphy Inc,31107.59,Corey Jones,James Dennis,PO974276,INV653777,31107.59,31107.59,31107.59,none
104196,2024-02-12,14:02:00,2024-02-12 14:02:00,Operations,6000,Vendor Payments,"Martin, Brewer and Young",13335.35,Timothy Johnson,Austin Cohen,PO43185,INV820250,13335.35,13335.35,13335.35,none
102154,2024-02-12,14:14:00,2024-02-12 14:14:00,IT,6000,Vendor Payments,"Cherry, Martin and Compton",27084.15,Patricia Perry,Timothy Johnson,PO257123,INV715606,27084.15,27084.15,27084.15,none
101097,2024-02-12,14:31:00,2024-02-12 14:31:00,Sales,5300,Professional Fees,Torres-Mendoza,11897.31,Dawn Hall,Patricia Perry,PO24194,INV806629,11897.31,11897.31,11897.31,none
100267,2024-02-12,15:05:00,2024-02-12 15:05:00,Operations,5200,Travel & Entertainment,"Robles, Moses and Morgan",5744.69,Joy Hernandez,Gary Stone,PO568623,INV847885,5744.69,5744.69,5744.69,none
100090,2024-02-12,15:08:00,2024-02-12 15:08:00,Procurement,5300,Professional Fees,"Nelson, Duncan and Smith",23647.64,Sean Kelly,Thomas Martin,PO887184,INV380480,23647.64,23647.64,23647.64,none
101924,2024-02-12,15:53:00,2024-02-12 15:53:00,IT,5100,Office Supplies,Stewart-Russell,33888.26,Patricia Lopez,Elizabeth Shea,PO689569,INV313817,33888.26,33888.26,33888.26,none
102857,2024-02-12,16:01:00,2024-02-12 16:01:00,Marketing,5400,IT & Software,"Hernandez, Hopkins and Houston",9279.4,Denise Elliott,Austin Cohen,PO451912,INV513718,9279.4,9279.4,9279.4,none
100386,2024-02-12,16:54:00,2024-02-12 16:54:00,HR,5300,Professional Fees,Gomez Ltd,1837.6,Autumn Reed,Patricia Lopez,PO613095,INV370355,1837.6,1837.6,1837.6,none
101550,2024-02-12,17:16:00,2024-02-12 17:16:00,Procurement,5000,Raw Materials Expense,Willis Group,5707.07,Christine Gonzales,Mary Harrison,PO897696,INV504264,5707.07,5707.07,5707.07,none
103449,2024-02-12,17:27:00,2024-02-12 17:27:00,Marketing,5500,Utilities,"Duncan, Graham and Stark",32874.12,Michael Fox,Janice Bush,PO210270,INV319024,32874.12,32874.12,32874.12,none
101378,2024-02-12,17:42:00,2024-02-12 17:42:00,Sales,5200,Travel & Entertainment,Schneider-Clark,22760.23,Anita Harris,Christina Miller,PO974584,INV683860,22760.23,22760.23,22760.23,none
102633,2024-02-12,18:48:00,2024-02-12 18:48:00,Procurement,5300,Professional Fees,"Durham, Bowen and Hess",5974.26,Donna Weber,Donald Ferguson,PO727800,INV988730,5974.26,5974.26,5974.26,none
104287,2024-02-12,18:53:00,2024-02-12 18:53:00,HR,5000,Raw Materials Expense,Mora-Lynn,15932.24,Sean Kelly,James Dennis,PO693530,INV699696,15932.24,15932.24,15932.24,none
102236,2024-02-13,09:00:00,2024-02-13 09:00:00,Marketing,5400,IT & Software,Nichols LLC,9989.27,Donna Weber,Austin Cohen,PO508074,INV780630,9989.27,9989.27,9989.27,none
101741,2024-02-13,09:17:00,2024-02-13 09:17:00,Procurement,5300,Professional Fees,Stevens-Gibson,7778.97,Joy Hernandez,Anita Harris,PO443897,INV17752,7778.97,7778.97,7778.97,none
101800,2024-02-13,09:17:00,2024-02-13 09:17:00,Procurement,5200,Travel & Entertainment,Cowan-Powers,17155.85,Timothy Johnson,Brittany Jackson,PO729097,INV556134,17155.85,17155.85,17155.85,none
104432,2024-02-13,09:49:00,2024-02-13 09:49:00,Finance,5400,IT & Software,"Howard, Tucker and Flores",11850.86,James Dennis,Thomas Martin,PO23252,INV87221,11850.86,11850.86,11850.86,none
100842,2024-02-13,10:47:00,2024-02-13 10:47:00,Marketing,5100,Office Supplies,Raymond-Lucas,31586.17,Dawn Hall,Denise Elliott,PO412013,INV754832,31586.17,31586.17,31586.17,none
102582,2024-02-13,11:13:00,2024-02-13 11:13:00,Finance,5000,Raw Materials Expense,Galvan Group,28825.67,Patricia Lopez,Tanner Avila,PO626330,INV455027,28825.67,28825.67,28825.67,none
100431,2024-02-13,11:20:00,2024-02-13 11:20:00,Marketing,5500,Utilities,Stewart-Russell,6080.8,Michael Fox,Taylor Carroll,PO368831,INV155606,6080.8,6080.8,6080.8,none
100962,2024-02-13,11:38:00,2024-02-13 11:38:00,Sales,6000,Vendor Payments,Nichols LLC,9033.48,Donna Weber,Christine Gonzales,PO359468,INV565149,9033.48,9033.48,9033.48,none
100946,2024-02-13,11:41:00,2024-02-13 11:41:00,IT,5300,Professional Fees,Schneider-Clark,4987.12,Tanner Avila,Elizabeth Shea,PO312024,INV519973,4987.12,4987.12,4987.12,none
102831,2024-02-13,12:32:00,2024-02-13 12:32:00,IT,5000,Raw Materials Expense,"Duncan, Graham and Stark",4053.42,Lindsey Lewis,Corey Jones,PO804724,INV368130,4053.42,4053.42,4053.42,none
103966,2024-02-13,13:13:00,2024-02-13 13:13:00,Procurement,5000,Raw Materials Expense,Scott-Bailey,14282.71,Sergio Arroyo,Corey Jones,PO2210,INV746433,14282.71,14282.71,14282.71,none
104417,2024-02-13,13:39:00,2024-02-13 13:39:00,IT,5000,Raw Materials Expense,Jones Ltd,13264.77,Thomas Martin,Alyssa Jackson,PO282092,INV592294,13264.77,13264.77,13264.77,none
102245,2024-02-13,14:04:00,2024-02-13 14:04:00,Procurement,5300,Professional Fees,Schneider-Clark,5989.86,Sean Kelly,Christine Gonzales,PO668970,INV656234,5989.86,5989.86,5989.86,none
101236,2024-02-13,14:20:00,2024-02-13 14:20:00,Marketing,5000,Raw Materials Expense,Stewart-Russell,49400.7,Joy Hernandez,Nicole Chavez,PO333360,INV295464,49400.7,49400.7,49400.7,none
100771,2024-02-13,15:19:00,2024-02-13 15:19:00,Procurement,5000,Raw Materials Expense,Murphy Inc,12262.15,Mary Harrison,Denise Elliott,PO429459,INV481818,12262.15,12262.15,12262.15,none
104784,2024-02-13,15:19:00,2024-02-13 15:19:00,HR,5200,Travel & Entertainment,Torres-Mendoza,15410.75,Nicole Clarke,Jeffrey Hancock,PO764423,INV73540,15410.75,15410.75,15410.75,none
101158,2024-02-13,15:23:00,2024-02-13 15:23:00,HR,6000,Vendor Payments,"Yang, Weber and Nielsen",30532.36,Patricia Perry,Leslie Robinson,PO974181,INV540728,30532.36,30532.36,30532.36,none
103324,2024-02-13,16:04:00,2024-02-13 16:04:00,Operations,5000,Raw Materials Expense,Ballard-Jenkins,18396.17,Elizabeth Boyle,Christina Miller,PO828727,INV144211,18396.17,18396.17,18396.17,none
101977,2024-02-13,17:06:00,2024-02-13 17:06:00,IT,5000,Raw Materials Expense,Galvan Group,4547.49,Kyle King,Lawrence Davis,PO525780,INV14862,4547.49,4547.49,4547.49,none
104298,2024-02-13,17:54:00,2024-02-13 17:54:00,IT,5200,Travel & Entertainment,"Martin, Brewer and Young",15914.97,Michael Rivas,Leslie Robinson,PO367258,INV957279,15914.97,15914.97,15914.97,none
100395,2024-02-13,18:18:00,2024-02-13 18:18:00,Operations,5300,Professional Fees,"White, Tucker and Wolf",11502.09,Timothy Johnson,Brittany Jackson,PO765768,INV905808,11502.09,11502.09,11502.09,none
104503,2024-02-14,09:00:00,2024-02-14 09:00:00,Sales,5500,Utilities,Cowan-Powers,12694.23,Nicole Clarke,Timothy Johnson,PO714967,INV606113,12694.23,12694.23,12694.23,none
102478,2024-02-14,09:10:00,2024-02-14 09:10:00,Procurement,5100,Office Supplies,Powers Group,18348.37,Dawn Hall,Christine Gonzales,PO835957,INV240011,18348.37,18348.37,18348.37,none
102746,2024-02-14,09:49:00,2024-02-14 09:49:00,Marketing,5100,Office Supplies,"Smith, Montgomery and Reyes",8143.19,Jeffrey Hancock,Michael Fox,PO203646,INV402738,8143.19,8143.19,8143.19,none
100465,2024-02-14,10:08:00,2024-02-14 10:08:00,IT,5100,Office Supplies,Becker-Martinez,16785.96,Michael Macdonald,Anita Harris,PO273020,INV66970,16785.96,16785.96,16785.96,none
101536,2024-02-14,10:08:00,2024-02-14 10:08:00,IT,5200,Travel & Entertainment,Young Inc,7132.1,Timothy Johnson,Brittany Jackson,PO449018,INV988731,7132.1,7132.1,7132.1,none
100283,2024-02-14,10:19:00,2024-02-14 10:19:00,Finance,5300,Professional Fees,Stevens-Gibson,3878.22,Janice Bush,Elizabeth Shea,PO68938,INV923325,3878.22,3878.22,3878.22,none
102962,2024-02-14,10:45:00,2024-02-14 10:45:00,Procurement,5000,Raw Materials Expense,Rogers Ltd,29799.7,Kyle King,Dawn Hall,PO946094,INV497688,29799.7,29799.7,29799.7,none
101205,2024-02-14,11:08:00,2024-02-14 11:08:00,IT,5500,Utilities,"Smith, Montgomery and Reyes",7089.78,Kyle King,Michael Fox,PO308124,INV800325,7089.78,7089.78,7089.78,none
104757,2024-02-14,11:20:00,2024-02-14 11:20:00,HR,5400,IT & Software,Hughes-Nichols,5207.51,Dawn Hall,Brittany Jackson,PO23394,INV159465,5207.51,5207.51,5207.51,none
102972,2024-02-14,11:27:00,2024-02-14 11:27:00,IT,5400,IT & Software,"Decker, Eaton and Arnold",13144.57,Elizabeth Shea,Thomas Martin,PO840512,INV92436,13144.57,13144.57,13144.57,none
104946,2024-02-14,11:57:00,2024-02-14 11:57:00,Operations,5300,Professional Fees,Miller LLC,33560.72,Lindsey Lewis,Lindsey Lewis,PO264036,INV776889,33560.72,33560.72,33560.72,segregation_violation
100673,2024-02-14,13:48:00,2024-02-14 13:48:00,Finance,6000,Vendor Payments,Hopkins Inc,25744.22,Michael Fox,Mary Harrison,PO970619,INV28600,25744.22,25744.22,25744.22,none
101207,2024-02-14,13:49:00,2024-02-14 13:49:00,Sales,5500,Utilities,"Decker, Eaton and Arnold",26850.93,Tanner Avila,Janice Bush,PO3528,INV5442,26850.93,26850.93,26850.93,none
102374,2024-02-14,13:56:00,2024-02-14 13:56:00,Finance,5300,Professional Fees,Larson PLC,6030.21,Tanner Avila,Nicole Chavez,PO724249,INV868463,6030.21,6030.21,6030.21,none
100279,2024-02-14,14:42:00,2024-02-14 14:42:00,Marketing,5000,Raw Materials Expense,"Hernandez, Hopkins and Houston",17313.17,Patricia Lopez,Anita Harris,PO840876,INV614899,17313.17,17313.17,17313.17,none
103372,2024-02-14,14:55:00,2024-02-14 14:55:00,Finance,5500,Utilities,Powers Group,28098.42,Alyssa Jackson,Lawrence Davis,PO865313,INV550963,28098.42,28098.42,28098.42,none
100478,2024-02-14,15:07:00,2024-02-14 15:07:00,IT,5300,Professional Fees,Scott-Bailey,16401.53,Lawrence Davis,Lindsey Lewis,PO55715,INV26907,16401.53,16401.53,16401.53,none
100922,2024-02-14,15:25:00,2024-02-14 15:25:00,IT,5000,Raw Materials Expense,Jones Inc,10083.86,Brittany Jackson,Lindsey Lewis,PO625770,INV752508,10083.86,10083.86,10083.86,none
103144,2024-02-14,15:46:00,2024-02-14 15:46:00,Finance,5400,IT & Software,Rivera-Charles,10605.43,Patricia Lopez,Nicole Chavez,PO51148,INV43713,10605.43,10605.43,10605.43,none
104229,2024-02-14,15:56:00,2024-02-14 15:56:00,HR,5500,Utilities,Schneider-Clark,11057.06,Christine Gonzales,Thomas Martin,PO294739,INV258171,11057.06,11057.06,11057.06,none
101607,2024-02-14,16:06:00,2024-02-14 16:06:00,Marketing,5000,Raw Materials Expense,Lopez Ltd,13368.79,Michael Fox,Sean Kelly,PO781830,INV665332,13368.79,13368.79,13368.79,none
100442,2024-02-14,16:55:00,2024-02-14 16:55:00,Marketing,5000,Raw Materials Expense,"Hernandez, Hopkins and Houston",8827.01,Michael Rivas,Dawn Hall,PO976561,INV45224,8827.01,8827.01,8827.01,none
100490,2024-02-14,17:29:00,2024-02-14 17:29:00,Operations,5000,Raw Materials Expense,"Cherry, Martin and Compton",8904.55,Anita Harris,Patricia Perry,PO511276,INV7273,8904.55,8904.55,8904.55,none
102208,2024-02-14,17:54:00,2024-02-14 17:54:00,Marketing,5400,IT & Software,Murphy Inc,10791.35,Jeffrey Hancock,Elizabeth Shea,PO618200,INV532287,10791.35,10791.35,10791.35,none
103628,2024-02-14,18:14:00,2024-02-14 18:14:00,Marketing,5100,Office Supplies,Galvan Group,13608.87,Mary Harrison,Patricia Lopez,PO126692,INV607250,13608.87,13608.87,13608.87,none
104644,2024-02-14,18:21:00,2024-02-14 18:21:00,Marketing,6000,Vendor Payments,Reyes-Glover,8278.27,Denise Elliott,Janice Bush,PO595654,INV392506,8278.27,8278.27,8278.27,none
104023,2024-02-15,09:04:00,2024-02-15 09:04:00,Procurement,6000,Vendor Payments,Smith-Parker,677.98,Sergio Arroyo,Michael Rivas,PO806974,INV441502,677.98,677.98,677.98,none
104006,2024-02-15,09:15:00,2024-02-15 09:15:00,Marketing,5400,IT & Software,Willis Group,13956.41,Leslie Robinson,Corey Jones,PO601257,INV424236,13956.41,13956.41,13956.41,none
102649,2024-02-15,09:24:00,2024-02-15 09:24:00,Sales,5200,Travel & Entertainment,"Dixon, Jackson and Benjamin",19511.34,Kyle King,Mary Harrison,PO99125,INV295388,19511.34,19511.34,19511.34,none
104450,2024-02-15,10:20:00,2024-02-15 10:20:00,Finance,5400,IT & Software,"Hernandez, Hopkins and Houston",8412.29,Christine Gonzales,Leslie Robinson,PO199995,INV140207,8412.29,8412.29,8412.29,none
104558,2024-02-15,11:24:00,2024-02-15 11:24:00,Finance,6000,Vendor Payments,"Yang, Weber and Nielsen",9057.93,Janice Bush,Elizabeth Shea,PO801785,INV255339,9057.93,9057.93,9057.93,none
100593,2024-02-15,11:39:00,2024-02-15 11:39:00,Marketing,6000,Vendor Payments,Hughes-Nichols,2958.51,Sean Kelly,Gerald Freeman,PO59106,INV427966,2958.51,2958.51,2958.51,none
101738,2024-02-15,11:39:00,2024-02-15 11:39:00,Operations,5300,Professional Fees,"Jefferson, Sullivan and Young",11255.77,Janice Bush,Thomas Martin,PO383199,INV116551,11255.77,11255.77,11255.77,none
102309,2024-02-15,12:28:00,2024-02-15 12:28:00,Marketing,5300,Professional Fees,"Smith, Montgomery and Reyes",9235.36,Denise Elliott,Sean Kelly,PO287096,INV605120,9235.36,9235.36,9235.36,none
101686,2024-02-15,12:46:00,2024-02-15 12:46:00,IT,5500,Utilities,Mora-Lynn,11811.27,James Dennis,Gerald Freeman,PO806932,INV547007,11811.27,11811.27,11811.27,none
103500,2024-02-15,13:02:00,2024-02-15 13:02:00,HR,5400,IT & Software,Evans Ltd,15014.32,Lindsey Lewis,Jeffrey Hancock,PO414848,INV465694,15014.32,15014.32,15014.32,none
103519,2024-02-15,14:03:00,2024-02-15 14:03:00,HR,6000,Vendor Payments,Becker-Martinez,11447.58,Dawn Hall,Denise Elliott,PO180086,INV315254,11447.58,11447.58,11447.58,none
102854,2024-02-15,15:03:00,2024-02-15 15:03:00,HR,5300,Professional Fees,Mays-Ortega,5235.72,Sergio Arroyo,Gerald Freeman,PO954587,INV310748,5235.72,5235.72,5235.72,none
102424,2024-02-15,15:16:00,2024-02-15 15:16:00,Procurement,5300,Professional Fees,Mora-Lynn,6526.78,Alyssa Jackson,Tanner Avila,PO640015,INV370122,6526.78,6526.78,6526.78,none
103070,2024-02-15,15:43:00,2024-02-15 15:43:00,Procurement,5500,Utilities,"Jefferson, Sullivan and Young",32790.33,Gerald Freeman,Mary Harrison,PO161202,INV352662,32790.33,32790.33,32790.33,none
102662,2024-02-15,17:18:00,2024-02-15 17:18:00,HR,5500,Utilities,Evans Ltd,11149.91,Taylor Carroll,Anita Harris,PO600914,INV12787,11149.91,11149.91,11149.91,none
104201,2024-02-15,18:11:00,2024-02-15 18:11:00,HR,5500,Utilities,Young Inc,7145.37,Christine Gonzales,Christina Miller,PO911123,INV768468,7145.37,7145.37,7145.37,none
101264,2024-02-15,18:42:00,2024-02-15 18:42:00,IT,5300,Professional Fees,Torres-Mendoza,17414.65,Alyssa Jackson,Anita Harris,PO130512,INV970283,17414.65,17414.65,17414.65,none
102999,2024-02-15,18:50:00,2024-02-15 18:50:00,Finance,5200,Travel & Entertainment,Smith-Wise,4986.77,Austin Cohen,Tanner Avila,PO848553,INV33266,4986.77,4986.77,4986.77,none
101004,2024-02-15,18:56:00,2024-02-15 18:56:00,Operations,5000,Raw Materials Expense,Rogers Ltd,3734.34,Autumn Reed,Leslie Robinson,PO221595,INV463874,3734.34,3734.34,3734.34,none
104958,2024-02-16,09:59:00,2024-02-16 09:59:00,Operations,5000,Raw Materials Expense,Schneider-Clark,10000.0,Lindsey Lewis,Timothy Johnson,PO967218,INV34455,10000.0,10000.0,10000.0,round_number
100459,2024-02-16,10:00:00,2024-02-16 10:00:00,Operations,5500,Utilities,"Morton, Reynolds and Anderson",9830.48,James Dennis,Alyssa Jackson,PO950620,INV539505,9830.48,9830.48,9830.48,none
101272,2024-02-16,10:06:00,2024-02-16 10:06:00,Marketing,5400,IT & Software,"Yang, Weber and Nielsen",5139.95,Brittany Jackson,Michael Rivas,PO158476,INV39850,5139.95,5139.95,5139.95,none
100878,2024-02-16,10:45:00,2024-02-16 10:45:00,Finance,5500,Utilities,Willis Group,35954.73,Gerald Freeman,Austin Cohen,PO251836,INV697777,35954.73,35954.73,35954.73,none
100787,2024-02-16,11:00:00,2024-02-16 11:00:00,IT,5300,Professional Fees,Scott-Bailey,15833.1,Autumn Reed,Lawrence Davis,PO442067,INV789270,15833.1,15833.1,15833.1,none
100502,2024-02-16,11:51:00,2024-02-16 11:51:00,Sales,5300,Professional Fees,"Morton, Reynolds and Anderson",9170.1,Anita Harris,Michael Rivas,PO611564,INV913719,9170.1,9170.1,9170.1,none
100503,2024-02-16,12:22:00,2024-02-16 12:22:00,IT,5200,Travel & Entertainment,Mays-Ortega,16280.73,Taylor Carroll,Donna Weber,PO686088,INV829365,16280.73,16280.73,16280.73,none
100180,2024-02-16,12:41:00,2024-02-16 12:41:00,Operations,5200,Travel & Entertainment,Raymond-Lucas,15082.16,Austin Cohen,Corey Jones,PO98528,INV307377,15082.16,15082.16,15082.16,none
101370,2024-02-16,13:41:00,2024-02-16 13:41:00,HR,5300,Professional Fees,Jones Ltd,19326.38,Anita Harris,Timothy Johnson,PO366021,INV54193,19326.38,19326.38,19326.38,none
101952,2024-02-16,13:50:00,2024-02-16 13:50:00,HR,6000,Vendor Payments,Tucker Group,5656.11,Elizabeth Shea,Christine Gonzales,PO739705,INV917119,5656.11,5656.11,5656.11,none
102718,2024-02-16,14:59:00,2024-02-16 14:59:00,HR,5400,IT & Software,Jones Ltd,33221.68,Donna Weber,Anita Harris,PO621773,INV105394,33221.68,33221.68,33221.68,none
100170,2024-02-16,15:00:00,2024-02-16 15:00:00,Sales,6000,Vendor Payments,"Gardner, Perry and Cruz",20879.16,Kyle King,Sean Kelly,PO14678,INV213014,20879.16,20879.16,20879.16,none
101192,2024-02-16,15:51:00,2024-02-16 15:51:00,Operations,5300,Professional Fees,Cowan-Powers,16514.91,Sean Kelly,Mary Harrison,PO755182,INV752887,16514.91,16514.91,16514.91,none
100132,2024-02-16,16:22:00,2024-02-16 16:22:00,Finance,5100,Office Supplies,"Nelson, Duncan and Smith",7338.38,Tanner Avila,Christina Miller,PO988849,INV67650,7338.38,7338.38,7338.38,none
103888,2024-02-16,16:34:00,2024-02-16 16:34:00,IT,5500,Utilities,Reyes-Glover,3298.15,Dawn Hall,Donald Ferguson,PO88624,INV857893,3298.15,3298.15,3298.15,none
103210,2024-02-16,16:45:00,2024-02-16 16:45:00,Operations,5000,Raw Materials Expense,Stevens-Gibson,15296.1,Timothy Johnson,Thomas Martin,PO322608,INV902823,15296.1,15296.1,15296.1,none
103677,2024-02-16,16:47:00,2024-02-16 16:47:00,Finance,6000,Vendor Payments,Young Inc,6310.9,James Dennis,Corey Jones,PO457154,INV571117,6310.9,6310.9,6310.9,none
103460,2024-02-16,17:09:00,2024-02-16 17:09:00,IT,5500,Utilities,"Jefferson, Sullivan and Young",10695.58,Elizabeth Shea,Janice Bush,PO470271,INV77308,10695.58,10695.58,10695.58,none
100344,2024-02-16,17:28:00,2024-02-16 17:28:00,HR,5300,Professional Fees,"Mills, Crane and Kim",9229.1,Gary Mays,Taylor Carroll,PO735774,INV774097,9229.1,9229.1,9229.1,none
101941,2024-02-16,17:49:00,2024-02-16 17:49:00,Finance,5500,Utilities,Ballard-Jenkins,18846.55,Janice Bush,Gary Stone,PO646552,INV468225,18846.55,18846.55,18846.55,none
101910,2024-02-16,18:09:00,2024-02-16 18:09:00,Operations,5100,Office Supplies,Hughes-Nichols,48261.39,Autumn Reed,Lawrence Davis,PO25837,INV785248,48261.39,48261.39,48261.39,none
104815,2024-02-17,12:48:00,2024-02-17 12:48:00,Finance,5500,Utilities,Francis-Burke,35666.74,Michael Macdonald,James Dennis,PO269877,INV951789,35666.74,35666.74,35666.74,weekend_posting
104813,2024-02-17,17:36:00,2024-02-17 17:36:00,Finance,6000,Vendor Payments,"Mills, Crane and Kim",16089.12,Taylor Carroll,Thomas Martin,PO303156,INV373714,16089.12,16089.12,16089.12,weekend_posting
102242,2024-02-19,09:08:00,2024-02-19 09:08:00,Marketing,5100,Office Supplies,"Mills, Crane and Kim",19024.28,Denise Elliott,Anita Harris,PO446517,INV742041,19024.28,19024.28,19024.28,none
102328,2024-02-19,09:23:00,2024-02-19 09:23:00,Operations,5300,Professional Fees,Scott-Bailey,2373.92,Sean Kelly,Gerald Freeman,PO952266,INV166299,2373.92,2373.92,2373.92,none
104769,2024-02-19,09:46:00,2024-02-19 09:46:00,Procurement,5000,Raw Materials Expense,Reyes-Glover,39120.89,Patricia Perry,Tanner Avila,PO637493,INV484793,39120.89,39120.89,39120.89,none
104620,2024-02-19,10:11:00,2024-02-19 10:11:00,Sales,5100,Office Supplies,"Yang, Weber and Nielsen",18354.56,Gary Stone,Lindsey Lewis,PO978047,INV764473,18354.56,18354.56,18354.56,none
102647,2024-02-19,10:47:00,2024-02-19 10:47:00,Operations,5300,Professional Fees,Mora-Lynn,12684.03,Donna Weber,Sergio Arroyo,PO786329,INV791710,12684.03,12684.03,12684.03,none
101089,2024-02-19,10:58:00,2024-02-19 10:58:00,Finance,5000,Raw Materials Expense,Rivera-Charles,2625.34,Michael Fox,Autumn Reed,PO199320,INV730111,2625.34,2625.34,2625.34,none
103149,2024-02-19,11:46:00,2024-02-19 11:46:00,Sales,5500,Utilities,Rogers Ltd,17560.25,Nicole Chavez,Christina Miller,PO784239,INV220066,17560.25,17560.25,17560.25,none
101386,2024-02-19,11:46:00,2024-02-19 11:46:00,Marketing,5100,Office Supplies,Hopkins Inc,2210.47,Nicole Chavez,Lawrence Davis,PO84925,INV72761,2210.47,2210.47,2210.47,none
100632,2024-02-19,12:00:00,2024-02-19 12:00:00,IT,5500,Utilities,Humphrey-Berg,12442.99,Alyssa Jackson,Austin Cohen,PO951097,INV500762,12442.99,12442.99,12442.99,none
101432,2024-02-19,12:33:00,2024-02-19 12:33:00,Marketing,5000,Raw Materials Expense,Schneider-Clark,63348.35,Timothy Johnson,Donna Weber,PO279227,INV50359,63348.35,63348.35,63348.35,none
102744,2024-02-19,12:51:00,2024-02-19 12:51:00,Sales,6000,Vendor Payments,Harris PLC,12599.58,Corey Jones,Sergio Arroyo,PO197314,INV5624,12599.58,12599.58,12599.58,none
104073,2024-02-19,12:52:00,2024-02-19 12:52:00,HR,5400,IT & Software,Miller LLC,7186.24,Austin Cohen,Gerald Freeman,PO650635,INV373102,7186.24,7186.24,7186.24,none
102890,2024-02-19,13:05:00,2024-02-19 13:05:00,Operations,5300,Professional Fees,Harper-Hernandez,26375.58,Janice Bush,Denise Elliott,PO785810,INV270922,26375.58,26375.58,26375.58,none
102511,2024-02-19,13:19:00,2024-02-19 13:19:00,Sales,5300,Professional Fees,Young Inc,18034.0,Gerald Freeman,Brittany Jackson,PO260537,INV589437,18034.0,18034.0,18034.0,none
101742,2024-02-19,13:36:00,2024-02-19 13:36:00,Marketing,5500,Utilities,Jones Inc,7747.64,Christopher Chung,Mary Harrison,PO447005,INV27881,7747.64,7747.64,7747.64,none
100196,2024-02-19,14:51:00,2024-02-19 14:51:00,Procurement,6000,Vendor Payments,Reyes-Glover,12371.47,Donald Ferguson,Alyssa Jackson,PO582681,INV368686,12371.47,12371.47,12371.47,none
100006,2024-02-19,14:54:00,2024-02-19 14:54:00,Finance,5100,Office Supplies,Young Inc,23433.65,Christopher Chung,Jeffrey Hancock,PO193548,INV399346,23433.65,23433.65,23433.65,none
102407,2024-02-19,15:13:00,2024-02-19 15:13:00,Procurement,5400,IT & Software,Galvan Group,30383.46,Gary Stone,Elizabeth Shea,PO462633,INV763847,30383.46,30383.46,30383.46,none
101117,2024-02-19,15:22:00,2024-02-19 15:22:00,Sales,6000,Vendor Payments,Humphrey-Berg,10898.92,Christine Gonzales,Taylor Carroll,PO949902,INV500870,10898.92,10898.92,10898.92,none
100032,2024-02-19,15:22:00,2024-02-19 15:22:00,HR,5400,IT & Software,Smith-Wise,10238.55,Lawrence Davis,Nicole Clarke,PO991371,INV781941,10238.55,10238.55,10238.55,none
100422,2024-02-19,16:46:00,2024-02-19 16:46:00,Sales,5400,IT & Software,Smith-Wise,19334.12,Christine Gonzales,Nicole Clarke,PO406848,INV384324,19334.12,19334.12,19334.12,none
101925,2024-02-19,17:17:00,2024-02-19 17:17:00,Marketing,5000,Raw Materials Expense,Gomez Ltd,10439.03,Alyssa Jackson,Lindsey Lewis,PO702511,INV238485,10439.03,10439.03,10439.03,none
104483,2024-02-19,18:14:00,2024-02-19 18:14:00,HR,5100,Office Supplies,Young Inc,20834.03,Sergio Arroyo,Gary Mays,PO585210,INV427875,20834.03,20834.03,20834.03,none
101312,2024-02-19,18:48:00,2024-02-19 18:48:00,Procurement,5200,Travel & Entertainment,"Durham, Bowen and Hess",21274.84,Brittany Jackson,Michael Macdonald,PO280712,INV932670,21274.84,21274.84,21274.84,none
101348,2024-02-20,10:04:00,2024-02-20 10:04:00,HR,5500,Utilities,Reyes-Glover,17669.33,Gary Stone,James Dennis,PO518737,INV583977,17669.33,17669.33,17669.33,none
102381,2024-02-20,11:24:00,2024-02-20 11:24:00,IT,5300,Professional Fees,Smith-Wise,2709.39,Corey Jones,Gary Mays,PO292355,INV531099,2709.39,2709.39,2709.39,none
104495,2024-02-20,11:26:00,2024-02-20 11:26:00,HR,5500,Utilities,"White, Tucker and Wolf",3490.32,Taylor Carroll,Timothy Johnson,PO237822,INV436405,3490.32,3490.32,3490.32,none
104887,2024-02-20,12:07:00,2024-02-20 12:07:00,IT,5400,IT & Software,Stevens-Gibson,10962.82,Michael Macdonald,Michael Macdonald,PO505198,INV753285,10962.82,10962.82,10962.82,segregation_violation
104374,2024-02-20,12:46:00,2024-02-20 12:46:00,HR,5400,IT & Software,Murphy Inc,2076.43,Christine Gonzales,Michael Rivas,PO647889,INV236976,2076.43,2076.43,2076.43,none
104698,2024-02-20,14:10:00,2024-02-20 14:10:00,Sales,6000,Vendor Payments,Jones Ltd,6641.31,Elizabeth Boyle,Thomas Martin,PO991329,INV28439,6641.31,6641.31,6641.31,none
101846,2024-02-20,14:18:00,2024-02-20 14:18:00,HR,5200,Travel & Entertainment,Smith-Parker,4116.99,Mary Harrison,Elizabeth Boyle,PO882041,INV503583,4116.99,4116.99,4116.99,none
100850,2024-02-20,14:31:00,2024-02-20 14:31:00,IT,5300,Professional Fees,"Gardner, Perry and Cruz",13798.51,Brittany Jackson,Joy Hernandez,PO42365,INV984612,13798.51,13798.51,13798.51,none
100392,2024-02-20,15:14:00,2024-02-20 15:14:00,IT,5500,Utilities,Reyes-Glover,5241.56,Christina Miller,Christine Gonzales,PO880946,INV913343,5241.56,5241.56,5241.56,none
101122,2024-02-20,16:06:00,2024-02-20 16:06:00,Operations,5400,IT & Software,"Dixon, Jackson and Benjamin",3168.39,Elizabeth Boyle,Timothy Johnson,PO61776,INV973406,3168.39,3168.39,3168.39,none
102198,2024-02-20,16:11:00,2024-02-20 16:11:00,Sales,5400,IT & Software,Humphrey-Berg,35062.69,Donna Weber,James Dennis,PO758538,INV637697,35062.69,35062.69,35062.69,none
103886,2024-02-20,16:12:00,2024-02-20 16:12:00,Marketing,5300,Professional Fees,Powers Group,38235.37,Joy Hernandez,Gary Mays,PO982997,INV533385,38235.37,38235.37,38235.37,none
100177,2024-02-20,16:39:00,2024-02-20 16:39:00,HR,5500,Utilities,Scott-Bailey,6973.38,Denise Elliott,Tanner Avila,PO502059,INV208020,6973.38,6973.38,6973.38,none
100370,2024-02-20,16:48:00,2024-02-20 16:48:00,Finance,5200,Travel & Entertainment,Ballard-Jenkins,4431.9,Nicole Clarke,Anita Harris,PO401838,INV741406,4431.9,4431.9,4431.9,none
100972,2024-02-20,17:06:00,2024-02-20 17:06:00,Procurement,6000,Vendor Payments,Rivera-Charles,13633.77,Autumn Reed,Tanner Avila,PO80209,INV384467,13633.77,13633.77,13633.77,none
103504,2024-02-20,18:41:00,2024-02-20 18:41:00,IT,5400,IT & Software,Torres-Mendoza,9746.8,Lindsey Lewis,Joy Hernandez,PO249569,INV156428,9746.8,9746.8,9746.8,none
103494,2024-02-21,09:11:00,2024-02-21 09:11:00,Marketing,6000,Vendor Payments,"Jefferson, Sullivan and Young",9082.52,Christine Gonzales,Jeffrey Hancock,PO160326,INV726748,9082.52,9082.52,9082.52,none
102077,2024-02-21,09:34:00,2024-02-21 09:34:00,Marketing,5100,Office Supplies,Young Inc,14930.42,Michael Fox,Patricia Lopez,PO158075,INV43615,14930.42,14930.42,14930.42,none
104274,2024-02-21,10:09:00,2024-02-21 10:09:00,Sales,6000,Vendor Payments,Francis-Burke,54950.81,Mary Harrison,Christopher Chung,PO958287,INV710129,54950.81,54950.81,54950.81,none
102147,2024-02-21,10:40:00,2024-02-21 10:40:00,Marketing,6000,Vendor Payments,"Gardner, Perry and Cruz",3441.76,Elizabeth Boyle,Michael Fox,PO871788,INV690499,3441.76,3441.76,3441.76,none
103219,2024-02-21,11:05:00,2024-02-21 11:05:00,Sales,5300,Professional Fees,Smith-Parker,30408.77,Nicole Chavez,Leslie Robinson,PO766490,INV364609,30408.77,30408.77,30408.77,none
103857,2024-02-21,11:16:00,2024-02-21 11:16:00,Marketing,5200,Travel & Entertainment,"Cherry, Martin and Compton",37311.05,Nicole Clarke,Christine Gonzales,PO671405,INV16730,37311.05,37311.05,37311.05,none
101152,2024-02-21,11:44:00,2024-02-21 11:44:00,Marketing,5300,Professional Fees,Smith-Wise,12494.03,Michael Macdonald,Christopher Chung,PO716844,INV668622,12494.03,12494.03,12494.03,none
102451,2024-02-21,11:47:00,2024-02-21 11:47:00,Finance,5100,Office Supplies,"Morton, Reynolds and Anderson",7414.57,Christina Miller,Gerald Freeman,PO698176,INV677568,7414.57,7414.57,7414.57,none
101835,2024-02-21,11:55:00,2024-02-21 11:55:00,Operations,5200,Travel & Entertainment,Torres-Mendoza,5859.08,Janice Bush,Corey Jones,PO716240,INV874702,5859.08,5859.08,5859.08,none
103904,2024-02-21,11:59:00,2024-02-21 11:59:00,IT,6000,Vendor Payments,"Duncan, Graham and Stark",10244.37,Donald Ferguson,Sean Kelly,PO876422,INV769506,10244.37,10244.37,10244.37,none
100113,2024-02-21,12:18:00,2024-02-21 12:18:00,HR,6000,Vendor Payments,Nichols LLC,11656.02,Taylor Carroll,Patricia Perry,PO974409,INV195162,11656.02,11656.02,11656.02,none
101707,2024-02-21,12:46:00,2024-02-21 12:46:00,HR,5500,Utilities,Stewart-Russell,30472.9,Kyle King,Michael Macdonald,PO364436,INV646611,30472.9,30472.9,30472.9,none
101706,2024-02-21,13:14:00,2024-02-21 13:14:00,Procurement,5000,Raw Materials Expense,Smith-Parker,20399.54,Gary Stone,Lawrence Davis,PO848144,INV407674,20399.54,20399.54,20399.54,none
103275,2024-02-21,13:15:00,2024-02-21 13:15:00,HR,5100,Office Supplies,Rogers Ltd,14924.76,Sergio Arroyo,Joy Hernandez,PO835737,INV624722,14924.76,14924.76,14924.76,none
101882,2024-02-21,13:41:00,2024-02-21 13:41:00,Procurement,5200,Travel & Entertainment,Cowan-Powers,53741.14,Anita Harris,Leslie Robinson,PO938410,INV269133,53741.14,53741.14,53741.14,none
100754,2024-02-21,13:51:00,2024-02-21 13:51:00,Sales,5400,IT & Software,Tucker Group,8448.53,Sean Kelly,James Dennis,PO786270,INV309465,8448.53,8448.53,8448.53,none
100558,2024-02-21,13:55:00,2024-02-21 13:55:00,Marketing,5000,Raw Materials Expense,"Robles, Moses and Morgan",9686.25,Jeffrey Hancock,Timothy Johnson,PO634729,INV854980,9686.25,9686.25,9686.25,none
100540,2024-02-21,14:13:00,2024-02-21 14:13:00,IT,5100,Office Supplies,Evans Ltd,12835.05,Tanner Avila,Gerald Freeman,PO548000,INV449106,12835.05,12835.05,12835.05,none
102086,2024-02-21,14:23:00,2024-02-21 14:23:00,Procurement,5300,Professional Fees,Stevens-Gibson,8899.25,Michael Macdonald,Kyle King,PO613088,INV387326,8899.25,8899.25,8899.25,none
104884,2024-02-21,14:46:00,2024-02-21 14:46:00,Marketing,5500,Utilities,"Duncan, Graham and Stark",14298.78,Janice Bush,Jeffrey Hancock,PO952439,INV826862,14298.78,14298.78,14298.78,duplicate_payment
101560,2024-02-21,15:24:00,2024-02-21 15:24:00,IT,5400,IT & Software,Tucker Group,5919.52,Autumn Reed,Mary Harrison,PO236296,INV610859,5919.52,5919.52,5919.52,none
101512,2024-02-21,15:31:00,2024-02-21 15:31:00,IT,5100,Office Supplies,Gross-Morrison,25224.87,Christine Gonzales,Autumn Reed,PO224117,INV946617,25224.87,25224.87,25224.87,none
102778,2024-02-21,15:51:00,2024-02-21 15:51:00,HR,5100,Office Supplies,Pearson PLC,32051.38,Michael Macdonald,Gerald Freeman,PO303241,INV892369,32051.38,32051.38,32051.38,none
104005,2024-02-21,15:57:00,2024-02-21 15:57:00,Marketing,5100,Office Supplies,Hopkins Inc,46604.39,Christina Miller,Donald Ferguson,PO733001,INV316584,46604.39,46604.39,46604.39,none
102134,2024-02-21,16:15:00,2024-02-21 16:15:00,IT,6000,Vendor Payments,Murphy Inc,12330.97,Christine Gonzales,Donald Ferguson,PO691207,INV649965,12330.97,12330.97,12330.97,none
102828,2024-02-21,16:25:00,2024-02-21 16:25:00,Procurement,5100,Office Supplies,"Jefferson, Sullivan and Young",3953.26,Michael Macdonald,Sean Kelly,PO427419,INV427166,3953.26,3953.26,3953.26,none
104646,2024-02-21,16:59:00,2024-02-21 16:59:00,Sales,5200,Travel & Entertainment,Stevens-Gibson,15528.54,Taylor Carroll,Anita Harris,PO282733,INV113037,15528.54,15528.54,15528.54,none
103735,2024-02-21,17:27:00,2024-02-21 17:27:00,IT,5000,Raw Materials Expense,"Hernandez, Hopkins and Houston",19933.55,Mary Harrison,Michael Macdonald,PO946805,INV567300,19933.55,19933.55,19933.55,none
103366,2024-02-21,17:45:00,2024-02-21 17:45:00,Procurement,5500,Utilities,Nichols LLC,14757.32,Elizabeth Boyle,Janice Bush,PO699791,INV968079,14757.32,14757.32,14757.32,none
100149,2024-02-21,17:58:00,2024-02-21 17:58:00,HR,5200,Travel & Entertainment,"Silva, Jones and Oliver",8160.01,Jeffrey Hancock,Anita Harris,PO744569,INV675447,8160.01,8160.01,8160.01,none
100354,2024-02-21,18:02:00,2024-02-21 18:02:00,Marketing,5000,Raw Materials Expense,"Decker, Eaton and Arnold",5260.06,Gary Mays,Nicole Chavez,PO757960,INV135864,5260.06,5260.06,5260.06,none
103489,2024-02-21,18:31:00,2024-02-21 18:31:00,Finance,5500,Utilities,Mays-Ortega,13138.84,Donald Ferguson,Elizabeth Shea,PO409321,INV983419,13138.84,13138.84,13138.84,none
100577,2024-02-22,09:32:00,2024-02-22 09:32:00,HR,6000,Vendor Payments,Davidson-Frank,8205.73,Kyle King,Taylor Carroll,PO218720,INV966475,8205.73,8205.73,8205.73,none
101311,2024-02-22,09:35:00,2024-02-22 09:35:00,Marketing,5300,Professional Fees,Gomez Ltd,28049.52,Michael Fox,Alyssa Jackson,PO98092,INV601206,28049.52,28049.52,28049.52,none
101315,2024-02-22,09:38:00,2024-02-22 09:38:00,HR,5200,Travel & Entertainment,"Nelson, Duncan and Smith",10371.54,Leslie Robinson,Jeffrey Hancock,PO686522,INV387614,10371.54,10371.54,10371.54,none
101654,2024-02-22,10:29:00,2024-02-22 10:29:00,Procurement,5100,Office Supplies,"Martin, Brewer and Young",22919.47,Thomas Martin,Taylor Carroll,PO201658,INV145201,22919.47,22919.47,22919.47,none
103558,2024-02-22,10:48:00,2024-02-22 10:48:00,IT,5100,Office Supplies,"White, Tucker and Wolf",10739.85,Denise Elliott,Nicole Clarke,PO498819,INV647608,10739.85,10739.85,10739.85,none
104062,2024-02-22,10:59:00,2024-02-22 10:59:00,HR,6000,Vendor Payments,"Mills, Crane and Kim",27683.82,James Dennis,Brittany Jackson,PO983592,INV80366,27683.82,27683.82,27683.82,none
104487,2024-02-22,11:04:00,2024-02-22 11:04:00,HR,5200,Travel & Entertainment,Smith-Parker,21096.32,Anita Harris,Lawrence Davis,PO284031,INV498125,21096.32,21096.32,21096.32,none
100398,2024-02-22,11:05:00,2024-02-22 11:05:00,Procurement,5000,Raw Materials Expense,"Morton, Reynolds and Anderson",29748.58,Alyssa Jackson,Dawn Hall,PO755962,INV939574,29748.58,29748.58,29748.58,none
100505,2024-02-22,11:07:00,2024-02-22 11:07:00,Operations,5400,IT & Software,Pearson PLC,9067.73,Janice Bush,Lawrence Davis,PO254044,INV876849,9067.73,9067.73,9067.73,none
104791,2024-02-22,11:16:00,2024-02-22 11:16:00,Finance,5400,IT & Software,Smith-Wise,37960.56,Denise Elliott,Autumn Reed,PO70685,INV43224,37960.56,37960.56,37960.56,none
100220,2024-02-22,11:16:00,2024-02-22 11:16:00,Marketing,5200,Travel & Entertainment,"Howard, Tucker and Flores",7374.69,Denise Elliott,Michael Rivas,PO908861,INV923875,7374.69,7374.69,7374.69,none
104245,2024-02-22,11:21:00,2024-02-22 11:21:00,Sales,5400,IT & Software,Raymond-Lucas,8133.59,Thomas Martin,Elizabeth Shea,PO2482,INV176255,8133.59,8133.59,8133.59,none
103317,2024-02-22,11:44:00,2024-02-22 11:44:00,Procurement,5100,Office Supplies,Powers Group,29414.01,Christopher Chung,Dawn Hall,PO862691,INV657737,29414.01,29414.01,29414.01,none
103012,2024-02-22,12:06:00,2024-02-22 12:06:00,Procurement,5300,Professional Fees,"Martin, Brewer and Young",6836.43,Michael Fox,Thomas Martin,PO331475,INV569727,6836.43,6836.43,6836.43,none
101080,2024-02-22,12:09:00,2024-02-22 12:09:00,Finance,6000,Vendor Payments,Francis-Burke,12768.76,Michael Macdonald,Christopher Chung,PO761008,INV385504,12768.76,12768.76,12768.76,none
100441,2024-02-22,12:19:00,2024-02-22 12:19:00,IT,5300,Professional Fees,Galvan Group,22560.1,Gary Mays,Alyssa Jackson,PO160325,INV326390,22560.1,22560.1,22560.1,none
102047,2024-02-22,13:59:00,2024-02-22 13:59:00,Finance,5200,Travel & Entertainment,Miller LLC,28137.33,Joy Hernandez,Corey Jones,PO612872,INV98670,28137.33,28137.33,28137.33,none
104955,2024-02-22,14:10:00,2024-02-22 14:10:00,Marketing,5500,Utilities,Hopkins Inc,265307.93,Kyle King,Donna Weber,PO287930,INV625306,265307.93,265307.93,265307.93,unusual_amount
102657,2024-02-22,14:28:00,2024-02-22 14:28:00,IT,5200,Travel & Entertainment,Davidson-Frank,21869.6,Austin Cohen,Lindsey Lewis,PO571822,INV391121,21869.6,21869.6,21869.6,none
104570,2024-02-22,14:55:00,2024-02-22 14:55:00,Marketing,5300,Professional Fees,Galvan Group,25180.71,Corey Jones,Christina Miller,PO329252,INV173372,25180.71,25180.71,25180.71,none
104160,2024-02-22,15:33:00,2024-02-22 15:33:00,HR,5000,Raw Materials Expense,Raymond-Lucas,33184.51,Donna Weber,Autumn Reed,PO955910,INV376787,33184.51,33184.51,33184.51,none
102848,2024-02-22,15:58:00,2024-02-22 15:58:00,Operations,5300,Professional Fees,Evans Ltd,11767.15,Janice Bush,Patricia Perry,PO81847,INV182049,11767.15,11767.15,11767.15,none
103212,2024-02-22,16:41:00,2024-02-22 16:41:00,Marketing,5500,Utilities,Harris PLC,11590.13,Michael Rivas,Janice Bush,PO363602,INV41182,11590.13,11590.13,11590.13,none
101392,2024-02-22,17:50:00,2024-02-22 17:50:00,Sales,5300,Professional Fees,"Morton, Reynolds and Anderson",17662.75,Taylor Carroll,Nicole Clarke,PO185037,INV368538,17662.75,17662.75,17662.75,none
103301,2024-02-22,18:56:00,2024-02-22 18:56:00,Procurement,5500,Utilities,"Howard, Tucker and Flores",5951.4,Brittany Jackson,Michael Macdonald,PO777890,INV941540,5951.4,5951.4,5951.4,none
101012,2024-02-23,09:59:00,2024-02-23 09:59:00,Finance,5400,IT & Software,Stevens-Gibson,7773.59,Anita Harris,Donna Weber,PO248460,INV42725,7773.59,7773.59,7773.59,none
102913,2024-02-23,10:11:00,2024-02-23 10:11:00,Finance,5400,IT & Software,Rivera-Charles,4884.54,Brittany Jackson,Thomas Martin,PO201631,INV348130,4884.54,4884.54,4884.54,none
101595,2024-02-23,10:23:00,2024-02-23 10:23:00,Finance,5500,Utilities,Mora-Lynn,8660.98,Leslie Robinson,Patricia Perry,PO612719,INV93184,8660.98,8660.98,8660.98,none
101637,2024-02-23,10:41:00,2024-02-23 10:41:00,Finance,5500,Utilities,Davidson-Frank,14732.88,Jeffrey Hancock,Donald Ferguson,PO154974,INV803220,14732.88,14732.88,14732.88,none
104607,2024-02-23,10:51:00,2024-02-23 10:51:00,Marketing,5400,IT & Software,"Dixon, Jackson and Benjamin",9819.05,Tanner Avila,Taylor Carroll,PO766248,INV543991,9819.05,9819.05,9819.05,none
104990,2024-02-23,11:40:00,2024-02-23 11:40:00,Marketing,5200,Travel & Entertainment,Harris PLC,14224.95,Leslie Robinson,Nicole Chavez,PO999217,INV685218,14224.95,14224.95,14224.95,duplicate_payment
102808,2024-02-23,11:48:00,2024-02-23 11:48:00,IT,5500,Utilities,Stevens-Gibson,5979.05,Michael Fox,Sergio Arroyo,PO249384,INV965893,5979.05,5979.05,5979.05,none
100817,2024-02-23,11:50:00,2024-02-23 11:50:00,IT,5400,IT & Software,"Howard, Tucker and Flores",18401.95,Anita Harris,Tanner Avila,PO893226,INV494678,18401.95,18401.95,18401.95,none
100494,2024-02-23,12:33:00,2024-02-23 12:33:00,Procurement,6000,Vendor Payments,Schneider-Clark,8453.03,Brittany Jackson,Michael Fox,PO657031,INV278884,8453.03,8453.03,8453.03,none
101685,2024-02-23,14:55:00,2024-02-23 14:55:00,Sales,5000,Raw Materials Expense,Mays-Ortega,6157.09,Autumn Reed,Denise Elliott,PO187907,INV225528,6157.09,6157.09,6157.09,none
103562,2024-02-23,15:37:00,2024-02-23 15:37:00,HR,5100,Office Supplies,"Brown, Baker and Alvarado",25482.93,Dawn Hall,Patricia Lopez,PO893275,INV756356,25482.93,25482.93,25482.93,none
100639,2024-02-23,15:42:00,2024-02-23 15:42:00,Sales,5500,Utilities,"Nelson, Duncan and Smith",57245.77,Patricia Lopez,Elizabeth Shea,PO985040,INV779122,57245.77,57245.77,57245.77,none
104226,2024-02-23,15:51:00,2024-02-23 15:51:00,Operations,5500,Utilities,"Silva, Jones and Oliver",13791.31,Christine Gonzales,Thomas Martin,PO280626,INV337317,13791.31,13791.31,13791.31,none
100617,2024-02-23,15:58:00,2024-02-23 15:58:00,Sales,5500,Utilities,Scott-Bailey,3352.62,Lindsey Lewis,Patricia Lopez,PO597131,INV712181,3352.62,3352.62,3352.62,none
101747,2024-02-23,16:01:00,2024-02-23 16:01:00,Procurement,5400,IT & Software,Jones Inc,4701.64,Lawrence Davis,Gary Mays,PO80146,INV263412,4701.64,4701.64,4701.64,none
104590,2024-02-23,16:47:00,2024-02-23 16:47:00,Finance,5400,IT & Software,Hopkins Inc,11732.0,Thomas Martin,Lindsey Lewis,PO501865,INV296455,11732.0,11732.0,11732.0,none
104439,2024-02-23,17:04:00,2024-02-23 17:04:00,HR,5300,Professional Fees,Pearson PLC,9392.55,Lawrence Davis,James Dennis,PO219470,INV383371,9392.55,9392.55,9392.55,none
102163,2024-02-23,18:14:00,2024-02-23 18:14:00,Marketing,5400,IT & Software,Stewart-Russell,27212.63,Corey Jones,Janice Bush,PO911241,INV258583,27212.63,27212.63,27212.63,none
104846,2024-02-26,09:05:00,2024-02-26 09:05:00,Sales,5300,Professional Fees,Gomez Ltd,9197.43,Autumn Reed,Christopher Chung,PO291637,INV562828,9197.43,9197.43,9197.43,duplicate_payment
104277,2024-02-26,09:33:00,2024-02-26 09:33:00,IT,5300,Professional Fees,White-Thomas,35464.64,Patricia Lopez,Dawn Hall,PO858003,INV340086,35464.64,35464.64,35464.64,none
100808,2024-02-26,10:33:00,2024-02-26 10:33:00,HR,5200,Travel & Entertainment,"Yang, Weber and Nielsen",11173.88,Michael Macdonald,Elizabeth Boyle,PO483507,INV376385,11173.88,11173.88,11173.88,none
102895,2024-02-26,10:39:00,2024-02-26 10:39:00,Finance,5400,IT & Software,Murphy Inc,12807.43,Elizabeth Boyle,Lindsey Lewis,PO833791,INV40455,12807.43,12807.43,12807.43,none
104926,2024-02-26,11:06:00,2024-02-26 11:06:00,HR,5200,Travel & Entertainment,Stevens-Gibson,17752.69,Corey Jones,Corey Jones,PO610875,INV429296,17752.69,17752.69,17752.69,segregation_violation
100976,2024-02-26,11:16:00,2024-02-26 11:16:00,IT,6000,Vendor Payments,White-Thomas,26253.26,Sean Kelly,Patricia Lopez,PO123208,INV776290,26253.26,26253.26,26253.26,none
103169,2024-02-26,11:33:00,2024-02-26 11:33:00,IT,5000,Raw Materials Expense,"White, Tucker and Wolf",15286.28,Dawn Hall,Christine Gonzales,PO687514,INV553852,15286.28,15286.28,15286.28,none
103531,2024-02-26,11:34:00,2024-02-26 11:34:00,Operations,5100,Office Supplies,Larson PLC,3878.32,Christopher Chung,Elizabeth Boyle,PO573962,INV224292,3878.32,3878.32,3878.32,none
100017,2024-02-26,11:40:00,2024-02-26 11:40:00,Sales,5400,IT & Software,Francis-Burke,8542.28,Donald Ferguson,Lindsey Lewis,PO473459,INV346243,8542.28,8542.28,8542.28,none
104135,2024-02-26,11:52:00,2024-02-26 11:52:00,Operations,5200,Travel & Entertainment,"Dixon, Jackson and Benjamin",40777.09,Sergio Arroyo,Christopher Chung,PO634369,INV158562,40777.09,40777.09,40777.09,none
104053,2024-02-26,12:00:00,2024-02-26 12:00:00,IT,5000,Raw Materials Expense,Reyes-Glover,5841.37,Patricia Perry,Gary Stone,PO536519,INV543504,5841.37,5841.37,5841.37,none
101699,2024-02-26,12:01:00,2024-02-26 12:01:00,Sales,5500,Utilities,"Morton, Reynolds and Anderson",3511.04,Sean Kelly,Jeffrey Hancock,PO113815,INV498837,3511.04,3511.04,3511.04,none
101705,2024-02-26,12:07:00,2024-02-26 12:07:00,Operations,5000,Raw Materials Expense,Hopkins Inc,23548.31,Lindsey Lewis,Michael Rivas,PO410973,INV625675,23548.31,23548.31,23548.31,none
103871,2024-02-26,12:23:00,2024-02-26 12:23:00,Finance,5200,Travel & Entertainment,Lopez Ltd,11562.18,Janice Bush,Gary Stone,PO66899,INV827497,11562.18,11562.18,11562.18,none
102246,2024-02-26,12:40:00,2024-02-26 12:40:00,Sales,5100,Office Supplies,Davidson-Frank,8306.89,Michael Fox,Michael Macdonald,PO261456,INV533757,8306.89,8306.89,8306.89,none
102554,2024-02-26,13:09:00,2024-02-26 13:09:00,Operations,5400,IT & Software,Powers Group,13662.52,Gary Mays,Tanner Avila,PO490406,INV871773,13662.52,13662.52,13662.52,none
100941,2024-02-26,13:55:00,2024-02-26 13:55:00,HR,5000,Raw Materials Expense,Rogers Ltd,6395.5,Janice Bush,Christine Gonzales,PO902059,INV224781,6395.5,6395.5,6395.5,none
104270,2024-02-26,14:02:00,2024-02-26 14:02:00,Operations,5100,Office Supplies,"Duncan, Graham and Stark",33994.48,Janice Bush,Christine Gonzales,PO470212,INV280355,33994.48,33994.48,33994.48,none
101427,2024-02-26,16:36:00,2024-02-26 16:36:00,Sales,5100,Office Supplies,Francis-Burke,10047.01,Patricia Lopez,Joy Hernandez,PO813516,INV742336,10047.01,10047.01,10047.01,none
103510,2024-02-26,18:30:00,2024-02-26 18:30:00,Procurement,5300,Professional Fees,"Jefferson, Sullivan and Young",31770.49,Janice Bush,Christina Miller,PO901141,INV470547,31770.49,31770.49,31770.49,none
102217,2024-02-27,10:26:00,2024-02-27 10:26:00,Sales,5100,Office Supplies,Larson PLC,6028.27,Elizabeth Boyle,Lindsey Lewis,PO661210,INV437301,6028.27,6028.27,6028.27,none
102043,2024-02-27,11:31:00,2024-02-27 11:31:00,IT,5400,IT & Software,Ballard-Jenkins,30787.03,Michael Fox,Anita Harris,PO944296,INV661353,30787.03,30787.03,30787.03,none
102787,2024-02-27,12:31:00,2024-02-27 12:31:00,HR,5300,Professional Fees,Torres-Mendoza,2880.11,Joy Hernandez,Nicole Clarke,PO616877,INV836281,2880.11,2880.11,2880.11,none
100795,2024-02-27,12:40:00,2024-02-27 12:40:00,Finance,5100,Office Supplies,Humphrey-Berg,7445.01,Lindsey Lewis,James Dennis,PO775145,INV957081,7445.01,7445.01,7445.01,none
101718,2024-02-27,13:43:00,2024-02-27 13:43:00,HR,6000,Vendor Payments,Schneider-Clark,24765.14,Taylor Carroll,Corey Jones,PO979019,INV487617,24765.14,24765.14,24765.14,none
102868,2024-02-27,14:27:00,2024-02-27 14:27:00,Marketing,5000,Raw Materials Expense,"Flores, Hood and Brown",10374.39,Timothy Johnson,Tanner Avila,PO875706,INV648411,10374.39,10374.39,10374.39,none
100928,2024-02-27,14:30:00,2024-02-27 14:30:00,Marketing,5200,Travel & Entertainment,Jones Ltd,18764.09,Nicole Clarke,Thomas Martin,PO992223,INV665001,18764.09,18764.09,18764.09,none
102408,2024-02-27,14:39:00,2024-02-27 14:39:00,Procurement,5500,Utilities,Smith-Parker,9108.08,Lindsey Lewis,Autumn Reed,PO465413,INV929224,9108.08,9108.08,9108.08,none
102803,2024-02-27,15:25:00,2024-02-27 15:25:00,Procurement,5400,IT & Software,Miller LLC,11690.84,Donald Ferguson,Elizabeth Shea,PO407986,INV322820,11690.84,11690.84,11690.84,none
102085,2024-02-27,16:01:00,2024-02-27 16:01:00,HR,5200,Travel & Entertainment,Smith-Wise,21943.97,Michael Rivas,Joy Hernandez,PO434141,INV232002,21943.97,21943.97,21943.97,none
103418,2024-02-27,16:07:00,2024-02-27 16:07:00,Marketing,6000,Vendor Payments,Murphy Inc,31877.46,Elizabeth Boyle,Gary Stone,PO741152,INV478663,31877.46,31877.46,31877.46,none
103109,2024-02-27,16:12:00,2024-02-27 16:12:00,Operations,5200,Travel & Entertainment,Cowan-Powers,10790.59,Nicole Clarke,Lindsey Lewis,PO36957,INV122756,10790.59,10790.59,10790.59,none
102097,2024-02-27,16:29:00,2024-02-27 16:29:00,Finance,5100,Office Supplies,Reyes-Glover,15792.13,Michael Macdonald,Nicole Chavez,PO337953,INV956330,15792.13,15792.13,15792.13,none
102069,2024-02-27,17:10:00,2024-02-27 17:10:00,IT,5000,Raw Materials Expense,Pearson PLC,17439.19,Nicole Chavez,Timothy Johnson,PO105149,INV73585,17439.19,17439.19,17439.19,none
103052,2024-02-27,17:27:00,2024-02-27 17:27:00,Operations,5500,Utilities,Rogers Ltd,19753.06,Dawn Hall,Timothy Johnson,PO628766,INV68495,19753.06,19753.06,19753.06,none
104541,2024-02-27,18:25:00,2024-02-27 18:25:00,Marketing,5200,Travel & Entertainment,Miller LLC,13726.7,Tanner Avila,Michael Fox,PO84146,INV731901,13726.7,13726.7,13726.7,none
101574,2024-02-27,18:27:00,2024-02-27 18:27:00,Operations,5500,Utilities,"Flores, Hood and Brown",37364.6,Corey Jones,Nicole Chavez,PO388611,INV905438,37364.6,37364.6,37364.6,none
104937,2024-02-28,03:11:00,2024-02-28 03:11:00,HR,6000,Vendor Payments,Young Inc,21977.48,Michael Rivas,Mary Harrison,PO806772,INV520651,21977.48,21977.48,21977.48,odd_hour_posting
102256,2024-02-28,09:51:00,2024-02-28 09:51:00,Operations,5500,Utilities,Reyes-Glover,32476.78,Elizabeth Boyle,Joy Hernandez,PO797529,INV549505,32476.78,32476.78,32476.78,none
100186,2024-02-28,10:30:00,2024-02-28 10:30:00,Finance,5000,Raw Materials Expense,Tucker Group,14051.44,Michael Macdonald,Sergio Arroyo,PO853154,INV272473,14051.44,14051.44,14051.44,none
102461,2024-02-28,10:42:00,2024-02-28 10:42:00,Procurement,5100,Office Supplies,Jones Ltd,43505.51,Gerald Freeman,Christina Miller,PO982032,INV768073,43505.51,43505.51,43505.51,none
104347,2024-02-28,11:30:00,2024-02-28 11:30:00,Finance,5400,IT & Software,"White, Tucker and Wolf",8927.84,Denise Elliott,Mary Harrison,PO336388,INV519179,8927.84,8927.84,8927.84,none
101662,2024-02-28,12:01:00,2024-02-28 12:01:00,HR,6000,Vendor Payments,Lopez Ltd,17591.05,Gary Mays,Brittany Jackson,PO31170,INV991641,17591.05,17591.05,17591.05,none
103186,2024-02-28,12:46:00,2024-02-28 12:46:00,Procurement,5100,Office Supplies,White-Thomas,14139.61,Christine Gonzales,Jeffrey Hancock,PO348927,INV710572,14139.61,14139.61,14139.61,none
101277,2024-02-28,13:03:00,2024-02-28 13:03:00,Sales,5300,Professional Fees,Ballard-Jenkins,8565.36,Christina Miller,Brittany Jackson,PO427374,INV476679,8565.36,8565.36,8565.36,none
103880,2024-02-28,13:04:00,2024-02-28 13:04:00,Operations,5300,Professional Fees,Humphrey-Berg,8870.01,Mary Harrison,Dawn Hall,PO424119,INV542000,8870.01,8870.01,8870.01,none
100200,2024-02-28,13:36:00,2024-02-28 13:36:00,Marketing,5000,Raw Materials Expense,"Howard, Tucker and Flores",9253.06,Janice Bush,Dawn Hall,PO995955,INV218792,9253.06,9253.06,9253.06,none
103961,2024-02-28,13:44:00,2024-02-28 13:44:00,HR,6000,Vendor Payments,Raymond-Lucas,21089.94,Denise Elliott,Dawn Hall,PO382714,INV284676,21089.94,21089.94,21089.94,none
101119,2024-02-28,14:10:00,2024-02-28 14:10:00,Finance,5400,IT & Software,Reyes-Glover,16159.77,Nicole Chavez,Elizabeth Boyle,PO473666,INV183795,16159.77,16159.77,16159.77,none
103919,2024-02-28,14:40:00,2024-02-28 14:40:00,Procurement,5100,Office Supplies,Gross-Morrison,65997.89,Sergio Arroyo,Alyssa Jackson,PO619720,INV455639,65997.89,65997.89,65997.89,none
100215,2024-02-28,15:01:00,2024-02-28 15:01:00,Operations,5500,Utilities,"Martin, Brewer and Young",16284.25,Michael Macdonald,Patricia Perry,PO508355,INV308286,16284.25,16284.25,16284.25,none
104326,2024-02-28,15:15:00,2024-02-28 15:15:00,Procurement,5300,Professional Fees,Becker-Martinez,6808.28,Autumn Reed,Corey Jones,PO627040,INV827357,6808.28,6808.28,6808.28,none
104772,2024-02-28,15:32:00,2024-02-28 15:32:00,Procurement,5300,Professional Fees,"Decker, Eaton and Arnold",10751.77,Janice Bush,Joy Hernandez,PO438134,INV88464,10751.77,10751.77,10751.77,none
104019,2024-02-28,15:49:00,2024-02-28 15:49:00,Procurement,5100,Office Supplies,"Howard, Tucker and Flores",46210.73,Sean Kelly,Thomas Martin,PO946248,INV687154,46210.73,46210.73,46210.73,none
100169,2024-02-28,16:04:00,2024-02-28 16:04:00,Marketing,5300,Professional Fees,Stevens-Gibson,12326.34,Patricia Perry,Christine Gonzales,PO79427,INV157154,12326.34,12326.34,12326.34,none
102513,2024-02-28,16:21:00,2024-02-28 16:21:00,Procurement,5100,Office Supplies,Rivera-Charles,18538.83,Gary Stone,Patricia Lopez,PO438344,INV559892,18538.83,18538.83,18538.83,none
102703,2024-02-28,17:11:00,2024-02-28 17:11:00,Operations,6000,Vendor Payments,Mays-Ortega,38321.5,James Dennis,Janice Bush,PO532357,INV132300,38321.5,38321.5,38321.5,none
100019,2024-02-28,17:48:00,2024-02-28 17:48:00,HR,5300,Professional Fees,Nichols LLC,13694.42,Michael Rivas,Sean Kelly,PO481018,INV99574,13694.42,13694.42,13694.42,none
100934,2024-02-28,18:38:00,2024-02-28 18:38:00,IT,5000,Raw Materials Expense,Pearson PLC,32586.96,Sean Kelly,Nicole Clarke,PO955360,INV581998,32586.96,32586.96,32586.96,none
102950,2024-02-29,09:11:00,2024-02-29 09:11:00,Sales,5100,Office Supplies,Lopez Ltd,9323.31,Austin Cohen,Donna Weber,PO673637,INV512304,9323.31,9323.31,9323.31,none
100914,2024-02-29,09:19:00,2024-02-29 09:19:00,IT,5000,Raw Materials Expense,Jones Ltd,3812.39,Brittany Jackson,Sergio Arroyo,PO971130,INV960864,3812.39,3812.39,3812.39,none
101932,2024-02-29,10:11:00,2024-02-29 10:11:00,IT,5000,Raw Materials Expense,Smith-Parker,45468.92,Anita Harris,Donald Ferguson,PO355443,INV910620,45468.92,45468.92,45468.92,none
100175,2024-02-29,10:15:00,2024-02-29 10:15:00,Sales,5000,Raw Materials Expense,"Brown, Baker and Alvarado",25449.53,Michael Fox,Christina Miller,PO587081,INV582170,25449.53,25449.53,25449.53,none
100050,2024-02-29,10:47:00,2024-02-29 10:47:00,IT,5000,Raw Materials Expense,"Cherry, Martin and Compton",17872.11,Elizabeth Shea,Gary Stone,PO691392,INV613091,17872.11,17872.11,17872.11,none
102588,2024-02-29,11:57:00,2024-02-29 11:57:00,Marketing,5400,IT & Software,Jones Ltd,6231.29,Donald Ferguson,Taylor Carroll,PO986364,INV461691,6231.29,6231.29,6231.29,none
101208,2024-02-29,11:57:00,2024-02-29 11:57:00,Operations,5100,Office Supplies,Smith-Wise,13064.2,Tanner Avila,Thomas Martin,PO745635,INV208862,13064.2,13064.2,13064.2,none
102801,2024-02-29,12:10:00,2024-02-29 12:10:00,Operations,5000,Raw Materials Expense,"Martin, Brewer and Young",38281.31,Denise Elliott,Gerald Freeman,PO862457,INV418830,38281.31,38281.31,38281.31,none
103637,2024-02-29,12:29:00,2024-02-29 12:29:00,Procurement,5300,Professional Fees,"Howard, Tucker and Flores",2565.06,Gary Stone,Michael Fox,PO586856,INV842556,2565.06,2565.06,2565.06,none
101982,2024-02-29,12:36:00,2024-02-29 12:36:00,IT,5200,Travel & Entertainment,Scott-Bailey,4771.52,Donald Ferguson,Alyssa Jackson,PO281661,INV413694,4771.52,4771.52,4771.52,none
104033,2024-02-29,12:56:00,2024-02-29 12:56:00,Marketing,5300,Professional Fees,Jones Inc,5662.27,Donald Ferguson,Christina Miller,PO922422,INV931677,5662.27,5662.27,5662.27,none
102507,2024-02-29,12:59:00,2024-02-29 12:59:00,HR,5100,Office Supplies,Galvan Group,11698.23,Janice Bush,Patricia Perry,PO65749,INV765270,11698.23,11698.23,11698.23,none
100064,2024-02-29,13:11:00,2024-02-29 13:11:00,IT,6000,Vendor Payments,Galvan Group,18456.84,Christopher Chung,Thomas Martin,PO218284,INV543910,18456.84,18456.84,18456.84,none
100645,2024-02-29,14:35:00,2024-02-29 14:35:00,IT,5100,Office Supplies,Ballard-Jenkins,13181.82,Sergio Arroyo,Elizabeth Boyle,PO120336,INV543157,13181.82,13181.82,13181.82,none
102348,2024-02-29,14:46:00,2024-02-29 14:46:00,HR,5500,Utilities,Hughes-Nichols,28308.46,James Dennis,Christine Gonzales,PO357824,INV89620,28308.46,28308.46,28308.46,none
101178,2024-02-29,16:02:00,2024-02-29 16:02:00,Finance,5100,Office Supplies,Stewart-Russell,5974.71,Anita Harris,Tanner Avila,PO519231,INV702057,5974.71,5974.71,5974.71,none
102187,2024-02-29,17:04:00,2024-02-29 17:04:00,IT,5400,IT & Software,Harper-Hernandez,29013.84,Brittany Jackson,Anita Harris,PO937388,INV810136,29013.84,29013.84,29013.84,none
103156,2024-02-29,18:05:00,2024-02-29 18:05:00,IT,5400,IT & Software,White-Thomas,8518.56,Michael Fox,Leslie Robinson,PO562963,INV806186,8518.56,8518.56,8518.56,none
102991,2024-02-29,18:23:00,2024-02-29 18:23:00,Marketing,5200,Travel & Entertainment,Larson PLC,14796.45,Lindsey Lewis,Jeffrey Hancock,PO441115,INV614284,14796.45,14796.45,14796.45,none
103726,2024-03-01,09:13:00,2024-03-01 09:13:00,Procurement,6000,Vendor Payments,Powers Group,15413.21,Sean Kelly,Nicole Chavez,PO660429,INV224952,15413.21,15413.21,15413.21,none
103907,2024-03-01,09:29:00,2024-03-01 09:29:00,Operations,5300,Professional Fees,Stewart-Russell,6309.7,Taylor Carroll,Donna Weber,PO345873,INV1363,6309.7,6309.7,6309.7,none
103081,2024-03-01,10:18:00,2024-03-01 10:18:00,Sales,6000,Vendor Payments,Hughes-Nichols,16857.68,Brittany Jackson,Elizabeth Shea,PO919006,INV713942,16857.68,16857.68,16857.68,none
100713,2024-03-01,10:30:00,2024-03-01 10:30:00,Sales,5400,IT & Software,Jones Inc,14633.82,Patricia Lopez,Nicole Clarke,PO716866,INV920323,14633.82,14633.82,14633.82,none
102572,2024-03-01,10:51:00,2024-03-01 10:51:00,Operations,5100,Office Supplies,Reyes-Glover,16539.78,Christopher Chung,Lawrence Davis,PO809884,INV65005,16539.78,16539.78,16539.78,none
100140,2024-03-01,11:31:00,2024-03-01 11:31:00,Procurement,5100,Office Supplies,Harper-Hernandez,14309.56,Austin Cohen,Corey Jones,PO517299,INV21710,14309.56,14309.56,14309.56,none
102138,2024-03-01,12:23:00,2024-03-01 12:23:00,Marketing,6000,Vendor Payments,Willis Group,11728.19,Jeffrey Hancock,Timothy Johnson,PO539251,INV710220,11728.19,11728.19,11728.19,none
100993,2024-03-01,12:51:00,2024-03-01 12:51:00,Procurement,5200,Travel & Entertainment,"Flores, Hood and Brown",3188.21,Donna Weber,Michael Macdonald,PO583774,INV209641,3188.21,3188.21,3188.21,none
101508,2024-03-01,13:19:00,2024-03-01 13:19:00,Finance,5000,Raw Materials Expense,"Duncan, Graham and Stark",19690.88,Lawrence Davis,Janice Bush,PO129205,INV840057,19690.88,19690.88,19690.88,none
103529,2024-03-01,13:58:00,2024-03-01 13:58:00,Procurement,5000,Raw Materials Expense,Rogers Ltd,12568.87,Elizabeth Boyle,Thomas Martin,PO258851,INV129086,12568.87,12568.87,12568.87,none
101659,2024-03-01,14:22:00,2024-03-01 14:22:00,Sales,5500,Utilities,Smith-Parker,21068.88,Taylor Carroll,Donna Weber,PO50824,INV50886,21068.88,21068.88,21068.88,none
103328,2024-03-01,14:37:00,2024-03-01 14:37:00,Operations,6000,Vendor Payments,Nichols LLC,8642.4,Patricia Perry,Austin Cohen,PO792369,INV188938,8642.4,8642.4,8642.4,none
103710,2024-03-01,14:55:00,2024-03-01 14:55:00,Marketing,5300,Professional Fees,Mays-Ortega,30305.88,Gary Stone,Joy Hernandez,PO816071,INV89887,30305.88,30305.88,30305.88,none
101569,2024-03-01,14:59:00,2024-03-01 14:59:00,Procurement,5200,Travel & Entertainment,"Howard, Tucker and Flores",24605.42,Nicole Chavez,Christine Gonzales,PO316027,INV593899,24605.42,24605.42,24605.42,none
103496,2024-03-01,15:03:00,2024-03-01 15:03:00,Marketing,5500,Utilities,"White, Tucker and Wolf",13754.08,Lawrence Davis,Thomas Martin,PO222053,INV994612,13754.08,13754.08,13754.08,none
103574,2024-03-01,15:14:00,2024-03-01 15:14:00,Operations,5100,Office Supplies,Galvan Group,6842.05,Donald Ferguson,Patricia Lopez,PO362095,INV575437,6842.05,6842.05,6842.05,none
103074,2024-03-01,15:31:00,2024-03-01 15:31:00,Sales,5100,Office Supplies,Smith-Parker,3761.02,Donald Ferguson,Gary Mays,PO629405,INV540448,3761.02,3761.02,3761.02,none
103445,2024-03-01,15:51:00,2024-03-01 15:51:00,Marketing,5400,IT & Software,Reyes-Glover,11671.45,Austin Cohen,Gary Stone,PO626940,INV633882,11671.45,11671.45,11671.45,none
102705,2024-03-01,16:30:00,2024-03-01 16:30:00,IT,5400,IT & Software,Galvan Group,4789.01,Tanner Avila,Kyle King,PO911485,INV229706,4789.01,4789.01,4789.01,none
104479,2024-03-01,16:35:00,2024-03-01 16:35:00,HR,6000,Vendor Payments,Galvan Group,13689.54,Dawn Hall,Gerald Freeman,PO305944,INV971125,13689.54,13689.54,13689.54,none
100367,2024-03-01,16:58:00,2024-03-01 16:58:00,Finance,5200,Travel & Entertainment,Becker-Martinez,5874.03,Autumn Reed,James Dennis,PO818990,INV360185,5874.03,5874.03,5874.03,none
102827,2024-03-01,17:07:00,2024-03-01 17:07:00,Procurement,5000,Raw Materials Expense,"Brown, Baker and Alvarado",13425.54,Janice Bush,Lindsey Lewis,PO319363,INV409682,13425.54,13425.54,13425.54,none
101466,2024-03-01,17:41:00,2024-03-01 17:41:00,Procurement,5000,Raw Materials Expense,"Howard, Tucker and Flores",40224.2,Corey Jones,Patricia Lopez,PO135443,INV414252,40224.2,40224.2,40224.2,none
101648,2024-03-01,18:50:00,2024-03-01 18:50:00,Operations,5100,Office Supplies,Jones Inc,2230.03,Elizabeth Shea,Joy Hernandez,PO427721,INV428217,2230.03,2230.03,2230.03,none
105019,2024-03-02,14:46:00,2024-03-02 14:46:00,Marketing,5500,Utilities,"Duncan, Graham and Stark",14298.78,Janice Bush,Jeffrey Hancock,PO952439,INV826862,14298.78,14298.78,14298.78,duplicate_payment
105044,2024-03-03,11:40:00,2024-03-03 11:40:00,Marketing,5200,Travel & Entertainment,Harris PLC,14224.95,Leslie Robinson,Nicole Chavez,PO999217,INV685218,14224.95,14224.95,14224.95,duplicate_payment
105008,2024-03-04,09:05:00,2024-03-04 09:05:00,Sales,5300,Professional Fees,Gomez Ltd,9197.43,Autumn Reed,Christopher Chung,PO291637,INV562828,9197.43,9197.43,9197.43,duplicate_payment
101565,2024-03-04,09:52:00,2024-03-04 09:52:00,Sales,5000,Raw Materials Expense,Galvan Group,43127.73,Gary Stone,Janice Bush,PO585232,INV270088,43127.73,43127.73,43127.73,none
102082,2024-03-04,10:11:00,2024-03-04 10:11:00,Operations,5100,Office Supplies,Young Inc,24271.64,Brittany Jackson,Taylor Carroll,PO404865,INV784325,24271.64,24271.64,24271.64,none
104354,2024-03-04,10:17:00,2024-03-04 10:17:00,Finance,5100,Office Supplies,"Robles, Moses and Morgan",17601.76,Elizabeth Shea,Jeffrey Hancock,PO327382,INV198400,17601.76,17601.76,17601.76,none
104712,2024-03-04,10:27:00,2024-03-04 10:27:00,HR,5500,Utilities,Becker-Martinez,26135.4,Dawn Hall,Elizabeth Boyle,PO94935,INV340575,26135.4,26135.4,26135.4,none
101810,2024-03-04,13:36:00,2024-03-04 13:36:00,Finance,6000,Vendor Payments,Willis Group,21686.79,Taylor Carroll,Autumn Reed,PO306081,INV36152,21686.79,21686.79,21686.79,none
100265,2024-03-04,14:27:00,2024-03-04 14:27:00,Finance,6000,Vendor Payments,Miller LLC,7206.57,Lindsey Lewis,Christine Gonzales,PO369436,INV894098,7206.57,7206.57,7206.57,none
104574,2024-03-04,14:41:00,2024-03-04 14:41:00,Procurement,5000,Raw Materials Expense,Schneider-Clark,7683.21,Lindsey Lewis,Elizabeth Shea,PO550813,INV939723,7683.21,7683.21,7683.21,none
102402,2024-03-04,15:52:00,2024-03-04 15:52:00,Sales,5200,Travel & Entertainment,Evans Ltd,18458.88,Nicole Chavez,Gary Stone,PO709591,INV156598,18458.88,18458.88,18458.88,none
104238,2024-03-04,16:06:00,2024-03-04 16:06:00,Finance,5000,Raw Materials Expense,"Robles, Moses and Morgan",8569.18,Nicole Chavez,Michael Fox,PO699298,INV439847,8569.18,8569.18,8569.18,none
101678,2024-03-04,16:10:00,2024-03-04 16:10:00,Operations,5300,Professional Fees,"Brown, Baker and Alvarado",10209.78,Gary Stone,Tanner Avila,PO26556,INV423998,10209.78,10209.78,10209.78,none
102433,2024-03-04,16:35:00,2024-03-04 16:35:00,Marketing,5000,Raw Materials Expense,Cowan-Powers,25083.87,Patricia Lopez,Janice Bush,PO249557,INV70693,25083.87,25083.87,25083.87,none
103793,2024-03-04,16:39:00,2024-03-04 16:39:00,Marketing,5100,Office Supplies,Evans Ltd,45427.26,Dawn Hall,Denise Elliott,PO754789,INV859148,45427.26,45427.26,45427.26,none
101633,2024-03-04,16:41:00,2024-03-04 16:41:00,Finance,5000,Raw Materials Expense,"Morton, Reynolds and Anderson",21602.39,Michael Fox,Joy Hernandez,PO76405,INV363872,21602.39,21602.39,21602.39,none
102454,2024-03-04,16:48:00,2024-03-04 16:48:00,Finance,5400,IT & Software,"Yang, Weber and Nielsen",29580.51,Patricia Perry,Brittany Jackson,PO351586,INV395162,29580.51,29580.51,29580.51,none
101478,2024-03-04,17:19:00,2024-03-04 17:19:00,HR,5200,Travel & Entertainment,"Durham, Bowen and Hess",15687.99,Donna Weber,Jeffrey Hancock,PO872206,INV965920,15687.99,15687.99,15687.99,none
103051,2024-03-04,17:36:00,2024-03-04 17:36:00,IT,5100,Office Supplies,Rivera-Charles,16688.44,Christine Gonzales,Sergio Arroyo,PO293125,INV646690,16688.44,16688.44,16688.44,none
103183,2024-03-05,09:15:00,2024-03-05 09:15:00,Finance,5300,Professional Fees,Stevens-Gibson,5705.82,Timothy Johnson,Elizabeth Shea,PO507028,INV4598,5705.82,5705.82,5705.82,none
103472,2024-03-05,09:41:00,2024-03-05 09:41:00,IT,5300,Professional Fees,Rivera-Charles,12026.26,Christine Gonzales,Donald Ferguson,PO322486,INV810253,12026.26,12026.26,12026.26,none
102612,2024-03-05,10:03:00,2024-03-05 10:03:00,Procurement,6000,Vendor Payments,Davidson-Frank,9397.91,Joy Hernandez,Patricia Lopez,PO931486,INV504151,9397.91,9397.91,9397.91,none
100273,2024-03-05,10:15:00,2024-03-05 10:15:00,HR,5500,Utilities,"Flores, Hood and Brown",11678.9,Alyssa Jackson,Donna Weber,PO442438,INV525581,11678.9,11678.9,11678.9,none
101472,2024-03-05,10:20:00,2024-03-05 10:20:00,Operations,5500,Utilities,"Smith, Montgomery and Reyes",10361.14,Tanner Avila,Michael Fox,PO403679,INV370033,10361.14,10361.14,10361.14,none
100772,2024-03-05,11:33:00,2024-03-05 11:33:00,Sales,5100,Office Supplies,Pearson PLC,9759.14,Patricia Perry,Anita Harris,PO245477,INV738241,9759.14,9759.14,9759.14,none
100025,2024-03-05,11:42:00,2024-03-05 11:42:00,HR,5000,Raw Materials Expense,Reyes-Glover,23006.83,Nicole Clarke,Nicole Chavez,PO752492,INV459252,23006.83,23006.83,23006.83,none
103985,2024-03-05,12:19:00,2024-03-05 12:19:00,Marketing,5300,Professional Fees,Hopkins Inc,13709.33,Patricia Perry,Christine Gonzales,PO736866,INV979970,13709.33,13709.33,13709.33,none
101592,2024-03-05,12:25:00,2024-03-05 12:25:00,Sales,5200,Travel & Entertainment,Reyes-Glover,20154.76,Joy Hernandez,Brittany Jackson,PO12642,INV865182,20154.76,20154.76,20154.76,none
102888,2024-03-05,13:38:00,2024-03-05 13:38:00,Operations,6000,Vendor Payments,Rivera-Charles,5536.35,Corey Jones,Nicole Clarke,PO779771,INV584520,5536.35,5536.35,5536.35,none
100190,2024-03-05,13:39:00,2024-03-05 13:39:00,Procurement,5200,Travel & Entertainment,Evans Ltd,49220.77,Denise Elliott,Nicole Chavez,PO332916,INV429763,49220.77,49220.77,49220.77,none
103591,2024-03-05,13:48:00,2024-03-05 13:48:00,HR,5500,Utilities,Pearson PLC,30143.72,Sergio Arroyo,James Dennis,PO345018,INV117007,30143.72,30143.72,30143.72,none
104290,2024-03-05,15:28:00,2024-03-05 15:28:00,HR,6000,Vendor Payments,"Nelson, Duncan and Smith",29202.05,Sergio Arroyo,Denise Elliott,PO332604,INV194797,29202.05,29202.05,29202.05,none
104526,2024-03-05,15:31:00,2024-03-05 15:31:00,Procurement,6000,Vendor Payments,Smith-Parker,9255.46,Christopher Chung,James Dennis,PO537886,INV389877,9255.46,9255.46,9255.46,none
101740,2024-03-05,15:42:00,2024-03-05 15:42:00,HR,5400,IT & Software,"Cherry, Martin and Compton",8526.2,Patricia Perry,Lindsey Lewis,PO31908,INV47246,8526.2,8526.2,8526.2,none
104302,2024-03-05,15:57:00,2024-03-05 15:57:00,IT,5400,IT & Software,"Mills, Crane and Kim",12077.93,Anita Harris,Mary Harrison,PO235733,INV79528,12077.93,12077.93,12077.93,none
100799,2024-03-05,16:14:00,2024-03-05 16:14:00,IT,5100,Office Supplies,"Smith, Montgomery and Reyes",8230.25,Sergio Arroyo,Jeffrey Hancock,PO495774,INV834553,8230.25,8230.25,8230.25,none
101851,2024-03-05,16:18:00,2024-03-05 16:18:00,HR,5300,Professional Fees,Scott-Bailey,30998.22,Alyssa Jackson,Sergio Arroyo,PO453492,INV563361,30998.22,30998.22,30998.22,none
101316,2024-03-05,17:16:00,2024-03-05 17:16:00,IT,5000,Raw Materials Expense,"Nelson, Duncan and Smith",15369.75,Leslie Robinson,Timothy Johnson,PO97580,INV900445,15369.75,15369.75,15369.75,none
104545,2024-03-05,17:17:00,2024-03-05 17:17:00,IT,5100,Office Supplies,"White, Tucker and Wolf",10115.57,Gary Stone,Denise Elliott,PO510103,INV834212,10115.57,10115.57,10115.57,none
101337,2024-03-05,17:37:00,2024-03-05 17:37:00,Sales,5200,Travel & Entertainment,"Decker, Eaton and Arnold",16090.58,Lindsey Lewis,Patricia Perry,PO596918,INV836294,16090.58,16090.58,16090.58,none
100181,2024-03-05,18:13:00,2024-03-05 18:13:00,IT,5400,IT & Software,"Jefferson, Sullivan and Young",20319.49,Lindsey Lewis,Christine Gonzales,PO729852,INV11971,20319.49,20319.49,20319.49,none
103364,2024-03-05,18:30:00,2024-03-05 18:30:00,HR,5000,Raw Materials Expense,Rogers Ltd,6707.87,Lawrence Davis,Janice Bush,PO124252,INV559931,6707.87,6707.87,6707.87,none
103616,2024-03-05,18:49:00,2024-03-05 18:49:00,IT,5400,IT & Software,Cowan-Powers,2693.02,Kyle King,Nicole Clarke,PO888813,INV689291,2693.02,2693.02,2693.02,none
101894,2024-03-06,09:10:00,2024-03-06 09:10:00,Procurement,5300,Professional Fees,"Smith, Montgomery and Reyes",18732.73,Nicole Chavez,Kyle King,PO606445,INV219170,18732.73,18732.73,18732.73,none
103063,2024-03-06,09:40:00,2024-03-06 09:40:00,IT,5100,Office Supplies,"Smith, Montgomery and Reyes",5632.41,Autumn Reed,Denise Elliott,PO593738,INV307841,5632.41,5632.41,5632.41,none
101310,2024-03-06,09:58:00,2024-03-06 09:58:00,Procurement,5000,Raw Materials Expense,Becker-Martinez,6760.24,Donna Weber,Kyle King,PO753309,INV541443,6760.24,6760.24,6760.24,none
104193,2024-03-06,10:37:00,2024-03-06 10:37:00,Marketing,5300,Professional Fees,Davidson-Frank,17245.94,Leslie Robinson,Patricia Lopez,PO387801,INV128945,17245.94,17245.94,17245.94,none
101085,2024-03-06,11:44:00,2024-03-06 11:44:00,IT,5200,Travel & Entertainment,"Jefferson, Sullivan and Young",21338.29,Austin Cohen,Lawrence Davis,PO109796,INV359570,21338.29,21338.29,21338.29,none
103840,2024-03-06,11:47:00,2024-03-06 11:47:00,Marketing,5300,Professional Fees,Miller LLC,3704.62,Tanner Avila,Patricia Perry,PO51426,INV772496,3704.62,3704.62,3704.62,none
101575,2024-03-06,11:49:00,2024-03-06 11:49:00,IT,5200,Travel & Entertainment,Lopez Ltd,11199.02,Donald Ferguson,Christopher Chung,PO417040,INV440871,11199.02,11199.02,11199.02,none
104803,2024-03-06,12:02:00,2024-03-06 12:02:00,IT,5300,Professional Fees,Gomez Ltd,21656.16,Autumn Reed,Denise Elliott,PO635442,INV734668,21656.16,23711.13,23711.13,three_way_mismatch
102205,2024-03-06,12:04:00,2024-03-06 12:04:00,Procurement,5500,Utilities,"Smith, Montgomery and Reyes",23192.31,Kyle King,Donna Weber,PO611420,INV652283,23192.31,23192.31,23192.31,none
104922,2024-03-06,12:17:00,2024-03-06 12:17:00,HR,5500,Utilities,Gomez Ltd,6007.99,Leslie Robinson,Nicole Clarke,PO163024,INV359088,6007.99,6893.93,6893.93,three_way_mismatch
101539,2024-03-06,12:26:00,2024-03-06 12:26:00,Sales,5400,IT & Software,Scott-Bailey,9179.26,Denise Elliott,Donna Weber,PO643289,INV798401,9179.26,9179.26,9179.26,none
100069,2024-03-06,12:26:00,2024-03-06 12:26:00,Operations,5200,Travel & Entertainment,Gross-Morrison,14465.11,Patricia Perry,Sean Kelly,PO510577,INV836433,14465.11,14465.11,14465.11,none
101195,2024-03-06,13:53:00,2024-03-06 13:53:00,Finance,5300,Professional Fees,Mora-Lynn,12795.1,Donald Ferguson,Nicole Clarke,PO651773,INV180925,12795.1,12795.1,12795.1,none
102301,2024-03-06,14:01:00,2024-03-06 14:01:00,IT,5400,IT & Software,Jones Ltd,26835.35,Patricia Perry,Gerald Freeman,PO372080,INV994208,26835.35,26835.35,26835.35,none
101958,2024-03-06,14:48:00,2024-03-06 14:48:00,Sales,6000,Vendor Payments,Becker-Martinez,35134.77,Jeffrey Hancock,Kyle King,PO402039,INV960203,35134.77,35134.77,35134.77,none
101837,2024-03-06,15:44:00,2024-03-06 15:44:00,Marketing,5400,IT & Software,Becker-Martinez,6043.73,Brittany Jackson,Alyssa Jackson,PO746849,INV276439,6043.73,6043.73,6043.73,none
104066,2024-03-06,17:01:00,2024-03-06 17:01:00,Marketing,5300,Professional Fees,Nichols LLC,10168.73,Lawrence Davis,Thomas Martin,PO56994,INV246883,10168.73,10168.73,10168.73,none
104070,2024-03-06,17:02:00,2024-03-06 17:02:00,HR,5300,Professional Fees,Stevens-Gibson,20662.43,Anita Harris,Patricia Perry,PO968810,INV30274,20662.43,20662.43,20662.43,none
104524,2024-03-06,17:15:00,2024-03-06 17:15:00,Procurement,5200,Travel & Entertainment,"Gardner, Perry and Cruz",21357.38,Michael Fox,Anita Harris,PO68558,INV96519,21357.38,21357.38,21357.38,none
103209,2024-03-06,17:18:00,2024-03-06 17:18:00,Procurement,5100,Office Supplies,Cowan-Powers,30061.02,Elizabeth Shea,Donna Weber,PO391199,INV987055,30061.02,30061.02,30061.02,none
101773,2024-03-06,17:19:00,2024-03-06 17:19:00,Operations,5500,Utilities,"Dixon, Jackson and Benjamin",6218.05,Nicole Chavez,Timothy Johnson,PO743102,INV651495,6218.05,6218.05,6218.05,none
100089,2024-03-06,18:34:00,2024-03-06 18:34:00,IT,6000,Vendor Payments,Gross-Morrison,16701.52,Gerald Freeman,Corey Jones,PO441223,INV814998,16701.52,16701.52,16701.52,none
103471,2024-03-06,18:47:00,2024-03-06 18:47:00,Procurement,5000,Raw Materials Expense,Reyes-Glover,25616.39,Patricia Lopez,Gary Mays,PO912263,INV253603,25616.39,25616.39,25616.39,none
100921,2024-03-07,09:30:00,2024-03-07 09:30:00,HR,5200,Travel & Entertainment,Galvan Group,10666.04,Alyssa Jackson,Lindsey Lewis,PO356612,INV254462,10666.04,10666.04,10666.04,none
103841,2024-03-07,10:10:00,2024-03-07 10:10:00,Sales,5400,IT & Software,Murphy Inc,8052.56,Brittany Jackson,Jeffrey Hancock,PO400695,INV35039,8052.56,8052.56,8052.56,none
102788,2024-03-07,11:01:00,2024-03-07 11:01:00,IT,6000,Vendor Payments,"Yang, Weber and Nielsen",24344.28,Elizabeth Shea,Taylor Carroll,PO231083,INV448176,24344.28,24344.28,24344.28,none
100655,2024-03-07,11:37:00,2024-03-07 11:37:00,Procurement,5300,Professional Fees,Cowan-Powers,38011.59,Janice Bush,Michael Rivas,PO275377,INV935487,38011.59,38011.59,38011.59,none
102908,2024-03-07,11:49:00,2024-03-07 11:49:00,Marketing,6000,Vendor Payments,Humphrey-Berg,18626.33,Michael Rivas,Michael Macdonald,PO160882,INV351641,18626.33,18626.33,18626.33,none
101334,2024-03-07,12:12:00,2024-03-07 12:12:00,Operations,5500,Utilities,Rivera-Charles,6353.04,Austin Cohen,Gerald Freeman,PO605046,INV214059,6353.04,6353.04,6353.04,none
104878,2024-03-07,12:20:00,2024-03-07 12:20:00,Procurement,5100,Office Supplies,Harris PLC,111413.9,Autumn Reed,Lindsey Lewis,PO422437,INV753724,111413.9,111413.9,111413.9,unusual_amount
102816,2024-03-07,12:54:00,2024-03-07 12:54:00,Finance,5400,IT & Software,Humphrey-Berg,40312.89,Brittany Jackson,Michael Fox,PO117010,INV311560,40312.89,40312.89,40312.89,none
101534,2024-03-07,14:23:00,2024-03-07 14:23:00,Procurement,5000,Raw Materials Expense,Schneider-Clark,21354.14,Autumn Reed,Sean Kelly,PO565286,INV895821,21354.14,21354.14,21354.14,none
100295,2024-03-07,14:32:00,2024-03-07 14:32:00,Marketing,5500,Utilities,"Yang, Weber and Nielsen",8179.2,Christine Gonzales,Michael Macdonald,PO299345,INV214279,8179.2,8179.2,8179.2,none
101761,2024-03-07,14:37:00,2024-03-07 14:37:00,Sales,5400,IT & Software,Stewart-Russell,5374.37,Christina Miller,Sergio Arroyo,PO406310,INV405236,5374.37,5374.37,5374.37,none
104716,2024-03-07,14:38:00,2024-03-07 14:38:00,Sales,5400,IT & Software,Harris PLC,25897.83,Gerald Freeman,Kyle King,PO324284,INV222692,25897.83,25897.83,25897.83,none
100523,2024-03-07,14:45:00,2024-03-07 14:45:00,HR,5300,Professional Fees,Rogers Ltd,37661.71,Christopher Chung,Leslie Robinson,PO991942,INV919391,37661.71,37661.71,37661.71,none
102763,2024-03-07,14:54:00,2024-03-07 14:54:00,Finance,5500,Utilities,Harris PLC,9918.16,Denise Elliott,Autumn Reed,PO490575,INV196889,9918.16,9918.16,9918.16,none
104007,2024-03-07,15:03:00,2024-03-07 15:03:00,Procurement,5300,Professional Fees,Stevens-Gibson,12370.69,Gary Mays,Nicole Clarke,PO288498,INV251382,12370.69,12370.69,12370.69,none
101252,2024-03-07,16:13:00,2024-03-07 16:13:00,Operations,5000,Raw Materials Expense,Reyes-Glover,6538.26,Lindsey Lewis,Alyssa Jackson,PO71606,INV818268,6538.26,6538.26,6538.26,none
101651,2024-03-07,16:40:00,2024-03-07 16:40:00,HR,5500,Utilities,Galvan Group,14955.65,Donald Ferguson,Timothy Johnson,PO761098,INV158889,14955.65,14955.65,14955.65,none
102645,2024-03-07,17:34:00,2024-03-07 17:34:00,Procurement,5000,Raw Materials Expense,Murphy Inc,1800.24,Donna Weber,Michael Fox,PO163887,INV373549,1800.24,1800.24,1800.24,none
104672,2024-03-07,17:38:00,2024-03-07 17:38:00,Operations,6000,Vendor Payments,"Decker, Eaton and Arnold",46606.06,Christine Gonzales,Austin Cohen,PO390394,INV866798,46606.06,46606.06,46606.06,none
104902,2024-03-07,17:40:00,2024-03-07 17:40:00,Sales,5200,Travel & Entertainment,Jones Ltd,6076.49,Tanner Avila,Timothy Johnson,PO48044,INV778141,6076.49,6076.49,6076.49,duplicate_payment
101871,2024-03-07,18:34:00,2024-03-07 18:34:00,Sales,5400,IT & Software,Young Inc,6146.57,Austin Cohen,Christine Gonzales,PO83465,INV742819,6146.57,6146.57,6146.57,none
100896,2024-03-07,18:36:00,2024-03-07 18:36:00,Finance,5200,Travel & Entertainment,Nichols LLC,5542.77,Sean Kelly,Christine Gonzales,PO556111,INV304284,5542.77,5542.77,5542.77,none
104096,2024-03-08,09:19:00,2024-03-08 09:19:00,Operations,5200,Travel & Entertainment,Hughes-Nichols,10737.23,Taylor Carroll,Elizabeth Shea,PO314215,INV630652,10737.23,10737.23,10737.23,none
104064,2024-03-08,09:50:00,2024-03-08 09:50:00,Operations,5100,Office Supplies,Hughes-Nichols,4474.21,Joy Hernandez,Taylor Carroll,PO76951,INV153438,4474.21,4474.21,4474.21,none
103428,2024-03-08,10:06:00,2024-03-08 10:06:00,HR,5200,Travel & Entertainment,"Mills, Crane and Kim",43914.88,Brittany Jackson,Donna Weber,PO994185,INV172877,43914.88,43914.88,43914.88,none
104010,2024-03-08,10:18:00,2024-03-08 10:18:00,IT,5200,Travel & Entertainment,Smith-Parker,14659.97,Gary Mays,Austin Cohen,PO586835,INV490235,14659.97,14659.97,14659.97,none
100166,2024-03-08,10:58:00,2024-03-08 10:58:00,Marketing,5300,Professional Fees,"Brown, Baker and Alvarado",10236.61,Timothy Johnson,Dawn Hall,PO371229,INV557625,10236.61,10236.61,10236.61,none
100863,2024-03-08,11:01:00,2024-03-08 11:01:00,Marketing,5500,Utilities,"Robles, Moses and Morgan",15341.97,Gary Stone,Denise Elliott,PO380599,INV484473,15341.97,15341.97,15341.97,none
103607,2024-03-08,11:05:00,2024-03-08 11:05:00,Operations,5400,IT & Software,Tucker Group,24025.98,Dawn Hall,Michael Rivas,PO589080,INV636401,24025.98,24025.98,24025.98,none
103597,2024-03-08,11:25:00,2024-03-08 11:25:00,Operations,5200,Travel & Entertainment,Davidson-Frank,19579.82,Jeffrey Hancock,Taylor Carroll,PO393404,INV192921,19579.82,19579.82,19579.82,none
101263,2024-03-08,11:32:00,2024-03-08 11:32:00,Finance,6000,Vendor Payments,"Dixon, Jackson and Benjamin",2608.52,Corey Jones,Mary Harrison,PO627746,INV879071,2608.52,2608.52,2608.52,none
100574,2024-03-08,11:38:00,2024-03-08 11:38:00,Marketing,6000,Vendor Payments,Hopkins Inc,34136.58,Autumn Reed,Nicole Clarke,PO205553,INV805692,34136.58,34136.58,34136.58,none
104384,2024-03-08,11:41:00,2024-03-08 11:41:00,Finance,5000,Raw Materials Expense,Stewart-Russell,14798.84,Patricia Lopez,Elizabeth Boyle,PO233144,INV726913,14798.84,14798.84,14798.84,none
103064,2024-03-08,11:45:00,2024-03-08 11:45:00,Sales,5000,Raw Materials Expense,Cowan-Powers,10503.91,Denise Elliott,Lawrence Davis,PO562007,INV571869,10503.91,10503.91,10503.91,none
100600,2024-03-08,12:46:00,2024-03-08 12:46:00,Marketing,5300,Professional Fees,"Jefferson, Sullivan and Young",21768.94,James Dennis,Lawrence Davis,PO873994,INV130132,21768.94,21768.94,21768.94,none
101561,2024-03-08,12:49:00,2024-03-08 12:49:00,Procurement,5000,Raw Materials Expense,Mays-Ortega,13018.11,Autumn Reed,Lindsey Lewis,PO838327,INV106565,13018.11,13018.11,13018.11,none
101047,2024-03-08,13:10:00,2024-03-08 13:10:00,HR,5300,Professional Fees,Jones Ltd,10024.6,Michael Fox,Timothy Johnson,PO639202,INV981282,10024.6,10024.6,10024.6,none
100045,2024-03-08,13:29:00,2024-03-08 13:29:00,IT,5200,Travel & Entertainment,"Decker, Eaton and Arnold",13466.74,Michael Rivas,Michael Macdonald,PO328360,INV906470,13466.74,13466.74,13466.74,none
103859,2024-03-08,13:43:00,2024-03-08 13:43:00,Finance,5400,IT & Software,"Flores, Hood and Brown",11173.21,Michael Macdonald,Sergio Arroyo,PO723736,INV909797,11173.21,11173.21,11173.21,none
101878,2024-03-08,13:55:00,2024-03-08 13:55:00,Finance,5500,Utilities,"Mills, Crane and Kim",13083.84,Brittany Jackson,Michael Macdonald,PO195605,INV661496,13083.84,13083.84,13083.84,none
100834,2024-03-08,14:05:00,2024-03-08 14:05:00,Procurement,5100,Office Supplies,Mora-Lynn,21711.99,Patricia Perry,Michael Macdonald,PO784675,INV427607,21711.99,21711.99,21711.99,none
101604,2024-03-08,14:18:00,2024-03-08 14:18:00,HR,5500,Utilities,Evans Ltd,19801.74,Joy Hernandez,Christopher Chung,PO873498,INV324642,19801.74,19801.74,19801.74,none
101027,2024-03-08,14:18:00,2024-03-08 14:18:00,HR,6000,Vendor Payments,Rogers Ltd,14028.96,Michael Macdonald,Gary Mays,PO10931,INV394372,14028.96,14028.96,14028.96,none
101526,2024-03-08,15:02:00,2024-03-08 15:02:00,Marketing,5400,IT & Software,"Martin, Brewer and Young",20468.4,Denise Elliott,Lawrence Davis,PO189704,INV387077,20468.4,20468.4,20468.4,none
101680,2024-03-08,15:02:00,2024-03-08 15:02:00,Procurement,5500,Utilities,"Flores, Hood and Brown",19031.78,Sean Kelly,Autumn Reed,PO291778,INV359689,19031.78,19031.78,19031.78,none
103775,2024-03-08,15:11:00,2024-03-08 15:11:00,Marketing,5300,Professional Fees,Stevens-Gibson,3584.12,Brittany Jackson,Tanner Avila,PO780934,INV305913,3584.12,3584.12,3584.12,none
104667,2024-03-08,15:50:00,2024-03-08 15:50:00,Marketing,5500,Utilities,Stewart-Russell,8716.11,Michael Macdonald,Nicole Chavez,PO30108,INV405779,8716.11,8716.11,8716.11,none
100461,2024-03-08,16:04:00,2024-03-08 16:04:00,Operations,5000,Raw Materials Expense,Rogers Ltd,31462.34,Christopher Chung,Austin Cohen,PO171423,INV203097,31462.34,31462.34,31462.34,none
103830,2024-03-08,16:17:00,2024-03-08 16:17:00,IT,6000,Vendor Payments,"Brown, Baker and Alvarado",25127.29,Corey Jones,Michael Fox,PO636982,INV291222,25127.29,25127.29,25127.29,none
102034,2024-03-08,17:19:00,2024-03-08 17:19:00,Finance,5000,Raw Materials Expense,Pearson PLC,14600.22,Leslie Robinson,Nicole Chavez,PO746818,INV90349,14600.22,14600.22,14600.22,none
104036,2024-03-08,17:29:00,2024-03-08 17:29:00,IT,5000,Raw Materials Expense,Powers Group,2140.89,Donald Ferguson,Elizabeth Shea,PO149392,INV327993,2140.89,2140.89,2140.89,none
100959,2024-03-08,18:17:00,2024-03-08 18:17:00,Procurement,6000,Vendor Payments,"Flores, Hood and Brown",44654.62,Gary Stone,Michael Rivas,PO302140,INV936112,44654.62,44654.62,44654.62,none
102371,2024-03-08,18:36:00,2024-03-08 18:36:00,IT,5000,Raw Materials Expense,Jones Inc,11794.09,Gerald Freeman,Elizabeth Shea,PO266959,INV541374,11794.09,11794.09,11794.09,none
100325,2024-03-11,09:35:00,2024-03-11 09:35:00,Procurement,5300,Professional Fees,"Duncan, Graham and Stark",18336.22,Corey Jones,Jeffrey Hancock,PO57786,INV399885,18336.22,18336.22,18336.22,none
102375,2024-03-11,10:01:00,2024-03-11 10:01:00,IT,5200,Travel & Entertainment,Smith-Wise,7208.86,Kyle King,Joy Hernandez,PO10239,INV684909,7208.86,7208.86,7208.86,none
101772,2024-03-11,10:28:00,2024-03-11 10:28:00,Operations,5400,IT & Software,"Howard, Tucker and Flores",18727.66,Christine Gonzales,Sean Kelly,PO751365,INV483519,18727.66,18727.66,18727.66,none
101787,2024-03-11,10:28:00,2024-03-11 10:28:00,Sales,5300,Professional Fees,"Smith, Montgomery and Reyes",9966.16,Tanner Avila,Sean Kelly,PO257100,INV792705,9966.16,9966.16,9966.16,none
100323,2024-03-11,10:39:00,2024-03-11 10:39:00,Marketing,5400,IT & Software,Cowan-Powers,17632.84,Janice Bush,Gary Stone,PO977756,INV888843,17632.84,17632.84,17632.84,none
103975,2024-03-11,11:18:00,2024-03-11 11:18:00,IT,5200,Travel & Entertainment,Becker-Martinez,2715.74,Thomas Martin,Christopher Chung,PO472610,INV704744,2715.74,2715.74,2715.74,none
104727,2024-03-11,11:23:00,2024-03-11 11:23:00,Sales,5200,Travel & Entertainment,"Cherry, Martin and Compton",18798.54,Gerald Freeman,Michael Macdonald,PO409593,INV771163,18798.54,18798.54,18798.54,none
103636,2024-03-11,12:45:00,2024-03-11 12:45:00,Finance,5500,Utilities,Reyes-Glover,16629.36,Tanner Avila,Michael Fox,PO605360,INV851176,16629.36,16629.36,16629.36,none
102878,2024-03-11,13:25:00,2024-03-11 13:25:00,HR,5500,Utilities,Ballard-Jenkins,29757.48,James Dennis,Donna Weber,PO826976,INV214201,29757.48,29757.48,29757.48,none
102687,2024-03-11,14:01:00,2024-03-11 14:01:00,Marketing,5300,Professional Fees,Schneider-Clark,9498.3,Elizabeth Shea,Mary Harrison,PO127672,INV968381,9498.3,9498.3,9498.3,none
104141,2024-03-11,14:07:00,2024-03-11 14:07:00,Finance,5300,Professional Fees,Scott-Bailey,16204.81,Sean Kelly,Anita Harris,PO251891,INV476783,16204.81,16204.81,16204.81,none
101234,2024-03-11,15:26:00,2024-03-11 15:26:00,Marketing,6000,Vendor Payments,Nichols LLC,9544.1,Michael Macdonald,James Dennis,PO323472,INV773969,9544.1,9544.1,9544.1,none
103647,2024-03-11,15:35:00,2024-03-11 15:35:00,HR,5200,Travel & Entertainment,Pearson PLC,8489.42,James Dennis,Kyle King,PO193803,INV738071,8489.42,8489.42,8489.42,none
100462,2024-03-11,15:49:00,2024-03-11 15:49:00,Sales,5300,Professional Fees,Reyes-Glover,6563.74,Jeffrey Hancock,Austin Cohen,PO821902,INV247002,6563.74,6563.74,6563.74,none
102080,2024-03-11,16:07:00,2024-03-11 16:07:00,Finance,5100,Office Supplies,"Robles, Moses and Morgan",13604.56,Gary Mays,Dawn Hall,PO670331,INV636948,13604.56,13604.56,13604.56,none
101962,2024-03-11,16:12:00,2024-03-11 16:12:00,HR,6000,Vendor Payments,Gross-Morrison,13466.74,Nicole Chavez,Lawrence Davis,PO329047,INV782265,13466.74,13466.74,13466.74,none
102392,2024-03-11,16:21:00,2024-03-11 16:21:00,HR,5500,Utilities,Evans Ltd,19339.85,Taylor Carroll,Sean Kelly,PO419042,INV956803,19339.85,19339.85,19339.85,none
101797,2024-03-11,17:14:00,2024-03-11 17:14:00,HR,5300,Professional Fees,Cowan-Powers,18930.2,Donald Ferguson,James Dennis,PO266229,INV483874,18930.2,18930.2,18930.2,none
101079,2024-03-11,17:18:00,2024-03-11 17:18:00,HR,5400,IT & Software,"Howard, Tucker and Flores",9581.88,Denise Elliott,Autumn Reed,PO778422,INV278236,9581.88,9581.88,9581.88,none
101736,2024-03-11,17:28:00,2024-03-11 17:28:00,Sales,5300,Professional Fees,"Flores, Hood and Brown",18951.93,Tanner Avila,Jeffrey Hancock,PO687491,INV277498,18951.93,18951.93,18951.93,none
104446,2024-03-11,18:22:00,2024-03-11 18:22:00,Sales,5200,Travel & Entertainment,Harper-Hernandez,29837.28,Christina Miller,Christopher Chung,PO111976,INV769212,29837.28,29837.28,29837.28,none
103167,2024-03-11,18:44:00,2024-03-11 18:44:00,Operations,5000,Raw Materials Expense,"Mills, Crane and Kim",9721.3,Sean Kelly,Christine Gonzales,PO645752,INV267022,9721.3,9721.3,9721.3,none
100990,2024-03-12,09:12:00,2024-03-12 09:12:00,IT,5200,Travel & Entertainment,Francis-Burke,38378.6,Donald Ferguson,Anita Harris,PO360563,INV923425,38378.6,38378.6,38378.6,none
104283,2024-03-12,10:42:00,2024-03-12 10:42:00,Sales,5300,Professional Fees,Murphy Inc,27717.8,Brittany Jackson,Jeffrey Hancock,PO582487,INV28892,27717.8,27717.8,27717.8,none
104848,2024-03-12,10:54:00,2024-03-12 10:54:00,IT,5400,IT & Software,"Martin, Brewer and Young",31470.33,Christina Miller,James Dennis,PO361631,INV441479,31470.33,31470.33,31470.33,duplicate_payment
100943,2024-03-12,12:35:00,2024-03-12 12:35:00,Operations,5300,Professional Fees,Galvan Group,36525.25,Gary Mays,Patricia Lopez,PO920674,INV227075,36525.25,36525.25,36525.25,none
103877,2024-03-12,14:33:00,2024-03-12 14:33:00,Sales,5000,Raw Materials Expense,"Howard, Tucker and Flores",18466.58,Joy Hernandez,Mary Harrison,PO515339,INV38035,18466.58,18466.58,18466.58,none
102711,2024-03-12,14:36:00,2024-03-12 14:36:00,Procurement,5400,IT & Software,Willis Group,10337.84,Patricia Lopez,Nicole Chavez,PO531562,INV164117,10337.84,10337.84,10337.84,none
103875,2024-03-12,15:00:00,2024-03-12 15:00:00,Finance,5400,IT & Software,Harper-Hernandez,14168.51,Janice Bush,Donna Weber,PO257560,INV54349,14168.51,14168.51,14168.51,none
100634,2024-03-12,15:06:00,2024-03-12 15:06:00,Procurement,5000,Raw Materials Expense,White-Thomas,5718.88,Gerald Freeman,Christina Miller,PO41425,INV425628,5718.88,5718.88,5718.88,none
102642,2024-03-12,15:12:00,2024-03-12 15:12:00,Sales,5300,Professional Fees,Nichols LLC,17076.97,Corey Jones,Christopher Chung,PO284887,INV664124,17076.97,17076.97,17076.97,none
102686,2024-03-12,15:48:00,2024-03-12 15:48:00,Finance,5300,Professional Fees,Hughes-Nichols,26229.33,Lindsey Lewis,Anita Harris,PO657609,INV203144,26229.33,26229.33,26229.33,none
104808,2024-03-12,16:25:00,2024-03-12 16:25:00,Marketing,5100,Office Supplies,Harris PLC,75000.0,Donald Ferguson,Christopher Chung,PO388874,INV67550,75000.0,75000.0,75000.0,round_number
101563,2024-03-12,16:48:00,2024-03-12 16:48:00,IT,6000,Vendor Payments,"Duncan, Graham and Stark",12663.37,Donald Ferguson,Gary Mays,PO252443,INV698333,12663.37,12663.37,12663.37,none
104857,2024-03-12,17:09:00,2024-03-12 17:09:00,IT,5100,Office Supplies,Schneider-Clark,100000.0,Patricia Lopez,Michael Macdonald,PO872852,INV157890,100000.0,100000.0,100000.0,round_number
104093,2024-03-12,17:24:00,2024-03-12 17:24:00,Sales,6000,Vendor Payments,Reyes-Glover,11433.59,Elizabeth Boyle,Janice Bush,PO922191,INV803914,11433.59,11433.59,11433.59,none
101896,2024-03-12,17:26:00,2024-03-12 17:26:00,Operations,5300,Professional Fees,Hughes-Nichols,16615.66,Joy Hernandez,Nicole Clarke,PO479982,INV388428,16615.66,16615.66,16615.66,none
101480,2024-03-12,18:31:00,2024-03-12 18:31:00,HR,6000,Vendor Payments,Powers Group,21001.52,Sergio Arroyo,Alyssa Jackson,PO418479,INV861579,21001.52,21001.52,21001.52,none
101064,2024-03-12,18:38:00,2024-03-12 18:38:00,Operations,5200,Travel & Entertainment,Hughes-Nichols,10674.28,Tanner Avila,Michael Macdonald,PO91721,INV42033,10674.28,10674.28,10674.28,none
100203,2024-03-13,09:05:00,2024-03-13 09:05:00,Marketing,5100,Office Supplies,Smith-Parker,3772.52,Kyle King,Nicole Chavez,PO141721,INV318949,3772.52,3772.52,3772.52,none
101603,2024-03-13,11:32:00,2024-03-13 11:32:00,IT,5300,Professional Fees,Reyes-Glover,15346.09,Donald Ferguson,Lawrence Davis,PO446945,INV339677,15346.09,15346.09,15346.09,none
101750,2024-03-13,12:10:00,2024-03-13 12:10:00,Operations,5100,Office Supplies,"Martin, Brewer and Young",19117.9,Thomas Martin,Leslie Robinson,PO735587,INV972245,19117.9,19117.9,19117.9,none
101281,2024-03-13,14:34:00,2024-03-13 14:34:00,Operations,5000,Raw Materials Expense,"Durham, Bowen and Hess",18638.16,Christina Miller,Gary Mays,PO388808,INV480313,18638.16,18638.16,18638.16,none
102302,2024-03-13,14:53:00,2024-03-13 14:53:00,Procurement,5000,Raw Materials Expense,"Silva, Jones and Oliver",7749.02,Elizabeth Boyle,Sean Kelly,PO66080,INV878265,7749.02,7749.02,7749.02,none
104333,2024-03-13,15:15:00,2024-03-13 15:15:00,Marketing,5500,Utilities,Ballard-Jenkins,44716.05,Christina Miller,Michael Macdonald,PO945844,INV431602,44716.05,44716.05,44716.05,none
104500,2024-03-13,15:52:00,2024-03-13 15:52:00,Marketing,5500,Utilities,"Mills, Crane and Kim",2640.26,Kyle King,Janice Bush,PO818126,INV117555,2640.26,2640.26,2640.26,none
101275,2024-03-13,15:57:00,2024-03-13 15:57:00,Procurement,5200,Travel & Entertainment,"Dixon, Jackson and Benjamin",9589.12,Jeffrey Hancock,Christopher Chung,PO911535,INV560391,9589.12,9589.12,9589.12,none
102817,2024-03-13,16:59:00,2024-03-13 16:59:00,Procurement,5200,Travel & Entertainment,Rivera-Charles,25286.06,Denise Elliott,Thomas Martin,PO35977,INV66820,25286.06,25286.06,25286.06,none
105024,2024-03-13,17:40:00,2024-03-13 17:40:00,Sales,5200,Travel & Entertainment,Jones Ltd,6076.49,Tanner Avila,Timothy Johnson,PO48044,INV778141,6076.49,6076.49,6076.49,duplicate_payment
104606,2024-03-13,17:55:00,2024-03-13 17:55:00,IT,5300,Professional Fees,Stevens-Gibson,4302.61,Timothy Johnson,Michael Rivas,PO208068,INV8046,4302.61,4302.61,4302.61,none
102772,2024-03-13,18:05:00,2024-03-13 18:05:00,Sales,6000,Vendor Payments,Smith-Parker,9215.51,Donna Weber,Christopher Chung,PO108331,INV533557,9215.51,9215.51,9215.51,none
104639,2024-03-13,18:14:00,2024-03-13 18:14:00,Finance,6000,Vendor Payments,Cowan-Powers,26147.81,Christina Miller,Autumn Reed,PO248261,INV260889,26147.81,26147.81,26147.81,none
104330,2024-03-13,18:25:00,2024-03-13 18:25:00,Finance,5200,Travel & Entertainment,Harris PLC,24836.44,Taylor Carroll,Corey Jones,PO960829,INV412962,24836.44,24836.44,24836.44,none
100449,2024-03-13,18:40:00,2024-03-13 18:40:00,Sales,6000,Vendor Payments,Harper-Hernandez,24433.61,Kyle King,Christina Miller,PO398259,INV48383,24433.61,24433.61,24433.61,none
104615,2024-03-14,09:13:00,2024-03-14 09:13:00,Operations,5100,Office Supplies,Ballard-Jenkins,16360.87,Thomas Martin,Christine Gonzales,PO447703,INV642762,16360.87,16360.87,16360.87,none
101143,2024-03-14,10:11:00,2024-03-14 10:11:00,Operations,6000,Vendor Payments,Pearson PLC,24299.26,Lawrence Davis,Alyssa Jackson,PO933798,INV225554,24299.26,24299.26,24299.26,none
103226,2024-03-14,10:24:00,2024-03-14 10:24:00,Sales,5100,Office Supplies,"Jefferson, Sullivan and Young",2250.17,Dawn Hall,Patricia Perry,PO281470,INV817598,2250.17,2250.17,2250.17,none
104143,2024-03-14,12:12:00,2024-03-14 12:12:00,Sales,5000,Raw Materials Expense,Powers Group,42024.51,Alyssa Jackson,Sean Kelly,PO584303,INV752163,42024.51,42024.51,42024.51,none
104674,2024-03-14,12:39:00,2024-03-14 12:39:00,Sales,5100,Office Supplies,"Gardner, Perry and Cruz",20644.69,Leslie Robinson,Michael Rivas,PO785197,INV365047,20644.69,20644.69,20644.69,none
103403,2024-03-14,13:34:00,2024-03-14 13:34:00,IT,5400,IT & Software,"Morton, Reynolds and Anderson",15370.17,Jeffrey Hancock,Gerald Freeman,PO384173,INV746171,15370.17,15370.17,15370.17,none
103783,2024-03-14,14:08:00,2024-03-14 14:08:00,Sales,5000,Raw Materials Expense,Stevens-Gibson,43996.9,Lawrence Davis,Thomas Martin,PO653341,INV112459,43996.9,43996.9,43996.9,none
103098,2024-03-14,14:50:00,2024-03-14 14:50:00,Finance,5100,Office Supplies,Torres-Mendoza,19157.8,Kyle King,Mary Harrison,PO767004,INV302824,19157.8,19157.8,19157.8,none
103545,2024-03-14,16:04:00,2024-03-14 16:04:00,Procurement,5300,Professional Fees,Willis Group,17964.04,Brittany Jackson,Gary Mays,PO296277,INV545217,17964.04,17964.04,17964.04,none
104951,2024-03-14,16:37:00,2024-03-14 16:37:00,Operations,6000,Vendor Payments,Smith-Parker,12299.05,Dawn Hall,Sergio Arroyo,PO901395,INV414276,12299.05,12299.05,12299.05,duplicate_payment
102122,2024-03-14,16:52:00,2024-03-14 16:52:00,Procurement,5000,Raw Materials Expense,Torres-Mendoza,3875.24,Michael Macdonald,Elizabeth Shea,PO638756,INV634549,3875.24,3875.24,3875.24,none
101255,2024-03-14,17:08:00,2024-03-14 17:08:00,IT,5300,Professional Fees,Scott-Bailey,25796.95,Michael Macdonald,Gerald Freeman,PO860340,INV102360,25796.95,25796.95,25796.95,none
104058,2024-03-14,17:09:00,2024-03-14 17:09:00,Procurement,5000,Raw Materials Expense,"Howard, Tucker and Flores",17251.58,Gerald Freeman,Elizabeth Shea,PO152315,INV282431,17251.58,17251.58,17251.58,none
102265,2024-03-14,17:36:00,2024-03-14 17:36:00,Procurement,5000,Raw Materials Expense,"White, Tucker and Wolf",8621.75,Leslie Robinson,Gary Stone,PO224455,INV49729,8621.75,8621.75,8621.75,none
102170,2024-03-14,17:43:00,2024-03-14 17:43:00,Sales,5400,IT & Software,Stevens-Gibson,10652.16,Christina Miller,Michael Macdonald,PO808551,INV440336,10652.16,10652.16,10652.16,none
101744,2024-03-14,17:47:00,2024-03-14 17:47:00,IT,5000,Raw Materials Expense,"Smith, Montgomery and Reyes",6551.32,Gary Mays,Sergio Arroyo,PO572632,INV526344,6551.32,6551.32,6551.32,none
104682,2024-03-14,17:51:00,2024-03-14 17:51:00,Procurement,5200,Travel & Entertainment,Hughes-Nichols,4088.56,Dawn Hall,Christine Gonzales,PO967567,INV383886,4088.56,4088.56,4088.56,none
103811,2024-03-14,18:44:00,2024-03-14 18:44:00,HR,5200,Travel & Entertainment,Mora-Lynn,5259.2,Nicole Clarke,Lawrence Davis,PO296910,INV849923,5259.2,5259.2,5259.2,none
100709,2024-03-14,18:52:00,2024-03-14 18:52:00,Operations,5100,Office Supplies,"Gardner, Perry and Cruz",18081.7,Michael Macdonald,Mary Harrison,PO689448,INV792082,18081.7,18081.7,18081.7,none
100789,2024-03-15,09:17:00,2024-03-15 09:17:00,IT,6000,Vendor Payments,"Brown, Baker and Alvarado",6105.46,Christopher Chung,Donald Ferguson,PO524139,INV983004,6105.46,6105.46,6105.46,none
104502,2024-03-15,09:33:00,2024-03-15 09:33:00,IT,6000,Vendor Payments,"Dixon, Jackson and Benjamin",7469.05,Mary Harrison,Sean Kelly,PO846711,INV258827,7469.05,7469.05,7469.05,none
101455,2024-03-15,09:38:00,2024-03-15 09:38:00,Sales,5300,Professional Fees,Hopkins Inc,5196.95,Anita Harris,Denise Elliott,PO113846,INV735042,5196.95,5196.95,5196.95,none
102448,2024-03-15,10:18:00,2024-03-15 10:18:00,Sales,5300,Professional Fees,Tucker Group,20383.97,Michael Macdonald,Lindsey Lewis,PO999173,INV266434,20383.97,20383.97,20383.97,none
100250,2024-03-15,11:02:00,2024-03-15 11:02:00,Sales,5000,Raw Materials Expense,"Yang, Weber and Nielsen",28024.19,Jeffrey Hancock,Christine Gonzales,PO833217,INV669508,28024.19,28024.19,28024.19,none
100755,2024-03-15,11:30:00,2024-03-15 11:30:00,Sales,5400,IT & Software,Mora-Lynn,10947.06,Brittany Jackson,Leslie Robinson,PO368580,INV53365,10947.06,10947.06,10947.06,none
100881,2024-03-15,11:49:00,2024-03-15 11:49:00,Marketing,5500,Utilities,"Silva, Jones and Oliver",25206.38,Denise Elliott,Patricia Lopez,PO430477,INV689279,25206.38,25206.38,25206.38,none
102382,2024-03-15,11:54:00,2024-03-15 11:54:00,HR,5500,Utilities,"Martin, Brewer and Young",10037.03,Sergio Arroyo,Nicole Chavez,PO896654,INV748549,10037.03,10037.03,10037.03,none
103177,2024-03-15,12:03:00,2024-03-15 12:03:00,Marketing,5500,Utilities,Harper-Hernandez,17991.07,Janice Bush,Gerald Freeman,PO360726,INV951163,17991.07,17991.07,17991.07,none
102926,2024-03-15,12:54:00,2024-03-15 12:54:00,Finance,5200,Travel & Entertainment,Willis Group,23306.23,Anita Harris,Christopher Chung,PO220779,INV387088,23306.23,23306.23,23306.23,none
102294,2024-03-15,13:20:00,2024-03-15 13:20:00,Finance,6000,Vendor Payments,Davidson-Frank,7511.22,Corey Jones,Sean Kelly,PO805810,INV191277,7511.22,7511.22,7511.22,none
104152,2024-03-15,13:39:00,2024-03-15 13:39:00,Operations,5200,Travel & Entertainment,Smith-Parker,21270.1,Lindsey Lewis,Elizabeth Shea,PO566333,INV590738,21270.1,21270.1,21270.1,none
102933,2024-03-15,13:39:00,2024-03-15 13:39:00,Operations,5400,IT & Software,"Flores, Hood and Brown",11213.14,James Dennis,Christopher Chung,PO952372,INV743918,11213.14,11213.14,11213.14,none
101454,2024-03-15,13:53:00,2024-03-15 13:53:00,Operations,5000,Raw Materials Expense,Galvan Group,21757.65,Anita Harris,Elizabeth Boyle,PO515558,INV306373,21757.65,21757.65,21757.65,none
101672,2024-03-15,14:07:00,2024-03-15 14:07:00,Sales,5000,Raw Materials Expense,Young Inc,8668.56,Dawn Hall,Brittany Jackson,PO503331,INV801866,8668.56,8668.56,8668.56,none
104802,2024-03-15,14:09:00,2024-03-15 14:09:00,HR,5400,IT & Software,Stevens-Gibson,20583.02,Brittany Jackson,Anita Harris,PO59995,INV409585,20583.02,24814.84,24814.84,three_way_mismatch
100448,2024-03-15,14:53:00,2024-03-15 14:53:00,Marketing,5500,Utilities,Tucker Group,21185.85,Elizabeth Shea,Michael Rivas,PO776294,INV582672,21185.85,21185.85,21185.85,none
103520,2024-03-15,15:04:00,2024-03-15 15:04:00,IT,5000,Raw Materials Expense,Harper-Hernandez,1390.75,Michael Macdonald,Michael Fox,PO377533,INV965216,1390.75,1390.75,1390.75,none
104507,2024-03-15,18:22:00,2024-03-15 18:22:00,Sales,5200,Travel & Entertainment,Stevens-Gibson,29088.55,Leslie Robinson,Sean Kelly,PO511920,INV265553,29088.55,29088.55,29088.55,none
105009,2024-03-16,10:54:00,2024-03-16 10:54:00,IT,5400,IT & Software,"Martin, Brewer and Young",31470.33,Christina Miller,James Dennis,PO361631,INV441479,31470.33,31470.33,31470.33,duplicate_payment
100492,2024-03-18,09:59:00,2024-03-18 09:59:00,Operations,5200,Travel & Entertainment,"Nelson, Duncan and Smith",37052.5,Nicole Clarke,Leslie Robinson,PO9765,INV902984,37052.5,37052.5,37052.5,none
102874,2024-03-18,10:28:00,2024-03-18 10:28:00,Procurement,5200,Travel & Entertainment,"Hernandez, Hopkins and Houston",6862.75,Christina Miller,Michael Fox,PO209753,INV122959,6862.75,6862.75,6862.75,none
102947,2024-03-18,10:41:00,2024-03-18 10:41:00,HR,5100,Office Supplies,"Decker, Eaton and Arnold",16657.91,Sean Kelly,Jeffrey Hancock,PO666775,INV572253,16657.91,16657.91,16657.91,none
103892,2024-03-18,11:14:00,2024-03-18 11:14:00,Operations,5400,IT & Software,Ballard-Jenkins,19181.11,Timothy Johnson,Thomas Martin,PO380663,INV615719,19181.11,19181.11,19181.11,none
102092,2024-03-18,11:23:00,2024-03-18 11:23:00,Sales,5300,Professional Fees,"White, Tucker and Wolf",12964.02,Patricia Lopez,Sergio Arroyo,PO538638,INV638945,12964.02,12964.02,12964.02,none
104191,2024-03-18,11:59:00,2024-03-18 11:59:00,Marketing,5200,Travel & Entertainment,"Jefferson, Sullivan and Young",12546.09,Thomas Martin,Brittany Jackson,PO765959,INV421372,12546.09,12546.09,12546.09,none
103902,2024-03-18,12:37:00,2024-03-18 12:37:00,Marketing,5100,Office Supplies,"Jefferson, Sullivan and Young",7753.63,Corey Jones,Kyle King,PO327720,INV45367,7753.63,7753.63,7753.63,none
104579,2024-03-18,12:55:00,2024-03-18 12:55:00,IT,5200,Travel & Entertainment,Jones Ltd,44924.18,Gary Mays,Christopher Chung,PO571260,INV347322,44924.18,44924.18,44924.18,none
103404,2024-03-18,15:16:00,2024-03-18 15:16:00,Operations,5000,Raw Materials Expense,"Nelson, Duncan and Smith",25011.81,Janice Bush,Corey Jones,PO943632,INV801932,25011.81,25011.81,25011.81,none
103940,2024-03-18,15:54:00,2024-03-18 15:54:00,IT,5500,Utilities,"Decker, Eaton and Arnold",10194.0,Leslie Robinson,Thomas Martin,PO565985,INV655243,10194.0,10194.0,10194.0,none
101628,2024-03-18,16:59:00,2024-03-18 16:59:00,Sales,5200,Travel & Entertainment,Schneider-Clark,35559.39,Elizabeth Boyle,Autumn Reed,PO897626,INV907311,35559.39,35559.39,35559.39,none
103727,2024-03-18,17:30:00,2024-03-18 17:30:00,HR,6000,Vendor Payments,Smith-Parker,7967.76,Nicole Clarke,Elizabeth Boyle,PO588395,INV732090,7967.76,7967.76,7967.76,none
102118,2024-03-18,17:39:00,2024-03-18 17:39:00,Procurement,5500,Utilities,Hughes-Nichols,29965.12,Mary Harrison,James Dennis,PO951760,INV196822,29965.12,29965.12,29965.12,none
102061,2024-03-18,18:19:00,2024-03-18 18:19:00,IT,5000,Raw Materials Expense,"Yang, Weber and Nielsen",24803.01,Michael Macdonald,Denise Elliott,PO262154,INV458071,24803.01,24803.01,24803.01,none
103878,2024-03-19,09:14:00,2024-03-19 09:14:00,Finance,5400,IT & Software,Harper-Hernandez,32095.14,Thomas Martin,Corey Jones,PO662114,INV651551,32095.14,32095.14,32095.14,none
104496,2024-03-19,09:26:00,2024-03-19 09:26:00,HR,6000,Vendor Payments,White-Thomas,15803.85,Taylor Carroll,Gary Stone,PO140833,INV944029,15803.85,15803.85,15803.85,none
103486,2024-03-19,10:09:00,2024-03-19 10:09:00,Finance,5500,Utilities,Harris PLC,29200.29,Brittany Jackson,Sean Kelly,PO312011,INV49981,29200.29,29200.29,29200.29,none
103076,2024-03-19,10:36:00,2024-03-19 10:36:00,Marketing,5000,Raw Materials Expense,"Dixon, Jackson and Benjamin",23547.71,James Dennis,Michael Macdonald,PO824315,INV57877,23547.71,23547.71,23547.71,none
102128,2024-03-19,10:56:00,2024-03-19 10:56:00,Marketing,5000,Raw Materials Expense,Galvan Group,24346.88,Mary Harrison,Anita Harris,PO311096,INV776371,24346.88,24346.88,24346.88,none
100239,2024-03-19,11:11:00,2024-03-19 11:11:00,Marketing,5400,IT & Software,Tucker Group,21356.07,Taylor Carroll,Brittany Jackson,PO85497,INV307858,21356.07,21356.07,21356.07,none
100373,2024-03-19,12:21:00,2024-03-19 12:21:00,HR,5400,IT & Software,Scott-Bailey,13280.4,Michael Macdonald,Patricia Perry,PO276358,INV604781,13280.4,13280.4,13280.4,none
100287,2024-03-19,13:10:00,2024-03-19 13:10:00,HR,6000,Vendor Payments,Gomez Ltd,25168.92,Austin Cohen,Sergio Arroyo,PO229906,INV471356,25168.92,25168.92,25168.92,none
101069,2024-03-19,13:19:00,2024-03-19 13:19:00,IT,5300,Professional Fees,"Gardner, Perry and Cruz",21568.34,Thomas Martin,Autumn Reed,PO411367,INV607223,21568.34,21568.34,21568.34,none
103535,2024-03-19,13:50:00,2024-03-19 13:50:00,Sales,5100,Office Supplies,Scott-Bailey,15076.71,Brittany Jackson,Thomas Martin,PO700527,INV727214,15076.71,15076.71,15076.71,none
100944,2024-03-19,13:55:00,2024-03-19 13:55:00,Operations,6000,Vendor Payments,"Robles, Moses and Morgan",18452.8,Dawn Hall,Tanner Avila,PO740074,INV888163,18452.8,18452.8,18452.8,none
101230,2024-03-19,14:21:00,2024-03-19 14:21:00,Operations,6000,Vendor Payments,Ballard-Jenkins,10854.39,Nicole Clarke,Jeffrey Hancock,PO872236,INV951414,10854.39,10854.39,10854.39,none
104552,2024-03-19,15:02:00,2024-03-19 15:02:00,Finance,5300,Professional Fees,"Cherry, Martin and Compton",11973.28,Thomas Martin,Dawn Hall,PO840308,INV8584,11973.28,11973.28,11973.28,none
100857,2024-03-19,15:19:00,2024-03-19 15:19:00,IT,5500,Utilities,"Gardner, Perry and Cruz",5806.23,Michael Macdonald,Lawrence Davis,PO273582,INV441813,5806.23,5806.23,5806.23,none
102471,2024-03-19,15:30:00,2024-03-19 15:30:00,Finance,5000,Raw Materials Expense,Mora-Lynn,23272.86,Kyle King,Alyssa Jackson,PO5307,INV124844,23272.86,23272.86,23272.86,none
103246,2024-03-19,15:34:00,2024-03-19 15:34:00,IT,5000,Raw Materials Expense,Stewart-Russell,31740.43,Dawn Hall,Janice Bush,PO974780,INV265505,31740.43,31740.43,31740.43,none
103676,2024-03-19,15:44:00,2024-03-19 15:44:00,HR,5100,Office Supplies,Francis-Burke,20397.72,Austin Cohen,Sean Kelly,PO218630,INV592736,20397.72,20397.72,20397.72,none
100195,2024-03-19,16:04:00,2024-03-19 16:04:00,Operations,5200,Travel & Entertainment,Schneider-Clark,26652.75,Michael Rivas,Brittany Jackson,PO420403,INV695929,26652.75,26652.75,26652.75,none
103215,2024-03-19,16:40:00,2024-03-19 16:40:00,IT,5400,IT & Software,"Gardner, Perry and Cruz",1181.99,Sergio Arroyo,Alyssa Jackson,PO498861,INV328537,1181.99,1181.99,1181.99,none
104078,2024-03-19,17:38:00,2024-03-19 17:38:00,HR,5500,Utilities,Gomez Ltd,14293.61,Michael Fox,Dawn Hall,PO876501,INV50031,14293.61,14293.61,14293.61,none
103119,2024-03-19,17:49:00,2024-03-19 17:49:00,Sales,5300,Professional Fees,Davidson-Frank,10623.15,Christine Gonzales,Dawn Hall,PO290597,INV761556,10623.15,10623.15,10623.15,none
101955,2024-03-19,17:54:00,2024-03-19 17:54:00,Sales,6000,Vendor Payments,Young Inc,22146.55,Tanner Avila,Donald Ferguson,PO680693,INV763188,22146.55,22146.55,22146.55,none
104563,2024-03-19,18:43:00,2024-03-19 18:43:00,Operations,5300,Professional Fees,Humphrey-Berg,29337.12,Dawn Hall,Nicole Chavez,PO275280,INV351377,29337.12,29337.12,29337.12,none
101746,2024-03-19,18:56:00,2024-03-19 18:56:00,IT,5100,Office Supplies,"Mills, Crane and Kim",10324.75,Nicole Chavez,Autumn Reed,PO267493,INV760497,10324.75,10324.75,10324.75,none
100656,2024-03-20,09:09:00,2024-03-20 09:09:00,Marketing,5200,Travel & Entertainment,Rogers Ltd,6859.43,Christopher Chung,Corey Jones,PO600420,INV509645,6859.43,6859.43,6859.43,none
104030,2024-03-20,09:13:00,2024-03-20 09:13:00,IT,5200,Travel & Entertainment,"Morton, Reynolds and Anderson",17649.83,Janice Bush,Michael Rivas,PO11120,INV531127,17649.83,17649.83,17649.83,none
101589,2024-03-20,09:56:00,2024-03-20 09:56:00,IT,5500,Utilities,Rogers Ltd,19481.16,Patricia Perry,Austin Cohen,PO267703,INV657954,19481.16,19481.16,19481.16,none
100744,2024-03-20,10:07:00,2024-03-20 10:07:00,Sales,5100,Office Supplies,Harper-Hernandez,11994.02,Lawrence Davis,Dawn Hall,PO822085,INV505876,11994.02,11994.02,11994.02,none
100500,2024-03-20,10:10:00,2024-03-20 10:10:00,Sales,5000,Raw Materials Expense,Raymond-Lucas,13494.12,Elizabeth Shea,Taylor Carroll,PO97973,INV535145,13494.12,13494.12,13494.12,none
104469,2024-03-20,10:16:00,2024-03-20 10:16:00,Sales,5400,IT & Software,Galvan Group,2054.77,Tanner Avila,Patricia Lopez,PO489147,INV650745,2054.77,2054.77,2054.77,none
101614,2024-03-20,10:18:00,2024-03-20 10:18:00,Marketing,5100,Office Supplies,"Smith, Montgomery and Reyes",17888.63,Janice Bush,Autumn Reed,PO78897,INV727144,17888.63,17888.63,17888.63,none
100150,2024-03-20,10:30:00,2024-03-20 10:30:00,Operations,5000,Raw Materials Expense,Scott-Bailey,4590.45,Denise Elliott,Tanner Avila,PO252654,INV229930,4590.45,4590.45,4590.45,none
101730,2024-03-20,10:45:00,2024-03-20 10:45:00,Finance,6000,Vendor Payments,"Durham, Bowen and Hess",10466.92,Christina Miller,Sean Kelly,PO658555,INV640962,10466.92,10466.92,10466.92,none
102512,2024-03-20,10:54:00,2024-03-20 10:54:00,HR,5500,Utilities,Larson PLC,20824.35,Nicole Chavez,Donald Ferguson,PO700910,INV357325,20824.35,20824.35,20824.35,none
102021,2024-03-20,11:09:00,2024-03-20 11:09:00,Finance,5300,Professional Fees,Stewart-Russell,18974.66,Alyssa Jackson,Patricia Perry,PO464691,INV648622,18974.66,18974.66,18974.66,none
104115,2024-03-20,11:15:00,2024-03-20 11:15:00,IT,5000,Raw Materials Expense,Stevens-Gibson,5125.22,Mary Harrison,Lindsey Lewis,PO313764,INV280331,5125.22,5125.22,5125.22,none
103723,2024-03-20,11:25:00,2024-03-20 11:25:00,IT,5100,Office Supplies,Torres-Mendoza,30413.32,Taylor Carroll,Donald Ferguson,PO185230,INV423882,30413.32,30413.32,30413.32,none
104975,2024-03-20,11:42:00,2024-03-20 11:42:00,Finance,5500,Utilities,"Robles, Moses and Morgan",14177.31,Sergio Arroyo,Michael Macdonald,PO405379,INV605604,14177.31,14177.31,14177.31,duplicate_payment
104777,2024-03-20,12:29:00,2024-03-20 12:29:00,IT,5400,IT & Software,"Mills, Crane and Kim",30350.42,Patricia Perry,Anita Harris,PO673706,INV268552,30350.42,30350.42,30350.42,none
103704,2024-03-20,12:29:00,2024-03-20 12:29:00,Operations,5400,IT & Software,"Jefferson, Sullivan and Young",19341.25,Timothy Johnson,Donald Ferguson,PO189767,INV511096,19341.25,19341.25,19341.25,none
102155,2024-03-20,13:01:00,2024-03-20 13:01:00,Operations,6000,Vendor Payments,"Brown, Baker and Alvarado",34023.76,Lawrence Davis,Sean Kelly,PO361740,INV677739,34023.76,34023.76,34023.76,none
104838,2024-03-20,13:32:00,2024-03-20 13:32:00,Sales,5400,IT & Software,"Silva, Jones and Oliver",26343.52,Michael Fox,Michael Fox,PO482647,INV230340,26343.52,26343.52,26343.52,segregation_violation
101520,2024-03-20,14:32:00,2024-03-20 14:32:00,Procurement,5000,Raw Materials Expense,"Flores, Hood and Brown",6654.54,Thomas Martin,Denise Elliott,PO402515,INV412859,6654.54,6654.54,6654.54,none
103216,2024-03-20,14:38:00,2024-03-20 14:38:00,Sales,5200,Travel & Entertainment,Ballard-Jenkins,22221.05,Nicole Chavez,Leslie Robinson,PO266631,INV719496,22221.05,22221.05,22221.05,none
103503,2024-03-20,14:43:00,2024-03-20 14:43:00,Procurement,6000,Vendor Payments,Pearson PLC,22317.68,Jeffrey Hancock,Kyle King,PO270771,INV294710,22317.68,22317.68,22317.68,none
103129,2024-03-20,15:06:00,2024-03-20 15:06:00,Procurement,5000,Raw Materials Expense,Rogers Ltd,27225.81,Nicole Clarke,Austin Cohen,PO761175,INV510979,27225.81,27225.81,27225.81,none
104051,2024-03-20,15:25:00,2024-03-20 15:25:00,Sales,5300,Professional Fees,"Martin, Brewer and Young",18556.56,Donald Ferguson,Corey Jones,PO106944,INV168593,18556.56,18556.56,18556.56,none
103690,2024-03-20,15:40:00,2024-03-20 15:40:00,Operations,6000,Vendor Payments,"Brown, Baker and Alvarado",18227.32,Austin Cohen,Nicole Clarke,PO360517,INV123842,18227.32,18227.32,18227.32,none
101409,2024-03-20,16:01:00,2024-03-20 16:01:00,Operations,5300,Professional Fees,Mora-Lynn,9970.62,Christina Miller,Tanner Avila,PO122829,INV546980,9970.62,9970.62,9970.62,none
101555,2024-03-20,16:14:00,2024-03-20 16:14:00,Finance,5200,Travel & Entertainment,Young Inc,13511.26,Timothy Johnson,Kyle King,PO850635,INV761107,13511.26,13511.26,13511.26,none
100199,2024-03-20,16:14:00,2024-03-20 16:14:00,Finance,5000,Raw Materials Expense,Smith-Parker,16526.73,Christina Miller,Gary Mays,PO97882,INV299709,16526.73,16526.73,16526.73,none
104162,2024-03-20,16:50:00,2024-03-20 16:50:00,Finance,5000,Raw Materials Expense,Reyes-Glover,6052.45,Taylor Carroll,Donna Weber,PO494949,INV358336,6052.45,6052.45,6052.45,none
100904,2024-03-20,16:57:00,2024-03-20 16:57:00,Operations,6000,Vendor Payments,"Brown, Baker and Alvarado",7165.38,Elizabeth Shea,Nicole Clarke,PO327525,INV899948,7165.38,7165.38,7165.38,none
102182,2024-03-20,18:23:00,2024-03-20 18:23:00,Sales,5400,IT & Software,Young Inc,18762.56,Christine Gonzales,Jeffrey Hancock,PO694941,INV72951,18762.56,18762.56,18762.56,none
101994,2024-03-20,18:37:00,2024-03-20 18:37:00,Finance,5300,Professional Fees,Hopkins Inc,11619.25,Anita Harris,Thomas Martin,PO619601,INV236796,11619.25,11619.25,11619.25,none
102259,2024-03-20,18:40:00,2024-03-20 18:40:00,Procurement,5500,Utilities,Stevens-Gibson,14674.62,Christopher Chung,Nicole Chavez,PO500515,INV432017,14674.62,14674.62,14674.62,none
100041,2024-03-21,09:32:00,2024-03-21 09:32:00,Finance,5000,Raw Materials Expense,Gomez Ltd,24108.71,Timothy Johnson,Corey Jones,PO954874,INV494756,24108.71,24108.71,24108.71,none
104776,2024-03-21,09:46:00,2024-03-21 09:46:00,Procurement,5000,Raw Materials Expense,Smith-Wise,13148.81,Denise Elliott,Christina Miller,PO686533,INV563514,13148.81,13148.81,13148.81,none
101003,2024-03-21,09:56:00,2024-03-21 09:56:00,HR,5000,Raw Materials Expense,Tucker Group,14703.02,Jeffrey Hancock,Kyle King,PO344228,INV642402,14703.02,14703.02,14703.02,none
102096,2024-03-21,10:00:00,2024-03-21 10:00:00,Marketing,5400,IT & Software,Scott-Bailey,8917.24,Joy Hernandez,Gerald Freeman,PO888433,INV688566,8917.24,8917.24,8917.24,none
103438,2024-03-21,10:14:00,2024-03-21 10:14:00,Operations,5200,Travel & Entertainment,"Hernandez, Hopkins and Houston",13502.75,Donna Weber,Joy Hernandez,PO500872,INV186410,13502.75,13502.75,13502.75,none
101903,2024-03-21,10:22:00,2024-03-21 10:22:00,Procurement,5000,Raw Materials Expense,Davidson-Frank,17090.73,Anita Harris,Mary Harrison,PO121546,INV816624,17090.73,17090.73,17090.73,none
100159,2024-03-21,10:28:00,2024-03-21 10:28:00,Marketing,5300,Professional Fees,White-Thomas,38797.22,Patricia Perry,Janice Bush,PO463562,INV890849,38797.22,38797.22,38797.22,none
104486,2024-03-21,10:44:00,2024-03-21 10:44:00,Sales,5500,Utilities,Evans Ltd,6479.26,Patricia Lopez,Elizabeth Boyle,PO61590,INV979309,6479.26,6479.26,6479.26,none
103192,2024-03-21,11:02:00,2024-03-21 11:02:00,Sales,5200,Travel & Entertainment,"Cherry, Martin and Compton",22413.56,Patricia Lopez,Gary Mays,PO548355,INV470960,22413.56,22413.56,22413.56,none
102001,2024-03-21,11:25:00,2024-03-21 11:25:00,Sales,6000,Vendor Payments,Gross-Morrison,22345.58,Nicole Clarke,Anita Harris,PO422471,INV758956,22345.58,22345.58,22345.58,none
103237,2024-03-21,11:37:00,2024-03-21 11:37:00,Marketing,5400,IT & Software,Tucker Group,9166.55,Thomas Martin,Brittany Jackson,PO803136,INV615018,9166.55,9166.55,9166.55,none
102048,2024-03-21,12:49:00,2024-03-21 12:49:00,HR,5100,Office Supplies,Smith-Parker,35166.3,Denise Elliott,Christopher Chung,PO679267,INV919147,35166.3,35166.3,35166.3,none
100918,2024-03-21,13:07:00,2024-03-21 13:07:00,Marketing,5300,Professional Fees,Schneider-Clark,24722.34,Austin Cohen,Patricia Perry,PO29960,INV543465,24722.34,24722.34,24722.34,none
101229,2024-03-21,13:45:00,2024-03-21 13:45:00,IT,5000,Raw Materials Expense,"Silva, Jones and Oliver",19331.63,Gary Mays,Brittany Jackson,PO208968,INV700693,19331.63,19331.63,19331.63,none
100484,2024-03-21,13:49:00,2024-03-21 13:49:00,Finance,5000,Raw Materials Expense,Francis-Burke,8271.82,Sean Kelly,Gerald Freeman,PO324794,INV255244,8271.82,8271.82,8271.82,none
101373,2024-03-21,13:56:00,2024-03-21 13:56:00,HR,5000,Raw Materials Expense,Gross-Morrison,7401.7,Donna Weber,Michael Rivas,PO185353,INV133582,7401.7,7401.7,7401.7,none
100860,2024-03-21,14:04:00,2024-03-21 14:04:00,Sales,5300,Professional Fees,Becker-Martinez,6176.32,Denise Elliott,Timothy Johnson,PO923040,INV921181,6176.32,6176.32,6176.32,none
103320,2024-03-21,15:49:00,2024-03-21 15:49:00,Marketing,5500,Utilities,Lopez Ltd,28627.24,Anita Harris,Christina Miller,PO407464,INV345154,28627.24,28627.24,28627.24,none
100456,2024-03-21,16:29:00,2024-03-21 16:29:00,Marketing,6000,Vendor Payments,Jones Ltd,22183.0,Thomas Martin,Elizabeth Shea,PO653315,INV905327,22183.0,22183.0,22183.0,none
105035,2024-03-21,16:37:00,2024-03-21 16:37:00,Operations,6000,Vendor Payments,Smith-Parker,12299.05,Dawn Hall,Sergio Arroyo,PO901395,INV414276,12299.05,12299.05,12299.05,duplicate_payment
100048,2024-03-21,16:53:00,2024-03-21 16:53:00,Finance,5000,Raw Materials Expense,"Cherry, Martin and Compton",10977.48,Lawrence Davis,Brittany Jackson,PO778616,INV954658,10977.48,10977.48,10977.48,none
103999,2024-03-21,16:55:00,2024-03-21 16:55:00,HR,5100,Office Supplies,"Morton, Reynolds and Anderson",17616.68,Jeffrey Hancock,Christine Gonzales,PO281945,INV2985,17616.68,17616.68,17616.68,none
104099,2024-03-21,17:02:00,2024-03-21 17:02:00,Sales,6000,Vendor Payments,"Howard, Tucker and Flores",3875.64,Donna Weber,James Dennis,PO956826,INV640876,3875.64,3875.64,3875.64,none
102482,2024-03-21,17:06:00,2024-03-21 17:06:00,Sales,5000,Raw Materials Expense,Jones Ltd,4911.84,Taylor Carroll,Michael Rivas,PO71505,INV689160,4911.84,4911.84,4911.84,none
100674,2024-03-21,17:14:00,2024-03-21 17:14:00,Operations,5300,Professional Fees,Gross-Morrison,3301.5,Thomas Martin,Nicole Clarke,PO394725,INV2964,3301.5,3301.5,3301.5,none
102948,2024-03-21,18:13:00,2024-03-21 18:13:00,IT,5400,IT & Software,Francis-Burke,30345.1,Thomas Martin,Michael Macdonald,PO748823,INV679117,30345.1,30345.1,30345.1,none
104734,2024-03-21,18:34:00,2024-03-21 18:34:00,Finance,5300,Professional Fees,Stevens-Gibson,15286.24,Michael Fox,Gerald Freeman,PO489212,INV642572,15286.24,15286.24,15286.24,none
103759,2024-03-21,18:44:00,2024-03-21 18:44:00,HR,5000,Raw Materials Expense,Lopez Ltd,36883.58,Kyle King,Elizabeth Boyle,PO981420,INV805144,36883.58,36883.58,36883.58,none
104875,2024-03-21,18:46:00,2024-03-21 18:46:00,IT,5300,Professional Fees,Torres-Mendoza,22006.16,Gary Mays,Gary Mays,PO222269,INV182162,22006.16,22006.16,22006.16,segregation_violation
104809,2024-03-22,02:44:00,2024-03-22 02:44:00,Marketing,6000,Vendor Payments,"Durham, Bowen and Hess",18571.66,Patricia Perry,Denise Elliott,PO192317,INV550882,18571.66,18571.66,18571.66,odd_hour_posting
104695,2024-03-22,09:05:00,2024-03-22 09:05:00,Finance,5500,Utilities,Reyes-Glover,5634.13,Denise Elliott,Thomas Martin,PO620655,INV57961,5634.13,5634.13,5634.13,none
102618,2024-03-22,09:15:00,2024-03-22 09:15:00,IT,5500,Utilities,Schneider-Clark,14187.66,Michael Fox,Tanner Avila,PO603118,INV484714,14187.66,14187.66,14187.66,none
104286,2024-03-22,09:37:00,2024-03-22 09:37:00,Procurement,5400,IT & Software,"Flores, Hood and Brown",27307.1,Alyssa Jackson,Kyle King,PO930734,INV480895,27307.1,27307.1,27307.1,none
100060,2024-03-22,10:24:00,2024-03-22 10:24:00,Operations,6000,Vendor Payments,Schneider-Clark,16715.32,Lawrence Davis,Patricia Perry,PO360433,INV893300,16715.32,16715.32,16715.32,none
102601,2024-03-22,10:34:00,2024-03-22 10:34:00,HR,5500,Utilities,Powers Group,8485.55,Patricia Perry,Michael Rivas,PO729485,INV534171,8485.55,8485.55,8485.55,none
102427,2024-03-22,10:39:00,2024-03-22 10:39:00,Finance,5000,Raw Materials Expense,Torres-Mendoza,26133.01,James Dennis,Donald Ferguson,PO970039,INV591799,26133.01,26133.01,26133.01,none
103881,2024-03-22,12:00:00,2024-03-22 12:00:00,HR,5300,Professional Fees,Pearson PLC,14173.27,Gary Stone,Sergio Arroyo,PO406753,INV182957,14173.27,14173.27,14173.27,none
103201,2024-03-22,12:12:00,2024-03-22 12:12:00,Operations,5200,Travel & Entertainment,"White, Tucker and Wolf",45633.84,Alyssa Jackson,Christopher Chung,PO716863,INV955694,45633.84,45633.84,45633.84,none
103464,2024-03-22,12:22:00,2024-03-22 12:22:00,Finance,5500,Utilities,Raymond-Lucas,15328.3,Michael Macdonald,Michael Fox,PO460899,INV167924,15328.3,15328.3,15328.3,none
103128,2024-03-22,12:24:00,2024-03-22 12:24:00,HR,5300,Professional Fees,"Flores, Hood and Brown",29209.82,Austin Cohen,Joy Hernandez,PO896548,INV594524,29209.82,29209.82,29209.82,none
103883,2024-03-22,12:41:00,2024-03-22 12:41:00,Operations,5500,Utilities,Ballard-Jenkins,5250.84,Gary Stone,Jeffrey Hancock,PO864521,INV29736,5250.84,5250.84,5250.84,none
104888,2024-03-22,12:44:00,2024-03-22 12:44:00,Marketing,5100,Office Supplies,Stewart-Russell,25000.0,Christopher Chung,Gerald Freeman,PO234610,INV546841,25000.0,25000.0,25000.0,round_number
100457,2024-03-22,13:05:00,2024-03-22 13:05:00,Procurement,5300,Professional Fees,Raymond-Lucas,26061.14,Elizabeth Shea,Elizabeth Boyle,PO837024,INV805078,26061.14,26061.14,26061.14,none
101137,2024-03-22,13:08:00,2024-03-22 13:08:00,HR,5300,Professional Fees,Mora-Lynn,7868.42,Donna Weber,Gary Mays,PO432880,INV491171,7868.42,7868.42,7868.42,none
104499,2024-03-22,13:08:00,2024-03-22 13:08:00,Marketing,6000,Vendor Payments,"Durham, Bowen and Hess",25109.61,Joy Hernandez,Elizabeth Shea,PO850485,INV472083,25109.61,25109.61,25109.61,none
103401,2024-03-22,13:23:00,2024-03-22 13:23:00,IT,5200,Travel & Entertainment,Jones Inc,12262.07,Sean Kelly,Gary Mays,PO210141,INV558620,12262.07,12262.07,12262.07,none
101649,2024-03-22,14:13:00,2024-03-22 14:13:00,Operations,6000,Vendor Payments,Torres-Mendoza,13136.97,Michael Rivas,Sean Kelly,PO325387,INV516812,13136.97,13136.97,13136.97,none
101756,2024-03-22,14:32:00,2024-03-22 14:32:00,Operations,5500,Utilities,Jones Ltd,23561.29,Gary Stone,Autumn Reed,PO856938,INV437219,23561.29,23561.29,23561.29,none
103692,2024-03-22,15:09:00,2024-03-22 15:09:00,HR,5000,Raw Materials Expense,Nichols LLC,18019.18,Nicole Chavez,Corey Jones,PO728020,INV828285,18019.18,18019.18,18019.18,none
102123,2024-03-22,15:25:00,2024-03-22 15:25:00,Sales,6000,Vendor Payments,Stevens-Gibson,31135.64,Lawrence Davis,Michael Macdonald,PO444651,INV321678,31135.64,31135.64,31135.64,none
104262,2024-03-22,15:49:00,2024-03-22 15:49:00,Procurement,5400,IT & Software,White-Thomas,10079.65,Taylor Carroll,Patricia Perry,PO293151,INV75938,10079.65,10079.65,10079.65,none
100298,2024-03-22,16:32:00,2024-03-22 16:32:00,Marketing,5100,Office Supplies,Mays-Ortega,6960.91,Elizabeth Boyle,Timothy Johnson,PO68422,INV284228,6960.91,6960.91,6960.91,none
102280,2024-03-22,16:42:00,2024-03-22 16:42:00,Operations,5400,IT & Software,Scott-Bailey,17270.13,Nicole Clarke,Tanner Avila,PO742691,INV701342,17270.13,17270.13,17270.13,none
104536,2024-03-22,17:44:00,2024-03-22 17:44:00,Operations,5200,Travel & Entertainment,White-Thomas,27985.31,Christine Gonzales,Christopher Chung,PO647681,INV786148,27985.31,27985.31,27985.31,none
101660,2024-03-22,17:47:00,2024-03-22 17:47:00,Operations,5400,IT & Software,Evans Ltd,6220.39,Sergio Arroyo,Autumn Reed,PO955342,INV867608,6220.39,6220.39,6220.39,none
104529,2024-03-22,17:57:00,2024-03-22 17:57:00,Sales,5200,Travel & Entertainment,Miller LLC,4262.35,Sergio Arroyo,Patricia Lopez,PO183477,INV721850,4262.35,4262.35,4262.35,none
103465,2024-03-22,18:06:00,2024-03-22 18:06:00,Operations,5000,Raw Materials Expense,Rogers Ltd,26524.44,Patricia Perry,Donald Ferguson,PO104883,INV331522,26524.44,26524.44,26524.44,none
102474,2024-03-22,18:20:00,2024-03-22 18:20:00,Sales,5400,IT & Software,Stevens-Gibson,13486.02,Gerald Freeman,Christine Gonzales,PO904278,INV350105,13486.02,13486.02,13486.02,none
102020,2024-03-22,18:40:00,2024-03-22 18:40:00,Finance,5400,IT & Software,Humphrey-Berg,9857.95,Patricia Perry,Elizabeth Boyle,PO449855,INV347874,9857.95,9857.95,9857.95,none
103233,2024-03-22,18:47:00,2024-03-22 18:47:00,IT,5100,Office Supplies,Gross-Morrison,8804.95,Tanner Avila,Gary Mays,PO824028,INV983895,8804.95,8804.95,8804.95,none
101594,2024-03-25,09:51:00,2024-03-25 09:51:00,IT,5300,Professional Fees,Smith-Wise,1807.42,Elizabeth Boyle,Michael Macdonald,PO281006,INV512283,1807.42,1807.42,1807.42,none
102692,2024-03-25,10:05:00,2024-03-25 10:05:00,Finance,5300,Professional Fees,Jones Inc,77541.9,Anita Harris,Janice Bush,PO173737,INV202118,77541.9,77541.9,77541.9,none
103935,2024-03-25,10:32:00,2024-03-25 10:32:00,Procurement,5300,Professional Fees,Rogers Ltd,13377.92,Christopher Chung,Autumn Reed,PO310057,INV662436,13377.92,13377.92,13377.92,none
105041,2024-03-25,11:42:00,2024-03-25 11:42:00,Finance,5500,Utilities,"Robles, Moses and Morgan",14177.31,Sergio Arroyo,Michael Macdonald,PO405379,INV605604,14177.31,14177.31,14177.31,duplicate_payment
103309,2024-03-25,13:02:00,2024-03-25 13:02:00,Finance,5300,Professional Fees,Larson PLC,5952.16,Kyle King,Dawn Hall,PO581248,INV702193,5952.16,5952.16,5952.16,none
101041,2024-03-25,13:07:00,2024-03-25 13:07:00,Operations,5100,Office Supplies,Powers Group,11414.0,Nicole Chavez,Austin Cohen,PO11904,INV448784,11414.0,11414.0,11414.0,none
101375,2024-03-25,13:13:00,2024-03-25 13:13:00,HR,5000,Raw Materials Expense,Humphrey-Berg,28268.6,Nicole Chavez,Austin Cohen,PO177175,INV233081,28268.6,28268.6,28268.6,none
102493,2024-03-25,13:26:00,2024-03-25 13:26:00,Marketing,5400,IT & Software,"Silva, Jones and Oliver",12078.93,Patricia Lopez,Autumn Reed,PO751733,INV463022,12078.93,12078.93,12078.93,none
100168,2024-03-25,13:58:00,2024-03-25 13:58:00,HR,5200,Travel & Entertainment,Nichols LLC,4699.78,Christina Miller,Gary Stone,PO485132,INV77815,4699.78,4699.78,4699.78,none
101176,2024-03-25,14:47:00,2024-03-25 14:47:00,Finance,5400,IT & Software,Harper-Hernandez,5930.11,Michael Rivas,Sergio Arroyo,PO250909,INV358730,5930.11,5930.11,5930.11,none
100343,2024-03-25,14:54:00,2024-03-25 14:54:00,HR,5100,Office Supplies,Smith-Parker,27675.98,Sergio Arroyo,Denise Elliott,PO164522,INV859258,27675.98,27675.98,27675.98,none
101421,2024-03-25,15:16:00,2024-03-25 15:16:00,Procurement,5400,IT & Software,Becker-Martinez,43994.41,Leslie Robinson,Alyssa Jackson,PO254864,INV702696,43994.41,43994.41,43994.41,none
101953,2024-03-25,16:00:00,2024-03-25 16:00:00,Marketing,5100,Office Supplies,Stevens-Gibson,12793.37,Christine Gonzales,Corey Jones,PO713440,INV505896,12793.37,12793.37,12793.37,none
101002,2024-03-25,16:15:00,2024-03-25 16:15:00,Operations,5100,Office Supplies,"Smith, Montgomery and Reyes",12993.31,Dawn Hall,Sean Kelly,PO665627,INV825778,12993.31,12993.31,12993.31,none
103885,2024-03-25,16:26:00,2024-03-25 16:26:00,HR,5300,Professional Fees,Stewart-Russell,9059.97,Mary Harrison,Gary Stone,PO246900,INV224632,9059.97,9059.97,9059.97,none
101900,2024-03-25,17:45:00,2024-03-25 17:45:00,Operations,5100,Office Supplies,"Robles, Moses and Morgan",53766.74,Christopher Chung,Elizabeth Shea,PO23028,INV157127,53766.74,53766.74,53766.74,none
101283,2024-03-26,09:03:00,2024-03-26 09:03:00,Procurement,6000,Vendor Payments,Jones Ltd,21742.54,Mary Harrison,Patricia Perry,PO104264,INV949731,21742.54,21742.54,21742.54,none
104361,2024-03-26,09:07:00,2024-03-26 09:07:00,HR,5400,IT & Software,Gomez Ltd,19270.39,Kyle King,Sergio Arroyo,PO259010,INV309531,19270.39,19270.39,19270.39,none
101669,2024-03-26,09:32:00,2024-03-26 09:32:00,Sales,5400,IT & Software,"Howard, Tucker and Flores",3387.03,Dawn Hall,Nicole Chavez,PO456164,INV557423,3387.03,3387.03,3387.03,none
103054,2024-03-26,10:24:00,2024-03-26 10:24:00,HR,5200,Travel & Entertainment,Smith-Parker,7517.83,Anita Harris,Nicole Clarke,PO825167,INV302286,7517.83,7517.83,7517.83,none
100437,2024-03-26,10:36:00,2024-03-26 10:36:00,Operations,5300,Professional Fees,Stewart-Russell,29573.58,Alyssa Jackson,Christina Miller,PO641761,INV20082,29573.58,29573.58,29573.58,none
100597,2024-03-26,10:52:00,2024-03-26 10:52:00,Procurement,5300,Professional Fees,Ballard-Jenkins,27834.98,Timothy Johnson,Michael Fox,PO152098,INV649223,27834.98,27834.98,27834.98,none
100532,2024-03-26,10:52:00,2024-03-26 10:52:00,IT,5000,Raw Materials Expense,"Decker, Eaton and Arnold",37418.24,Christine Gonzales,Elizabeth Boyle,PO203583,INV641946,37418.24,37418.24,37418.24,none
101715,2024-03-26,11:49:00,2024-03-26 11:49:00,IT,5200,Travel & Entertainment,Harper-Hernandez,27745.51,James Dennis,Sergio Arroyo,PO989535,INV830299,27745.51,27745.51,27745.51,none
103440,2024-03-26,12:47:00,2024-03-26 12:47:00,IT,6000,Vendor Payments,Rogers Ltd,10726.23,Gerald Freeman,Nicole Chavez,PO591409,INV738755,10726.23,10726.23,10726.23,none
104999,2024-03-26,12:47:00,2024-03-26 12:47:00,HR,6000,Vendor Payments,White-Thomas,5577.72,Anita Harris,Gerald Freeman,PO775140,INV348180,5577.72,5577.72,5577.72,duplicate_payment
104472,2024-03-26,13:29:00,2024-03-26 13:29:00,Marketing,5000,Raw Materials Expense,Murphy Inc,6153.22,Anita Harris,Joy Hernandez,PO200576,INV405459,6153.22,6153.22,6153.22,none
102727,2024-03-26,13:57:00,2024-03-26 13:57:00,Operations,5400,IT & Software,"Brown, Baker and Alvarado",1591.62,Thomas Martin,Elizabeth Shea,PO3323,INV713637,1591.62,1591.62,1591.62,none
102117,2024-03-26,14:10:00,2024-03-26 14:10:00,HR,5200,Travel & Entertainment,Galvan Group,8040.83,James Dennis,Sergio Arroyo,PO886848,INV28031,8040.83,8040.83,8040.83,none
104426,2024-03-26,14:51:00,2024-03-26 14:51:00,Procurement,5300,Professional Fees,Harper-Hernandez,9990.78,Sergio Arroyo,Taylor Carroll,PO203818,INV260439,9990.78,9990.78,9990.78,none
100710,2024-03-26,14:59:00,2024-03-26 14:59:00,Marketing,5100,Office Supplies,Davidson-Frank,39641.46,Christina Miller,Michael Rivas,PO834033,INV850478,39641.46,39641.46,39641.46,none
103045,2024-03-26,15:02:00,2024-03-26 15:02:00,Sales,5000,Raw Materials Expense,Hughes-Nichols,4047.36,Timothy Johnson,Taylor Carroll,PO608328,INV79288,4047.36,4047.36,4047.36,none
104284,2024-03-26,15:16:00,2024-03-26 15:16:00,Finance,6000,Vendor Payments,Smith-Wise,5836.0,Dawn Hall,Alyssa Jackson,PO533978,INV937164,5836.0,5836.0,5836.0,none
104941,2024-03-26,15:36:00,2024-03-26 15:36:00,Sales,5100,Office Supplies,Hughes-Nichols,8119.44,Joy Hernandez,Sean Kelly,PO680495,INV740737,8119.44,8119.44,8119.44,duplicate_payment
103080,2024-03-26,16:12:00,2024-03-26 16:12:00,Finance,5000,Raw Materials Expense,"Morton, Reynolds and Anderson",22305.68,Taylor Carroll,Brittany Jackson,PO421805,INV697405,22305.68,22305.68,22305.68,none
100434,2024-03-26,16:18:00,2024-03-26 16:18:00,Operations,5500,Utilities,Galvan Group,15834.87,Patricia Lopez,Sean Kelly,PO535077,INV27503,15834.87,15834.87,15834.87,none
100965,2024-03-26,16:25:00,2024-03-26 16:25:00,IT,5200,Travel & Entertainment,Torres-Mendoza,9822.42,Austin Cohen,Lindsey Lewis,PO831006,INV456820,9822.42,9822.42,9822.42,none
101077,2024-03-26,17:20:00,2024-03-26 17:20:00,Marketing,5500,Utilities,"White, Tucker and Wolf",28742.57,Jeffrey Hancock,Mary Harrison,PO63927,INV155841,28742.57,28742.57,28742.57,none
104940,2024-03-26,17:59:00,2024-03-26 17:59:00,Finance,5300,Professional Fees,Pearson PLC,229167.03,Sergio Arroyo,Denise Elliott,PO442398,INV951684,229167.03,229167.03,229167.03,unusual_amount
101123,2024-03-26,18:19:00,2024-03-26 18:19:00,IT,5500,Utilities,Young Inc,7405.44,Christopher Chung,Christina Miller,PO405722,INV433642,7405.44,7405.44,7405.44,none
101631,2024-03-26,18:24:00,2024-03-26 18:24:00,HR,5000,Raw Materials Expense,"Brown, Baker and Alvarado",27001.43,Gary Mays,Leslie Robinson,PO607824,INV503626,27001.43,27001.43,27001.43,none
104249,2024-03-27,09:00:00,2024-03-27 09:00:00,Procurement,5500,Utilities,Larson PLC,7647.67,Thomas Martin,Kyle King,PO792740,INV311548,7647.67,7647.67,7647.67,none
102929,2024-03-27,09:12:00,2024-03-27 09:12:00,Sales,5100,Office Supplies,Schneider-Clark,11348.58,Patricia Perry,Gerald Freeman,PO775924,INV361091,11348.58,11348.58,11348.58,none
102179,2024-03-27,09:33:00,2024-03-27 09:33:00,HR,5000,Raw Materials Expense,Hopkins Inc,8569.32,Dawn Hall,Jeffrey Hancock,PO318923,INV779399,8569.32,8569.32,8569.32,none
103580,2024-03-27,09:34:00,2024-03-27 09:34:00,IT,5300,Professional Fees,Humphrey-Berg,11468.48,Michael Macdonald,Thomas Martin,PO413590,INV592082,11468.48,11468.48,11468.48,none
101568,2024-03-27,10:14:00,2024-03-27 10:14:00,IT,5200,Travel & Entertainment,"Gardner, Perry and Cruz",11155.46,Brittany Jackson,Austin Cohen,PO53705,INV986538,11155.46,11155.46,11155.46,none
103739,2024-03-27,10:31:00,2024-03-27 10:31:00,Procurement,5300,Professional Fees,Francis-Burke,48533.88,Nicole Clarke,Leslie Robinson,PO533776,INV714112,48533.88,48533.88,48533.88,none
103478,2024-03-27,11:20:00,2024-03-27 11:20:00,Operations,5000,Raw Materials Expense,Francis-Burke,22431.24,Michael Macdonald,Janice Bush,PO456935,INV385182,22431.24,22431.24,22431.24,none
103122,2024-03-27,11:40:00,2024-03-27 11:40:00,Finance,5400,IT & Software,"Howard, Tucker and Flores",8849.07,Gary Mays,Michael Rivas,PO625982,INV16156,8849.07,8849.07,8849.07,none
103644,2024-03-27,12:17:00,2024-03-27 12:17:00,Finance,6000,Vendor Payments,Cowan-Powers,35502.63,Nicole Chavez,Christina Miller,PO462978,INV350146,35502.63,35502.63,35502.63,none
102149,2024-03-27,14:01:00,2024-03-27 14:01:00,Finance,6000,Vendor Payments,"Hernandez, Hopkins and Houston",6589.97,Dawn Hall,Gerald Freeman,PO561530,INV714739,6589.97,6589.97,6589.97,none
100375,2024-03-27,14:10:00,2024-03-27 14:10:00,Marketing,6000,Vendor Payments,Francis-Burke,29180.99,Nicole Clarke,Anita Harris,PO729885,INV759639,29180.99,29180.99,29180.99,none
102015,2024-03-27,14:26:00,2024-03-27 14:26:00,Sales,6000,Vendor Payments,Murphy Inc,9331.39,Timothy Johnson,Austin Cohen,PO560957,INV390582,9331.39,9331.39,9331.39,none
100840,2024-03-27,14:39:00,2024-03-27 14:39:00,Finance,5400,IT & Software,Willis Group,2662.67,Thomas Martin,Elizabeth Boyle,PO89646,INV204472,2662.67,2662.67,2662.67,none
101443,2024-03-27,16:07:00,2024-03-27 16:07:00,Marketing,5000,Raw Materials Expense,"Morton, Reynolds and Anderson",14441.61,Janice Bush,Anita Harris,PO230246,INV815765,14441.61,14441.61,14441.61,none
104522,2024-03-27,18:18:00,2024-03-27 18:18:00,Marketing,5200,Travel & Entertainment,Scott-Bailey,21209.17,Lawrence Davis,Sean Kelly,PO430391,INV648442,21209.17,21209.17,21209.17,none
100289,2024-03-27,18:37:00,2024-03-27 18:37:00,HR,5200,Travel & Entertainment,Tucker Group,6769.55,Michael Fox,Janice Bush,PO545465,INV408703,6769.55,6769.55,6769.55,none
101232,2024-03-28,10:17:00,2024-03-28 10:17:00,Marketing,6000,Vendor Payments,Smith-Wise,4639.86,Christopher Chung,Patricia Perry,PO636274,INV867268,4639.86,4639.86,4639.86,none
100920,2024-03-28,10:19:00,2024-03-28 10:19:00,HR,5200,Travel & Entertainment,Cowan-Powers,27550.34,Denise Elliott,Michael Fox,PO741614,INV255345,27550.34,27550.34,27550.34,none
103293,2024-03-28,10:53:00,2024-03-28 10:53:00,IT,5400,IT & Software,Stevens-Gibson,33541.51,Kyle King,Autumn Reed,PO970966,INV34017,33541.51,33541.51,33541.51,none
103315,2024-03-28,10:54:00,2024-03-28 10:54:00,Marketing,5200,Travel & Entertainment,Humphrey-Berg,11741.64,Taylor Carroll,James Dennis,PO301991,INV548395,11741.64,11741.64,11741.64,none
103415,2024-03-28,11:05:00,2024-03-28 11:05:00,Sales,6000,Vendor Payments,Miller LLC,13212.22,Donna Weber,Anita Harris,PO637411,INV991323,13212.22,13212.22,13212.22,none
103322,2024-03-28,11:37:00,2024-03-28 11:37:00,Finance,5500,Utilities,Hopkins Inc,15942.79,Elizabeth Boyle,Sean Kelly,PO934677,INV139843,15942.79,15942.79,15942.79,none
103913,2024-03-28,12:06:00,2024-03-28 12:06:00,Marketing,5300,Professional Fees,"Hernandez, Hopkins and Houston",8170.3,Lawrence Davis,Jeffrey Hancock,PO399862,INV369376,8170.3,8170.3,8170.3,none
101708,2024-03-28,12:22:00,2024-03-28 12:22:00,Marketing,5500,Utilities,Cowan-Powers,15336.13,Nicole Clarke,Gary Mays,PO413926,INV91279,15336.13,15336.13,15336.13,none
101020,2024-03-28,14:14:00,2024-03-28 14:14:00,Procurement,6000,Vendor Payments,Jones Ltd,1670.23,Anita Harris,Michael Macdonald,PO243766,INV465051,1670.23,1670.23,1670.23,none
100880,2024-03-28,14:36:00,2024-03-28 14:36:00,Sales,5300,Professional Fees,Larson PLC,1197.87,Brittany Jackson,Donna Weber,PO518209,INV170990,1197.87,1197.87,1197.87,none
101364,2024-03-28,14:55:00,2024-03-28 14:55:00,IT,5400,IT & Software,Rivera-Charles,7897.47,Anita Harris,Lindsey Lewis,PO791359,INV843466,7897.47,7897.47,7897.47,none
103678,2024-03-28,15:37:00,2024-03-28 15:37:00,Procurement,5400,IT & Software,Mora-Lynn,16670.62,Michael Fox,Michael Rivas,PO127402,INV500227,16670.62,16670.62,16670.62,none
102617,2024-03-28,17:36:00,2024-03-28 17:36:00,IT,5000,Raw Materials Expense,Lopez Ltd,7219.59,Kyle King,Patricia Perry,PO992669,INV116961,7219.59,7219.59,7219.59,none
103581,2024-03-28,18:02:00,2024-03-28 18:02:00,Procurement,5500,Utilities,Stewart-Russell,17114.68,Jeffrey Hancock,Timothy Johnson,PO144725,INV194200,17114.68,17114.68,17114.68,none
103584,2024-03-29,09:10:00,2024-03-29 09:10:00,Sales,5200,Travel & Entertainment,Raymond-Lucas,22493.54,Lawrence Davis,Gary Mays,PO62124,INV577886,22493.54,22493.54,22493.54,none
102844,2024-03-29,09:16:00,2024-03-29 09:16:00,Procurement,5200,Travel & Entertainment,"Decker, Eaton and Arnold",8119.33,Nicole Chavez,Christopher Chung,PO447659,INV550390,8119.33,8119.33,8119.33,none
103721,2024-03-29,09:33:00,2024-03-29 09:33:00,Finance,5000,Raw Materials Expense,"Decker, Eaton and Arnold",28494.96,Michael Rivas,Sergio Arroyo,PO817285,INV515389,28494.96,28494.96,28494.96,none
102790,2024-03-29,09:56:00,2024-03-29 09:56:00,Marketing,5500,Utilities,"Silva, Jones and Oliver",1835.15,Lindsey Lewis,Sean Kelly,PO945868,INV496833,1835.15,1835.15,1835.15,none
100996,2024-03-29,09:57:00,2024-03-29 09:57:00,HR,5000,Raw Materials Expense,"Decker, Eaton and Arnold",40119.37,Elizabeth Shea,Autumn Reed,PO873179,INV519368,40119.37,40119.37,40119.37,none
104317,2024-03-29,10:03:00,2024-03-29 10:03:00,Sales,6000,Vendor Payments,Larson PLC,13194.26,Elizabeth Shea,Anita Harris,PO356363,INV925651,13194.26,13194.26,13194.26,none
102002,2024-03-29,10:24:00,2024-03-29 10:24:00,Finance,5000,Raw Materials Expense,Galvan Group,22950.81,Christopher Chung,Corey Jones,PO369038,INV346993,22950.81,22950.81,22950.81,none
103224,2024-03-29,11:09:00,2024-03-29 11:09:00,IT,6000,Vendor Payments,"Mills, Crane and Kim",5376.93,Nicole Clarke,Jeffrey Hancock,PO609853,INV368038,5376.93,5376.93,5376.93,none
104510,2024-03-29,11:16:00,2024-03-29 11:16:00,Operations,5000,Raw Materials Expense,Powers Group,13814.45,Janice Bush,Thomas Martin,PO573909,INV936181,13814.45,13814.45,13814.45,none
104399,2024-03-29,11:36:00,2024-03-29 11:36:00,HR,5500,Utilities,"Robles, Moses and Morgan",44411.76,Tanner Avila,Mary Harrison,PO628896,INV422724,44411.76,44411.76,44411.76,none
103618,2024-03-29,11:55:00,2024-03-29 11:55:00,HR,5300,Professional Fees,Hughes-Nichols,3269.01,Janice Bush,Gerald Freeman,PO297299,INV193303,3269.01,3269.01,3269.01,none
101220,2024-03-29,12:10:00,2024-03-29 12:10:00,IT,5500,Utilities,Reyes-Glover,3201.88,Corey Jones,Elizabeth Shea,PO933002,INV328760,3201.88,3201.88,3201.88,none
103633,2024-03-29,12:17:00,2024-03-29 12:17:00,Procurement,5400,IT & Software,"Yang, Weber and Nielsen",9546.31,James Dennis,Corey Jones,PO649731,INV616460,9546.31,9546.31,9546.31,none
101665,2024-03-29,12:43:00,2024-03-29 12:43:00,HR,5300,Professional Fees,"Robles, Moses and Morgan",6775.17,Leslie Robinson,Gary Stone,PO286227,INV836292,6775.17,6775.17,6775.17,none
100567,2024-03-29,12:56:00,2024-03-29 12:56:00,Marketing,6000,Vendor Payments,Nichols LLC,14112.94,Sean Kelly,Thomas Martin,PO342985,INV272709,14112.94,14112.94,14112.94,none
102936,2024-03-29,13:16:00,2024-03-29 13:16:00,HR,5000,Raw Materials Expense,Harper-Hernandez,11321.52,Tanner Avila,Christine Gonzales,PO693589,INV877214,11321.52,11321.52,11321.52,none
103642,2024-03-29,13:44:00,2024-03-29 13:44:00,Marketing,6000,Vendor Payments,Francis-Burke,6653.32,Mary Harrison,Sean Kelly,PO929839,INV736491,6653.32,6653.32,6653.32,none
102233,2024-03-29,13:47:00,2024-03-29 13:47:00,Procurement,5500,Utilities,Young Inc,16061.85,Brittany Jackson,Timothy Johnson,PO541490,INV192835,16061.85,16061.85,16061.85,none
103542,2024-03-29,14:16:00,2024-03-29 14:16:00,Sales,5300,Professional Fees,Gomez Ltd,17255.38,Gerald Freeman,Timothy Johnson,PO678147,INV176715,17255.38,17255.38,17255.38,none
102743,2024-03-29,14:39:00,2024-03-29 14:39:00,Finance,5300,Professional Fees,Jones Inc,19733.39,Elizabeth Boyle,Christopher Chung,PO972877,INV422438,19733.39,19733.39,19733.39,none
100472,2024-03-29,16:49:00,2024-03-29 16:49:00,Marketing,6000,Vendor Payments,Smith-Parker,35181.3,Michael Macdonald,Dawn Hall,PO325911,INV11952,35181.3,35181.3,35181.3,none
103057,2024-03-29,17:17:00,2024-03-29 17:17:00,Sales,5400,IT & Software,Becker-Martinez,8461.48,Timothy Johnson,Corey Jones,PO567441,INV823304,8461.48,8461.48,8461.48,none
101404,2024-03-29,18:35:00,2024-03-29 18:35:00,IT,5100,Office Supplies,Young Inc,10850.27,Elizabeth Shea,Donald Ferguson,PO336341,INV298847,10850.27,10850.27,10850.27,none
103240,2024-03-29,18:46:00,2024-03-29 18:46:00,Operations,5500,Utilities,Scott-Bailey,8795.07,Denise Elliott,Tanner Avila,PO449899,INV199158,8795.07,8795.07,8795.07,none
101860,2024-04-01,09:26:00,2024-04-01 09:26:00,Procurement,5300,Professional Fees,Larson PLC,5116.8,Mary Harrison,Gary Mays,PO423193,INV227491,5116.8,5116.8,5116.8,none
102593,2024-04-01,09:27:00,2024-04-01 09:27:00,Finance,5200,Travel & Entertainment,"Duncan, Graham and Stark",19826.72,Janice Bush,Elizabeth Shea,PO182655,INV930735,19826.72,19826.72,19826.72,none
103702,2024-04-01,09:47:00,2024-04-01 09:47:00,Finance,5200,Travel & Entertainment,Nichols LLC,2679.21,Nicole Clarke,Autumn Reed,PO518014,INV19735,2679.21,2679.21,2679.21,none
103349,2024-04-01,11:04:00,2024-04-01 11:04:00,IT,5000,Raw Materials Expense,Harper-Hernandez,24944.65,Timothy Johnson,Lindsey Lewis,PO669782,INV338149,24944.65,24944.65,24944.65,none
103115,2024-04-01,11:04:00,2024-04-01 11:04:00,Procurement,5000,Raw Materials Expense,"Jefferson, Sullivan and Young",7554.6,Denise Elliott,Nicole Clarke,PO25248,INV156300,7554.6,7554.6,7554.6,none
104750,2024-04-01,11:18:00,2024-04-01 11:18:00,Sales,5100,Office Supplies,Mora-Lynn,27418.17,Michael Fox,Jeffrey Hancock,PO840480,INV944417,27418.17,27418.17,27418.17,none
101901,2024-04-01,11:30:00,2024-04-01 11:30:00,Marketing,5300,Professional Fees,Rogers Ltd,25284.24,Elizabeth Boyle,Tanner Avila,PO651294,INV214696,25284.24,25284.24,25284.24,none
100889,2024-04-01,11:43:00,2024-04-01 11:43:00,Finance,5000,Raw Materials Expense,Gomez Ltd,13468.61,Jeffrey Hancock,Tanner Avila,PO864480,INV864772,13468.61,13468.61,13468.61,none
101199,2024-04-01,11:53:00,2024-04-01 11:53:00,Marketing,5400,IT & Software,"Jefferson, Sullivan and Young",4593.83,Austin Cohen,Corey Jones,PO34621,INV71006,4593.83,4593.83,4593.83,none
105047,2024-04-01,12:47:00,2024-04-01 12:47:00,HR,6000,Vendor Payments,White-Thomas,5577.72,Anita Harris,Gerald Freeman,PO775140,INV348180,5577.72,5577.72,5577.72,duplicate_payment
103295,2024-04-01,13:34:00,2024-04-01 13:34:00,HR,5400,IT & Software,White-Thomas,17637.15,Lindsey Lewis,Thomas Martin,PO529303,INV706905,17637.15,17637.15,17637.15,none
101907,2024-04-01,13:36:00,2024-04-01 13:36:00,HR,5100,Office Supplies,Jones Inc,7127.89,Gary Mays,Patricia Perry,PO3004,INV753576,7127.89,7127.89,7127.89,none
100059,2024-04-01,14:50:00,2024-04-01 14:50:00,Marketing,5100,Office Supplies,"Cherry, Martin and Compton",17131.44,Michael Macdonald,Thomas Martin,PO855813,INV776187,17131.44,17131.44,17131.44,none
104358,2024-04-01,15:06:00,2024-04-01 15:06:00,HR,5300,Professional Fees,Humphrey-Berg,11193.21,Christine Gonzales,Anita Harris,PO146703,INV554434,11193.21,11193.21,11193.21,none
101970,2024-04-01,15:34:00,2024-04-01 15:34:00,Finance,6000,Vendor Payments,Galvan Group,7445.22,Dawn Hall,Austin Cohen,PO932120,INV195494,7445.22,7445.22,7445.22,none
105033,2024-04-01,15:36:00,2024-04-01 15:36:00,Sales,5100,Office Supplies,Hughes-Nichols,8119.44,Joy Hernandez,Sean Kelly,PO680495,INV740737,8119.44,8119.44,8119.44,duplicate_payment
100980,2024-04-01,16:06:00,2024-04-01 16:06:00,Procurement,5300,Professional Fees,"Robles, Moses and Morgan",14569.99,Leslie Robinson,Michael Macdonald,PO138125,INV324257,14569.99,14569.99,14569.99,none
101346,2024-04-01,16:14:00,2024-04-01 16:14:00,Finance,6000,Vendor Payments,Francis-Burke,6424.97,Elizabeth Boyle,Gary Stone,PO378519,INV857320,6424.97,6424.97,6424.97,none
104175,2024-04-01,16:48:00,2024-04-01 16:48:00,HR,5200,Travel & Entertainment,Young Inc,5469.62,Gerald Freeman,Corey Jones,PO326820,INV984255,5469.62,5469.62,5469.62,none
102754,2024-04-01,17:08:00,2024-04-01 17:08:00,HR,5300,Professional Fees,Humphrey-Berg,4893.2,Elizabeth Boyle,Patricia Perry,PO493825,INV275979,4893.2,4893.2,4893.2,none
104425,2024-04-01,17:27:00,2024-04-01 17:27:00,Finance,5200,Travel & Entertainment,"Brown, Baker and Alvarado",14461.65,Elizabeth Shea,Gary Stone,PO871180,INV892573,14461.65,14461.65,14461.65,none
100021,2024-04-01,17:58:00,2024-04-01 17:58:00,Operations,5000,Raw Materials Expense,Scott-Bailey,24260.48,Michael Rivas,Joy Hernandez,PO920025,INV795054,24260.48,24260.48,24260.48,none
103223,2024-04-01,18:20:00,2024-04-01 18:20:00,Sales,5200,Travel & Entertainment,Jones Inc,33429.16,Timothy Johnson,Michael Rivas,PO286766,INV249792,33429.16,33429.16,33429.16,none
100515,2024-04-02,09:20:00,2024-04-02 09:20:00,HR,5400,IT & Software,"Yang, Weber and Nielsen",15406.71,Brittany Jackson,Gary Stone,PO17988,INV295038,15406.71,15406.71,15406.71,none
101274,2024-04-02,09:45:00,2024-04-02 09:45:00,Finance,5300,Professional Fees,Hopkins Inc,7988.33,Gerald Freeman,Lindsey Lewis,PO415542,INV134111,7988.33,7988.33,7988.33,none
104980,2024-04-02,10:16:00,2024-04-02 10:16:00,Operations,5500,Utilities,Larson PLC,23474.24,Michael Rivas,Alyssa Jackson,PO745964,INV582410,23474.24,23474.24,23474.24,unusual_amount
100348,2024-04-02,11:49:00,2024-04-02 11:49:00,Procurement,5000,Raw Materials Expense,"Robles, Moses and Morgan",6396.97,Corey Jones,Donna Weber,PO888367,INV412221,6396.97,6396.97,6396.97,none
100790,2024-04-02,12:57:00,2024-04-02 12:57:00,Marketing,5300,Professional Fees,Rivera-Charles,5680.26,Sergio Arroyo,Corey Jones,PO227131,INV213947,5680.26,5680.26,5680.26,none
103422,2024-04-02,12:58:00,2024-04-02 12:58:00,IT,5300,Professional Fees,Rogers Ltd,12348.56,Denise Elliott,Christine Gonzales,PO387865,INV303754,12348.56,12348.56,12348.56,none
101658,2024-04-02,13:00:00,2024-04-02 13:00:00,Operations,5300,Professional Fees,"Cherry, Martin and Compton",36426.73,Elizabeth Boyle,Anita Harris,PO374005,INV430288,36426.73,36426.73,36426.73,none
101985,2024-04-02,13:17:00,2024-04-02 13:17:00,HR,5500,Utilities,"Brown, Baker and Alvarado",31170.37,Taylor Carroll,Kyle King,PO620558,INV624311,31170.37,31170.37,31170.37,none
101271,2024-04-02,15:01:00,2024-04-02 15:01:00,Operations,6000,Vendor Payments,"Robles, Moses and Morgan",22152.63,Thomas Martin,Christine Gonzales,PO219775,INV867760,22152.63,22152.63,22152.63,none
102495,2024-04-02,15:02:00,2024-04-02 15:02:00,HR,5400,IT & Software,Francis-Burke,17764.27,Gary Stone,Leslie Robinson,PO457930,INV566222,17764.27,17764.27,17764.27,none
104605,2024-04-02,15:15:00,2024-04-02 15:15:00,Marketing,5000,Raw Materials Expense,Ballard-Jenkins,8600.93,Patricia Lopez,Christine Gonzales,PO222494,INV942801,8600.93,8600.93,8600.93,none
103424,2024-04-02,15:39:00,2024-04-02 15:39:00,Finance,5200,Travel & Entertainment,Pearson PLC,10465.09,Alyssa Jackson,Nicole Clarke,PO520823,INV828769,10465.09,10465.09,10465.09,none
103556,2024-04-02,16:13:00,2024-04-02 16:13:00,Marketing,6000,Vendor Payments,Nichols LLC,953.5,Michael Rivas,Denise Elliott,PO148165,INV538408,953.5,953.5,953.5,none
102784,2024-04-02,16:38:00,2024-04-02 16:38:00,Finance,5400,IT & Software,Stevens-Gibson,51527.76,Nicole Clarke,Austin Cohen,PO146670,INV974719,51527.76,51527.76,51527.76,none
102590,2024-04-02,17:56:00,2024-04-02 17:56:00,IT,5400,IT & Software,Stewart-Russell,16504.85,Elizabeth Shea,Lindsey Lewis,PO820837,INV163647,16504.85,16504.85,16504.85,none
100897,2024-04-02,18:14:00,2024-04-02 18:14:00,Operations,5400,IT & Software,Scott-Bailey,18869.42,Nicole Clarke,Christina Miller,PO21300,INV456006,18869.42,18869.42,18869.42,none
100618,2024-04-02,18:24:00,2024-04-02 18:24:00,HR,5300,Professional Fees,Stevens-Gibson,9882.52,Sean Kelly,Alyssa Jackson,PO191159,INV946749,9882.52,9882.52,9882.52,none
102959,2024-04-03,09:23:00,2024-04-03 09:23:00,IT,6000,Vendor Payments,"Jefferson, Sullivan and Young",21229.97,Anita Harris,Kyle King,PO754066,INV775854,21229.97,21229.97,21229.97,none
101177,2024-04-03,09:30:00,2024-04-03 09:30:00,Operations,6000,Vendor Payments,Lopez Ltd,11608.98,Janice Bush,Alyssa Jackson,PO964081,INV19608,11608.98,11608.98,11608.98,none
102659,2024-04-03,09:45:00,2024-04-03 09:45:00,HR,5500,Utilities,Rivera-Charles,17266.15,Patricia Perry,Michael Fox,PO414175,INV622420,17266.15,17266.15,17266.15,none
100615,2024-04-03,10:25:00,2024-04-03 10:25:00,Finance,5500,Utilities,Reyes-Glover,14642.59,Dawn Hall,Christopher Chung,PO161807,INV823486,14642.59,14642.59,14642.59,none
103665,2024-04-03,11:26:00,2024-04-03 11:26:00,Marketing,5300,Professional Fees,Smith-Wise,35221.36,Austin Cohen,Sean Kelly,PO508518,INV12432,35221.36,35221.36,35221.36,none
100286,2024-04-03,11:27:00,2024-04-03 11:27:00,Sales,6000,Vendor Payments,Miller LLC,39950.77,Janice Bush,Taylor Carroll,PO309928,INV578831,39950.77,39950.77,39950.77,none
101428,2024-04-03,12:16:00,2024-04-03 12:16:00,Marketing,5100,Office Supplies,"White, Tucker and Wolf",24809.74,Leslie Robinson,Lindsey Lewis,PO254222,INV909538,24809.74,24809.74,24809.74,none
103730,2024-04-03,12:21:00,2024-04-03 12:21:00,HR,5500,Utilities,Willis Group,2820.59,Denise Elliott,Lindsey Lewis,PO678875,INV331955,2820.59,2820.59,2820.59,none
103568,2024-04-03,13:58:00,2024-04-03 13:58:00,Sales,5100,Office Supplies,"White, Tucker and Wolf",4972.43,Michael Macdonald,Corey Jones,PO541489,INV101669,4972.43,4972.43,4972.43,none
103619,2024-04-03,14:46:00,2024-04-03 14:46:00,Finance,5000,Raw Materials Expense,Torres-Mendoza,7044.47,Jeffrey Hancock,Janice Bush,PO970548,INV626194,7044.47,7044.47,7044.47,none
100927,2024-04-03,14:50:00,2024-04-03 14:50:00,HR,5200,Travel & Entertainment,Becker-Martinez,5595.59,Dawn Hall,Michael Macdonald,PO694968,INV870121,5595.59,5595.59,5595.59,none
103479,2024-04-03,15:28:00,2024-04-03 15:28:00,Marketing,5000,Raw Materials Expense,Pearson PLC,11492.06,Elizabeth Shea,Corey Jones,PO894834,INV942534,11492.06,11492.06,11492.06,none
103332,2024-04-03,15:59:00,2024-04-03 15:59:00,Sales,5100,Office Supplies,Mays-Ortega,2871.27,Joy Hernandez,Mary Harrison,PO481162,INV490443,2871.27,2871.27,2871.27,none
102774,2024-04-03,16:07:00,2024-04-03 16:07:00,IT,5000,Raw Materials Expense,Gross-Morrison,13244.16,Lindsey Lewis,Sean Kelly,PO918629,INV843984,13244.16,13244.16,13244.16,none
100105,2024-04-03,16:13:00,2024-04-03 16:13:00,Operations,5200,Travel & Entertainment,"Jefferson, Sullivan and Young",13052.78,Nicole Clarke,Elizabeth Boyle,PO726104,INV648526,13052.78,13052.78,13052.78,none
102562,2024-04-03,16:33:00,2024-04-03 16:33:00,Sales,6000,Vendor Payments,Schneider-Clark,7976.63,Janice Bush,Timothy Johnson,PO921321,INV611478,7976.63,7976.63,7976.63,none
102244,2024-04-03,16:57:00,2024-04-03 16:57:00,Marketing,5200,Travel & Entertainment,"Robles, Moses and Morgan",16930.57,Alyssa Jackson,Taylor Carroll,PO243497,INV523799,16930.57,16930.57,16930.57,none
102206,2024-04-03,17:20:00,2024-04-03 17:20:00,IT,5000,Raw Materials Expense,"Mills, Crane and Kim",1856.2,Gerald Freeman,Christina Miller,PO416556,INV347071,1856.2,1856.2,1856.2,none
102531,2024-04-03,18:13:00,2024-04-03 18:13:00,Finance,6000,Vendor Payments,"Duncan, Graham and Stark",8797.41,Elizabeth Boyle,Austin Cohen,PO418320,INV443074,8797.41,8797.41,8797.41,none
102072,2024-04-03,18:21:00,2024-04-03 18:21:00,IT,5100,Office Supplies,Willis Group,15762.88,Christopher Chung,Nicole Chavez,PO944075,INV773691,15762.88,15762.88,15762.88,none
103136,2024-04-03,18:21:00,2024-04-03 18:21:00,IT,5200,Travel & Entertainment,Gross-Morrison,22688.02,Lindsey Lewis,Kyle King,PO719640,INV680082,22688.02,22688.02,22688.02,none
101840,2024-04-03,18:58:00,2024-04-03 18:58:00,Marketing,5300,Professional Fees,Powers Group,28792.3,Corey Jones,Elizabeth Shea,PO268488,INV838096,28792.3,28792.3,28792.3,none
101545,2024-04-04,09:10:00,2024-04-04 09:10:00,Operations,5300,Professional Fees,Evans Ltd,11358.67,Gary Stone,Gary Mays,PO96309,INV906573,11358.67,11358.67,11358.67,none
100805,2024-04-04,09:39:00,2024-04-04 09:39:00,Procurement,6000,Vendor Payments,"Martin, Brewer and Young",5691.83,Christina Miller,Brittany Jackson,PO635143,INV951942,5691.83,5691.83,5691.83,none
102320,2024-04-04,10:02:00,2024-04-04 10:02:00,IT,5500,Utilities,Ballard-Jenkins,5445.79,Kyle King,Gary Mays,PO883197,INV432472,5445.79,5445.79,5445.79,none
104625,2024-04-04,10:31:00,2024-04-04 10:31:00,Operations,5500,Utilities,Harper-Hernandez,13447.88,Nicole Chavez,Tanner Avila,PO345210,INV805042,13447.88,13447.88,13447.88,none
101201,2024-04-04,10:47:00,2024-04-04 10:47:00,Marketing,5200,Travel & Entertainment,"Duncan, Graham and Stark",31933.56,Patricia Lopez,James Dennis,PO676799,INV976928,31933.56,31933.56,31933.56,none
102529,2024-04-04,10:55:00,2024-04-04 10:55:00,Finance,5300,Professional Fees,"Jefferson, Sullivan and Young",11673.69,Thomas Martin,Michael Fox,PO346546,INV476832,11673.69,11673.69,11673.69,none
104100,2024-04-04,11:02:00,2024-04-04 11:02:00,Finance,5400,IT & Software,Miller LLC,9696.82,Christine Gonzales,Autumn Reed,PO331260,INV67387,9696.82,9696.82,9696.82,none
103980,2024-04-04,11:03:00,2024-04-04 11:03:00,Finance,5100,Office Supplies,"Silva, Jones and Oliver",10056.32,Timothy Johnson,Elizabeth Shea,PO184541,INV975705,10056.32,10056.32,10056.32,none
100887,2024-04-04,11:03:00,2024-04-04 11:03:00,IT,5400,IT & Software,Mays-Ortega,4621.51,Gary Mays,Lindsey Lewis,PO680697,INV909618,4621.51,4621.51,4621.51,none
100334,2024-04-04,11:30:00,2024-04-04 11:30:00,Operations,5400,IT & Software,"Yang, Weber and Nielsen",1553.36,Donald Ferguson,Michael Macdonald,PO400276,INV364851,1553.36,1553.36,1553.36,none
102665,2024-04-04,12:18:00,2024-04-04 12:18:00,Finance,5400,IT & Software,Davidson-Frank,13196.71,Leslie Robinson,Patricia Lopez,PO480082,INV761435,13196.71,13196.71,13196.71,none
102635,2024-04-04,12:52:00,2024-04-04 12:52:00,HR,5500,Utilities,"Silva, Jones and Oliver",27541.27,Joy Hernandez,Autumn Reed,PO823066,INV300785,27541.27,27541.27,27541.27,none
104104,2024-04-04,14:24:00,2024-04-04 14:24:00,Finance,5300,Professional Fees,Jones Inc,14797.25,Brittany Jackson,Denise Elliott,PO54040,INV948799,14797.25,14797.25,14797.25,none
103334,2024-04-04,14:43:00,2024-04-04 14:43:00,Sales,5000,Raw Materials Expense,Powers Group,24181.04,Janice Bush,Tanner Avila,PO424674,INV99492,24181.04,24181.04,24181.04,none
100546,2024-04-04,14:56:00,2024-04-04 14:56:00,IT,5200,Travel & Entertainment,Reyes-Glover,17695.45,Sergio Arroyo,Brittany Jackson,PO259939,INV685844,17695.45,17695.45,17695.45,none
100866,2024-04-04,15:31:00,2024-04-04 15:31:00,HR,6000,Vendor Payments,Evans Ltd,19872.29,Corey Jones,Dawn Hall,PO488108,INV814748,19872.29,19872.29,19872.29,none
100752,2024-04-04,16:27:00,2024-04-04 16:27:00,Finance,5300,Professional Fees,Davidson-Frank,15428.46,Christopher Chung,Brittany Jackson,PO98587,INV61739,15428.46,15428.46,15428.46,none
101154,2024-04-04,16:50:00,2024-04-04 16:50:00,Finance,5300,Professional Fees,"Smith, Montgomery and Reyes",31108.26,Thomas Martin,Nicole Chavez,PO291463,INV704455,31108.26,31108.26,31108.26,none
100658,2024-04-04,17:04:00,2024-04-04 17:04:00,Marketing,5500,Utilities,"Yang, Weber and Nielsen",4305.12,Joy Hernandez,James Dennis,PO947700,INV258128,4305.12,4305.12,4305.12,none
104103,2024-04-04,18:41:00,2024-04-04 18:41:00,HR,5000,Raw Materials Expense,Rogers Ltd,21467.96,Lindsey Lewis,Thomas Martin,PO83945,INV680454,21467.96,21467.96,21467.96,none
103417,2024-04-05,10:01:00,2024-04-05 10:01:00,Procurement,5500,Utilities,"Dixon, Jackson and Benjamin",13596.68,Nicole Clarke,Denise Elliott,PO986160,INV489436,13596.68,13596.68,13596.68,none
103810,2024-04-05,11:01:00,2024-04-05 11:01:00,Marketing,5000,Raw Materials Expense,Stevens-Gibson,7692.49,Jeffrey Hancock,Timothy Johnson,PO671333,INV970122,7692.49,7692.49,7692.49,none
100702,2024-04-05,11:23:00,2024-04-05 11:23:00,Procurement,5400,IT & Software,Willis Group,8682.86,Gary Stone,Gary Mays,PO890159,INV827533,8682.86,8682.86,8682.86,none
104139,2024-04-05,11:50:00,2024-04-05 11:50:00,Procurement,5200,Travel & Entertainment,Mora-Lynn,7157.95,Dawn Hall,Autumn Reed,PO929200,INV946215,7157.95,7157.95,7157.95,none
102883,2024-04-05,12:02:00,2024-04-05 12:02:00,IT,5300,Professional Fees,White-Thomas,19749.18,Autumn Reed,Christine Gonzales,PO518490,INV687107,19749.18,19749.18,19749.18,none
101317,2024-04-05,12:08:00,2024-04-05 12:08:00,Finance,5300,Professional Fees,Smith-Wise,5777.31,Mary Harrison,Alyssa Jackson,PO460551,INV518893,5777.31,5777.31,5777.31,none
102429,2024-04-05,12:26:00,2024-04-05 12:26:00,Sales,5200,Travel & Entertainment,Lopez Ltd,28250.95,Tanner Avila,Gary Stone,PO891463,INV356654,28250.95,28250.95,28250.95,none
102622,2024-04-05,13:12:00,2024-04-05 13:12:00,Marketing,5100,Office Supplies,Scott-Bailey,11100.32,Dawn Hall,Christopher Chung,PO687285,INV787862,11100.32,11100.32,11100.32,none
100510,2024-04-05,13:17:00,2024-04-05 13:17:00,IT,5300,Professional Fees,"White, Tucker and Wolf",24229.18,Christine Gonzales,Gary Mays,PO97671,INV45689,24229.18,24229.18,24229.18,none
102266,2024-04-05,14:48:00,2024-04-05 14:48:00,Sales,5500,Utilities,"Mills, Crane and Kim",3565.94,Nicole Chavez,Gary Mays,PO366202,INV382552,3565.94,3565.94,3565.94,none
101067,2024-04-05,15:18:00,2024-04-05 15:18:00,Operations,5500,Utilities,Smith-Parker,4913.15,Elizabeth Shea,Gary Mays,PO917590,INV879948,4913.15,4913.15,4913.15,none
101858,2024-04-05,16:18:00,2024-04-05 16:18:00,Sales,5200,Travel & Entertainment,Smith-Wise,19147.13,Denise Elliott,Christina Miller,PO317978,INV150091,19147.13,19147.13,19147.13,none
104331,2024-04-05,16:27:00,2024-04-05 16:27:00,Finance,5200,Travel & Entertainment,"Dixon, Jackson and Benjamin",24074.48,Austin Cohen,Mary Harrison,PO937476,INV870665,24074.48,24074.48,24074.48,none
102491,2024-04-05,16:29:00,2024-04-05 16:29:00,Procurement,5000,Raw Materials Expense,"Brown, Baker and Alvarado",8627.56,Michael Rivas,Kyle King,PO764268,INV222643,8627.56,8627.56,8627.56,none
100266,2024-04-05,16:44:00,2024-04-05 16:44:00,Operations,5500,Utilities,"Hernandez, Hopkins and Houston",12758.2,Brittany Jackson,Christopher Chung,PO695052,INV78778,12758.2,12758.2,12758.2,none
103396,2024-04-05,17:08:00,2024-04-05 17:08:00,Sales,5400,IT & Software,Mays-Ortega,6630.48,Michael Macdonald,Thomas Martin,PO59606,INV741569,6630.48,6630.48,6630.48,none
103543,2024-04-05,17:33:00,2024-04-05 17:33:00,Marketing,6000,Vendor Payments,Gross-Morrison,18906.87,Joy Hernandez,Kyle King,PO253980,INV122596,18906.87,18906.87,18906.87,none
104991,2024-04-05,17:57:00,2024-04-05 17:57:00,Sales,5400,IT & Software,"Smith, Montgomery and Reyes",176655.79,Autumn Reed,Christina Miller,PO176110,INV766510,176655.79,176655.79,176655.79,unusual_amount
104121,2024-04-08,09:02:00,2024-04-08 09:02:00,Procurement,5200,Travel & Entertainment,"Durham, Bowen and Hess",40877.06,Denise Elliott,Mary Harrison,PO254140,INV466330,40877.06,40877.06,40877.06,none
104350,2024-04-08,09:05:00,2024-04-08 09:05:00,HR,5100,Office Supplies,Cowan-Powers,18265.68,Corey Jones,Austin Cohen,PO63553,INV757729,18265.68,18265.68,18265.68,none
104647,2024-04-08,09:22:00,2024-04-08 09:22:00,Operations,5000,Raw Materials Expense,"Durham, Bowen and Hess",15949.87,Nicole Clarke,Thomas Martin,PO487717,INV459116,15949.87,15949.87,15949.87,none
102648,2024-04-08,09:33:00,2024-04-08 09:33:00,Sales,5300,Professional Fees,Miller LLC,16753.15,Thomas Martin,Lindsey Lewis,PO138358,INV906478,16753.15,16753.15,16753.15,none
102798,2024-04-08,09:39:00,2024-04-08 09:39:00,Finance,5100,Office Supplies,Smith-Wise,10662.0,Gary Stone,Joy Hernandez,PO159539,INV673103,10662.0,10662.0,10662.0,none
100800,2024-04-08,09:44:00,2024-04-08 09:44:00,Finance,5400,IT & Software,"Flores, Hood and Brown",25895.05,Christine Gonzales,Anita Harris,PO313444,INV288320,25895.05,25895.05,25895.05,none
100331,2024-04-08,10:21:00,2024-04-08 10:21:00,Operations,5100,Office Supplies,"Durham, Bowen and Hess",14024.46,Christina Miller,Anita Harris,PO460748,INV834485,14024.46,14024.46,14024.46,none
103254,2024-04-08,11:01:00,2024-04-08 11:01:00,Operations,6000,Vendor Payments,Lopez Ltd,3974.97,Patricia Lopez,Nicole Chavez,PO974760,INV986630,3974.97,3974.97,3974.97,none
100034,2024-04-08,12:34:00,2024-04-08 12:34:00,Finance,6000,Vendor Payments,"Silva, Jones and Oliver",21200.95,Jeffrey Hancock,Michael Rivas,PO194909,INV840159,21200.95,21200.95,21200.95,none
101093,2024-04-08,13:10:00,2024-04-08 13:10:00,Marketing,5400,IT & Software,Torres-Mendoza,27984.57,Autumn Reed,Sergio Arroyo,PO976174,INV796462,27984.57,27984.57,27984.57,none
103408,2024-04-08,13:24:00,2024-04-08 13:24:00,HR,6000,Vendor Payments,Davidson-Frank,18893.13,Lindsey Lewis,Donna Weber,PO280685,INV816002,18893.13,18893.13,18893.13,none
100111,2024-04-08,14:07:00,2024-04-08 14:07:00,IT,5300,Professional Fees,Cowan-Powers,5549.5,Michael Fox,Michael Rivas,PO259895,INV957126,5549.5,5549.5,5549.5,none
104382,2024-04-08,15:28:00,2024-04-08 15:28:00,Procurement,5100,Office Supplies,Young Inc,33239.07,Mary Harrison,Corey Jones,PO462154,INV259134,33239.07,33239.07,33239.07,none
103303,2024-04-08,16:34:00,2024-04-08 16:34:00,Finance,5000,Raw Materials Expense,Larson PLC,46787.35,Michael Rivas,Timothy Johnson,PO419445,INV672475,46787.35,46787.35,46787.35,none
101537,2024-04-08,16:59:00,2024-04-08 16:59:00,IT,5500,Utilities,Evans Ltd,16622.65,Austin Cohen,Donna Weber,PO646858,INV861313,16622.65,16622.65,16622.65,none
101928,2024-04-08,17:09:00,2024-04-08 17:09:00,Marketing,5500,Utilities,Schneider-Clark,21947.15,Lindsey Lewis,Donald Ferguson,PO197445,INV789231,21947.15,21947.15,21947.15,none
103614,2024-04-08,17:10:00,2024-04-08 17:10:00,Marketing,5200,Travel & Entertainment,Pearson PLC,9177.83,Joy Hernandez,Sergio Arroyo,PO557315,INV162313,9177.83,9177.83,9177.83,none
104847,2024-04-08,17:16:00,2024-04-08 17:16:00,Operations,5000,Raw Materials Expense,Harris PLC,300139.43,Nicole Chavez,Gary Stone,PO723741,INV481443,300139.43,300139.43,300139.43,unusual_amount
104057,2024-04-08,17:46:00,2024-04-08 17:46:00,Sales,5000,Raw Materials Expense,Smith-Wise,30090.55,Michael Macdonald,Gerald Freeman,PO945362,INV988268,30090.55,30090.55,30090.55,none
104849,2024-04-08,17:54:00,2024-04-08 17:54:00,Procurement,5000,Raw Materials Expense,Hopkins Inc,30246.29,Janice Bush,Michael Fox,PO907015,INV945304,30246.29,35787.47,35787.47,three_way_mismatch
101267,2024-04-08,18:34:00,2024-04-08 18:34:00,IT,5000,Raw Materials Expense,Willis Group,8001.39,Janice Bush,Donald Ferguson,PO641498,INV276010,8001.39,8001.39,8001.39,none
103674,2024-04-08,18:37:00,2024-04-08 18:37:00,Sales,5400,IT & Software,"Robles, Moses and Morgan",6818.32,Autumn Reed,Nicole Clarke,PO483380,INV517130,6818.32,6818.32,6818.32,none
104640,2024-04-08,18:40:00,2024-04-08 18:40:00,Sales,6000,Vendor Payments,Humphrey-Berg,21225.66,Sergio Arroyo,James Dennis,PO961043,INV730713,21225.66,21225.66,21225.66,none
100679,2024-04-09,10:11:00,2024-04-09 10:11:00,Sales,5100,Office Supplies,"Gardner, Perry and Cruz",18919.53,Mary Harrison,Michael Rivas,PO91460,INV746222,18919.53,18919.53,18919.53,none
103515,2024-04-09,11:13:00,2024-04-09 11:13:00,Procurement,5100,Office Supplies,Willis Group,2051.99,Michael Rivas,Michael Fox,PO58318,INV32035,2051.99,2051.99,2051.99,none
103362,2024-04-09,11:43:00,2024-04-09 11:43:00,IT,5300,Professional Fees,Pearson PLC,13421.09,Autumn Reed,Christopher Chung,PO283374,INV484908,13421.09,13421.09,13421.09,none
102690,2024-04-09,12:12:00,2024-04-09 12:12:00,HR,5500,Utilities,Galvan Group,15409.18,Michael Rivas,Nicole Chavez,PO749669,INV962016,15409.18,15409.18,15409.18,none
101703,2024-04-09,13:12:00,2024-04-09 13:12:00,Procurement,5000,Raw Materials Expense,Willis Group,16034.04,Brittany Jackson,Alyssa Jackson,PO396253,INV78744,16034.04,16034.04,16034.04,none
103700,2024-04-09,13:17:00,2024-04-09 13:17:00,Procurement,5500,Utilities,Torres-Mendoza,14000.56,Patricia Lopez,Tanner Avila,PO195975,INV864677,14000.56,14000.56,14000.56,none
100653,2024-04-09,13:28:00,2024-04-09 13:28:00,HR,5400,IT & Software,Pearson PLC,12124.54,Taylor Carroll,Leslie Robinson,PO481389,INV182402,12124.54,12124.54,12124.54,none
104185,2024-04-09,13:43:00,2024-04-09 13:43:00,Procurement,6000,Vendor Payments,Lopez Ltd,18360.24,Gary Stone,Denise Elliott,PO160937,INV371173,18360.24,18360.24,18360.24,none
102957,2024-04-09,14:19:00,2024-04-09 14:19:00,Operations,6000,Vendor Payments,Torres-Mendoza,11191.8,Janice Bush,Elizabeth Shea,PO247120,INV559867,11191.8,11191.8,11191.8,none
101788,2024-04-09,14:27:00,2024-04-09 14:27:00,Procurement,5400,IT & Software,White-Thomas,1946.53,Dawn Hall,Christine Gonzales,PO749409,INV542043,1946.53,1946.53,1946.53,none
104063,2024-04-09,14:49:00,2024-04-09 14:49:00,Sales,5200,Travel & Entertainment,Schneider-Clark,23385.92,Thomas Martin,Christopher Chung,PO912141,INV746298,23385.92,23385.92,23385.92,none
104583,2024-04-09,15:10:00,2024-04-09 15:10:00,Marketing,5400,IT & Software,Miller LLC,23458.88,Michael Rivas,Austin Cohen,PO638686,INV827574,23458.88,23458.88,23458.88,none
102965,2024-04-09,15:26:00,2024-04-09 15:26:00,HR,5400,IT & Software,Rogers Ltd,13361.23,Dawn Hall,Sean Kelly,PO601623,INV828208,13361.23,13361.23,13361.23,none
102615,2024-04-09,15:45:00,2024-04-09 15:45:00,Operations,5300,Professional Fees,"Cherry, Martin and Compton",17069.61,Lawrence Davis,Sergio Arroyo,PO611299,INV291571,17069.61,17069.61,17069.61,none
103112,2024-04-09,16:00:00,2024-04-09 16:00:00,Operations,5300,Professional Fees,Hopkins Inc,12851.25,Elizabeth Boyle,Tanner Avila,PO505436,INV701696,12851.25,12851.25,12851.25,none
101060,2024-04-09,16:20:00,2024-04-09 16:20:00,HR,6000,Vendor Payments,"Hernandez, Hopkins and Houston",10365.34,Donald Ferguson,Joy Hernandez,PO926075,INV572126,10365.34,10365.34,10365.34,none
102628,2024-04-09,17:16:00,2024-04-09 17:16:00,Finance,5100,Office Supplies,Young Inc,17117.7,Gary Mays,James Dennis,PO902485,INV616349,17117.7,17117.7,17117.7,none
103006,2024-04-09,17:19:00,2024-04-09 17:19:00,Sales,5500,Utilities,Murphy Inc,14969.86,Michael Fox,Janice Bush,PO835847,INV22381,14969.86,14969.86,14969.86,none
101461,2024-04-09,17:25:00,2024-04-09 17:25:00,Procurement,5400,IT & Software,Scott-Bailey,34349.54,Patricia Perry,Michael Fox,PO146036,INV404803,34349.54,34349.54,34349.54,none
102296,2024-04-09,17:51:00,2024-04-09 17:51:00,HR,5400,IT & Software,"Mills, Crane and Kim",9485.47,Patricia Perry,Lindsey Lewis,PO633669,INV62148,9485.47,9485.47,9485.47,none
104598,2024-04-09,18:00:00,2024-04-09 18:00:00,Procurement,5100,Office Supplies,"Gardner, Perry and Cruz",10311.27,Christine Gonzales,Jeffrey Hancock,PO10410,INV661852,10311.27,10311.27,10311.27,none
101827,2024-04-09,18:18:00,2024-04-09 18:18:00,HR,5400,IT & Software,"Hernandez, Hopkins and Houston",6258.14,Elizabeth Boyle,Gary Stone,PO61891,INV641199,6258.14,6258.14,6258.14,none
103005,2024-04-09,18:35:00,2024-04-09 18:35:00,Operations,5000,Raw Materials Expense,Pearson PLC,2622.5,Tanner Avila,Anita Harris,PO27762,INV787376,2622.5,2622.5,2622.5,none
101059,2024-04-10,09:05:00,2024-04-10 09:05:00,Sales,5400,IT & Software,Nichols LLC,12941.39,James Dennis,Patricia Perry,PO332707,INV854923,12941.39,12941.39,12941.39,none
102426,2024-04-10,09:24:00,2024-04-10 09:24:00,Sales,6000,Vendor Payments,"Nelson, Duncan and Smith",28387.99,Joy Hernandez,Mary Harrison,PO203066,INV491976,28387.99,28387.99,28387.99,none
104621,2024-04-10,09:32:00,2024-04-10 09:32:00,Operations,5100,Office Supplies,Galvan Group,12659.43,Gary Mays,Kyle King,PO999902,INV555156,12659.43,12659.43,12659.43,none
101677,2024-04-10,09:51:00,2024-04-10 09:51:00,Marketing,5300,Professional Fees,"Yang, Weber and Nielsen",9599.07,Elizabeth Boyle,Leslie Robinson,PO400775,INV937570,9599.07,9599.07,9599.07,none
101087,2024-04-10,10:02:00,2024-04-10 10:02:00,Procurement,6000,Vendor Payments,Smith-Wise,18119.53,Tanner Avila,Donna Weber,PO341175,INV385606,18119.53,18119.53,18119.53,none
102457,2024-04-10,10:39:00,2024-04-10 10:39:00,IT,5500,Utilities,Cowan-Powers,17043.13,Denise Elliott,Gerald Freeman,PO962012,INV426015,17043.13,17043.13,17043.13,none
102729,2024-04-10,11:22:00,2024-04-10 11:22:00,HR,5300,Professional Fees,Jones Ltd,20269.67,Timothy Johnson,Kyle King,PO612244,INV909434,20269.67,20269.67,20269.67,none
102578,2024-04-10,12:12:00,2024-04-10 12:12:00,Marketing,5100,Office Supplies,"Gardner, Perry and Cruz",21768.7,Donna Weber,Leslie Robinson,PO877122,INV264618,21768.7,21768.7,21768.7,none
103228,2024-04-10,12:18:00,2024-04-10 12:18:00,Sales,5100,Office Supplies,Pearson PLC,17887.29,Autumn Reed,Janice Bush,PO52783,INV217289,17887.29,17887.29,17887.29,none
103495,2024-04-10,13:05:00,2024-04-10 13:05:00,Procurement,5100,Office Supplies,Mays-Ortega,31059.32,Dawn Hall,Michael Fox,PO473036,INV179488,31059.32,31059.32,31059.32,none
100688,2024-04-10,13:46:00,2024-04-10 13:46:00,Marketing,5200,Travel & Entertainment,"Durham, Bowen and Hess",11013.2,Elizabeth Shea,Janice Bush,PO904037,INV608958,11013.2,11013.2,11013.2,none
101349,2024-04-10,14:16:00,2024-04-10 14:16:00,Finance,5000,Raw Materials Expense,Galvan Group,27838.64,Leslie Robinson,Christine Gonzales,PO873824,INV778610,27838.64,27838.64,27838.64,none
100428,2024-04-10,16:07:00,2024-04-10 16:07:00,Procurement,6000,Vendor Payments,"Silva, Jones and Oliver",7654.7,Sergio Arroyo,Patricia Lopez,PO530683,INV484129,7654.7,7654.7,7654.7,none
101918,2024-04-10,16:23:00,2024-04-10 16:23:00,HR,5100,Office Supplies,"Dixon, Jackson and Benjamin",11700.18,Dawn Hall,Patricia Lopez,PO708537,INV658427,11700.18,11700.18,11700.18,none
104110,2024-04-10,18:44:00,2024-04-10 18:44:00,IT,5000,Raw Materials Expense,Davidson-Frank,5630.5,Patricia Perry,Dawn Hall,PO868366,INV332500,5630.5,5630.5,5630.5,none
104865,2024-04-10,18:53:00,2024-04-10 18:53:00,HR,5300,Professional Fees,Jones Ltd,100840.13,James Dennis,Dawn Hall,PO93886,INV712867,100840.13,100840.13,100840.13,unusual_amount
103165,2024-04-11,09:37:00,2024-04-11 09:37:00,Finance,5200,Travel & Entertainment,"Smith, Montgomery and Reyes",9835.55,James Dennis,Nicole Clarke,PO142778,INV126152,9835.55,9835.55,9835.55,none
102037,2024-04-11,10:34:00,2024-04-11 10:34:00,Operations,5000,Raw Materials Expense,"Hernandez, Hopkins and Houston",15765.35,Donald Ferguson,Nicole Clarke,PO727780,INV81288,15765.35,15765.35,15765.35,none
100098,2024-04-11,10:37:00,2024-04-11 10:37:00,Finance,5400,IT & Software,Hopkins Inc,19350.19,Brittany Jackson,Michael Macdonald,PO21174,INV47050,19350.19,19350.19,19350.19,none
102105,2024-04-11,11:00:00,2024-04-11 11:00:00,IT,6000,Vendor Payments,"Brown, Baker and Alvarado",4019.56,Brittany Jackson,Lindsey Lewis,PO306585,INV651239,4019.56,4019.56,4019.56,none
102631,2024-04-11,12:37:00,2024-04-11 12:37:00,Marketing,5000,Raw Materials Expense,Galvan Group,22046.8,Lindsey Lewis,Mary Harrison,PO475731,INV775435,22046.8,22046.8,22046.8,none
103610,2024-04-11,12:56:00,2024-04-11 12:56:00,Procurement,5300,Professional Fees,Francis-Burke,20750.77,Brittany Jackson,Timothy Johnson,PO303629,INV941453,20750.77,20750.77,20750.77,none
101329,2024-04-11,13:11:00,2024-04-11 13:11:00,Marketing,5200,Travel & Entertainment,"Brown, Baker and Alvarado",17708.46,Thomas Martin,Gary Mays,PO650360,INV112476,17708.46,17708.46,17708.46,none
104257,2024-04-11,13:32:00,2024-04-11 13:32:00,IT,6000,Vendor Payments,Harris PLC,12134.26,Christine Gonzales,Joy Hernandez,PO258821,INV803605,12134.26,12134.26,12134.26,none
101160,2024-04-11,13:44:00,2024-04-11 13:44:00,HR,5500,Utilities,Davidson-Frank,21056.31,James Dennis,Donald Ferguson,PO763365,INV954192,21056.31,21056.31,21056.31,none
103521,2024-04-11,14:02:00,2024-04-11 14:02:00,Procurement,5300,Professional Fees,"Robles, Moses and Morgan",11333.84,Autumn Reed,James Dennis,PO286056,INV677618,11333.84,11333.84,11333.84,none
102115,2024-04-11,14:33:00,2024-04-11 14:33:00,Sales,6000,Vendor Payments,Hopkins Inc,10114.97,James Dennis,Thomas Martin,PO107330,INV251743,10114.97,10114.97,10114.97,none
100506,2024-04-11,15:23:00,2024-04-11 15:23:00,Procurement,5000,Raw Materials Expense,Harper-Hernandez,22188.58,James Dennis,Elizabeth Shea,PO905008,INV556885,22188.58,22188.58,22188.58,none
103512,2024-04-11,16:21:00,2024-04-11 16:21:00,Operations,5300,Professional Fees,Miller LLC,5729.47,Austin Cohen,Janice Bush,PO492807,INV716016,5729.47,5729.47,5729.47,none
100426,2024-04-11,16:37:00,2024-04-11 16:37:00,IT,5500,Utilities,Mora-Lynn,4503.26,Kyle King,Thomas Martin,PO837041,INV574489,4503.26,4503.26,4503.26,none
103648,2024-04-11,17:27:00,2024-04-11 17:27:00,HR,5000,Raw Materials Expense,Cowan-Powers,4457.57,Anita Harris,Patricia Lopez,PO80953,INV29978,4457.57,4457.57,4457.57,none
100851,2024-04-11,17:29:00,2024-04-11 17:29:00,Marketing,5400,IT & Software,Galvan Group,22396.32,Donald Ferguson,Leslie Robinson,PO959462,INV820215,22396.32,22396.32,22396.32,none
100681,2024-04-11,18:31:00,2024-04-11 18:31:00,Finance,5500,Utilities,Rivera-Charles,33467.07,Michael Rivas,Jeffrey Hancock,PO53546,INV661684,33467.07,33467.07,33467.07,none
100094,2024-04-12,09:39:00,2024-04-12 09:39:00,IT,5000,Raw Materials Expense,Torres-Mendoza,16378.76,Thomas Martin,Michael Rivas,PO584716,INV995978,16378.76,16378.76,16378.76,none
102508,2024-04-12,09:43:00,2024-04-12 09:43:00,Operations,5400,IT & Software,Scott-Bailey,23415.98,Christopher Chung,Patricia Lopez,PO520368,INV130101,23415.98,23415.98,23415.98,none
100278,2024-04-12,10:08:00,2024-04-12 10:08:00,Finance,6000,Vendor Payments,Murphy Inc,20718.42,Alyssa Jackson,Gary Mays,PO208444,INV803874,20718.42,20718.42,20718.42,none
104357,2024-04-12,10:10:00,2024-04-12 10:10:00,Operations,5100,Office Supplies,"Martin, Brewer and Young",13856.39,Elizabeth Boyle,Tanner Avila,PO992571,INV801516,13856.39,13856.39,13856.39,none
100167,2024-04-12,11:50:00,2024-04-12 11:50:00,Finance,5200,Travel & Entertainment,Pearson PLC,37837.15,Michael Macdonald,Patricia Lopez,PO407989,INV919141,37837.15,37837.15,37837.15,none
103766,2024-04-12,11:51:00,2024-04-12 11:51:00,HR,6000,Vendor Payments,Scott-Bailey,4387.51,Patricia Perry,James Dennis,PO607237,INV644583,4387.51,4387.51,4387.51,none
101767,2024-04-12,12:16:00,2024-04-12 12:16:00,Operations,5300,Professional Fees,Tucker Group,54006.78,Sean Kelly,Janice Bush,PO552311,INV161666,54006.78,54006.78,54006.78,none
102231,2024-04-12,12:21:00,2024-04-12 12:21:00,IT,5300,Professional Fees,"Morton, Reynolds and Anderson",19916.66,Mary Harrison,Michael Macdonald,PO462334,INV512340,19916.66,19916.66,19916.66,none
103329,2024-04-12,13:18:00,2024-04-12 13:18:00,Finance,5500,Utilities,Stevens-Gibson,19725.6,Sean Kelly,Anita Harris,PO603036,INV441891,19725.6,19725.6,19725.6,none
104029,2024-04-12,13:32:00,2024-04-12 13:32:00,Procurement,5100,Office Supplies,Powers Group,9650.91,Denise Elliott,Austin Cohen,PO295775,INV226058,9650.91,9650.91,9650.91,none
102556,2024-04-12,13:53:00,2024-04-12 13:53:00,HR,5300,Professional Fees,"Howard, Tucker and Flores",6608.3,Michael Fox,James Dennis,PO175759,INV482017,6608.3,6608.3,6608.3,none
101779,2024-04-12,14:56:00,2024-04-12 14:56:00,Procurement,5000,Raw Materials Expense,"Duncan, Graham and Stark",2998.75,Michael Macdonald,Michael Rivas,PO792570,INV665605,2998.75,2998.75,2998.75,none
100061,2024-04-12,16:22:00,2024-04-12 16:22:00,Marketing,5000,Raw Materials Expense,"Durham, Bowen and Hess",3906.76,Corey Jones,James Dennis,PO240611,INV629842,3906.76,3906.76,3906.76,none
101191,2024-04-12,16:28:00,2024-04-12 16:28:00,Finance,5500,Utilities,Jones Inc,15704.92,Dawn Hall,Joy Hernandez,PO738467,INV382373,15704.92,15704.92,15704.92,none
102314,2024-04-12,18:02:00,2024-04-12 18:02:00,Procurement,5500,Utilities,Stewart-Russell,18353.11,Michael Macdonald,Sean Kelly,PO965955,INV872831,18353.11,18353.11,18353.11,none
103722,2024-04-12,18:33:00,2024-04-12 18:33:00,Marketing,6000,Vendor Payments,Murphy Inc,9314.08,Taylor Carroll,Lawrence Davis,PO504154,INV983617,9314.08,9314.08,9314.08,none
100410,2024-04-12,18:34:00,2024-04-12 18:34:00,Marketing,5300,Professional Fees,Humphrey-Berg,18395.01,Austin Cohen,Timothy Johnson,PO263424,INV399739,18395.01,18395.01,18395.01,none
101102,2024-04-12,18:54:00,2024-04-12 18:54:00,IT,5100,Office Supplies,Rivera-Charles,7338.04,Dawn Hall,Leslie Robinson,PO486887,INV175396,7338.04,7338.04,7338.04,none
102200,2024-04-15,10:59:00,2024-04-15 10:59:00,IT,5400,IT & Software,Rogers Ltd,38968.67,Donna Weber,Kyle King,PO684987,INV204266,38968.67,38968.67,38968.67,none
103557,2024-04-15,11:03:00,2024-04-15 11:03:00,Marketing,5300,Professional Fees,Pearson PLC,15278.88,Elizabeth Shea,Corey Jones,PO604703,INV9769,15278.88,15278.88,15278.88,none
101477,2024-04-15,11:05:00,2024-04-15 11:05:00,Finance,5000,Raw Materials Expense,"Brown, Baker and Alvarado",24749.28,Elizabeth Shea,Timothy Johnson,PO693779,INV612237,24749.28,24749.28,24749.28,none
100858,2024-04-15,11:37:00,2024-04-15 11:37:00,HR,5200,Travel & Entertainment,"Hernandez, Hopkins and Houston",43612.25,Sergio Arroyo,Elizabeth Shea,PO99174,INV512060,43612.25,43612.25,43612.25,none
101005,2024-04-15,11:40:00,2024-04-15 11:40:00,Finance,5300,Professional Fees,"Smith, Montgomery and Reyes",10888.01,Corey Jones,Elizabeth Shea,PO251801,INV850787,10888.01,10888.01,10888.01,none
102027,2024-04-15,12:09:00,2024-04-15 12:09:00,IT,5000,Raw Materials Expense,"Duncan, Graham and Stark",30334.93,James Dennis,Elizabeth Boyle,PO348718,INV84117,30334.93,30334.93,30334.93,none
102228,2024-04-15,12:13:00,2024-04-15 12:13:00,Finance,5200,Travel & Entertainment,Schneider-Clark,23951.89,Kyle King,Elizabeth Shea,PO472355,INV906723,23951.89,23951.89,23951.89,none
101363,2024-04-15,12:18:00,2024-04-15 12:18:00,Procurement,5100,Office Supplies,Raymond-Lucas,7266.24,Nicole Chavez,Kyle King,PO292424,INV548437,7266.24,7266.24,7266.24,none
104013,2024-04-15,12:38:00,2024-04-15 12:38:00,Marketing,5500,Utilities,Powers Group,25533.72,Christine Gonzales,Michael Macdonald,PO51853,INV302257,25533.72,25533.72,25533.72,none
101366,2024-04-15,13:27:00,2024-04-15 13:27:00,IT,5000,Raw Materials Expense,"Dixon, Jackson and Benjamin",7723.0,Gary Mays,Elizabeth Shea,PO734257,INV927202,7723.0,7723.0,7723.0,none
101326,2024-04-15,15:11:00,2024-04-15 15:11:00,Operations,5500,Utilities,Miller LLC,35085.96,Christopher Chung,Kyle King,PO35595,INV403326,35085.96,35085.96,35085.96,none
100085,2024-04-15,15:24:00,2024-04-15 15:24:00,Finance,5400,IT & Software,Jones Ltd,24123.7,Michael Macdonald,Lindsey Lewis,PO829507,INV674749,24123.7,24123.7,24123.7,none
103353,2024-04-15,15:31:00,2024-04-15 15:31:00,Finance,5200,Travel & Entertainment,Stevens-Gibson,40382.06,Jeffrey Hancock,Patricia Perry,PO376249,INV775377,40382.06,40382.06,40382.06,none
104517,2024-04-15,15:42:00,2024-04-15 15:42:00,HR,5400,IT & Software,Harper-Hernandez,27028.34,Lawrence Davis,Nicole Chavez,PO276803,INV331929,27028.34,27028.34,27028.34,none
102125,2024-04-15,16:09:00,2024-04-15 16:09:00,Operations,5000,Raw Materials Expense,Scott-Bailey,8441.8,Timothy Johnson,Denise Elliott,PO410827,INV738796,8441.8,8441.8,8441.8,none
102549,2024-04-15,16:09:00,2024-04-15 16:09:00,Procurement,6000,Vendor Payments,"Smith, Montgomery and Reyes",14546.31,Autumn Reed,Tanner Avila,PO570471,INV672632,14546.31,14546.31,14546.31,none
101554,2024-04-15,16:14:00,2024-04-15 16:14:00,Finance,6000,Vendor Payments,"Martin, Brewer and Young",8865.13,Taylor Carroll,Janice Bush,PO431699,INV879343,8865.13,8865.13,8865.13,none
102324,2024-04-15,16:46:00,2024-04-15 16:46:00,Procurement,5100,Office Supplies,Harper-Hernandez,742.38,Patricia Lopez,Christine Gonzales,PO207462,INV561239,742.38,742.38,742.38,none
103901,2024-04-15,17:01:00,2024-04-15 17:01:00,Finance,5400,IT & Software,Ballard-Jenkins,22261.02,Alyssa Jackson,Michael Macdonald,PO729686,INV105780,22261.02,22261.02,22261.02,none
100919,2024-04-15,17:22:00,2024-04-15 17:22:00,Procurement,5400,IT & Software,Larson PLC,8230.02,Christina Miller,Jeffrey Hancock,PO730563,INV128958,8230.02,8230.02,8230.02,none
100468,2024-04-15,17:38:00,2024-04-15 17:38:00,IT,5400,IT & Software,Powers Group,28142.51,Thomas Martin,Elizabeth Boyle,PO202940,INV734648,28142.51,28142.51,28142.51,none
100696,2024-04-15,17:58:00,2024-04-15 17:58:00,Procurement,5200,Travel & Entertainment,Humphrey-Berg,8864.61,James Dennis,Donna Weber,PO310052,INV32886,8864.61,8864.61,8864.61,none
104123,2024-04-16,11:16:00,2024-04-16 11:16:00,IT,5100,Office Supplies,"Silva, Jones and Oliver",15954.98,Lawrence Davis,Nicole Chavez,PO544918,INV896990,15954.98,15954.98,15954.98,none
104124,2024-04-16,11:30:00,2024-04-16 11:30:00,Operations,5200,Travel & Entertainment,Evans Ltd,11637.41,Christina Miller,Brittany Jackson,PO712825,INV752216,11637.41,11637.41,11637.41,none
104210,2024-04-16,11:31:00,2024-04-16 11:31:00,Procurement,5400,IT & Software,Miller LLC,5406.43,Christopher Chung,Gary Stone,PO318212,INV149765,5406.43,5406.43,5406.43,none
100121,2024-04-16,12:16:00,2024-04-16 12:16:00,HR,5400,IT & Software,Gomez Ltd,6629.63,Mary Harrison,Jeffrey Hancock,PO604433,INV185214,6629.63,6629.63,6629.63,none
102610,2024-04-16,12:26:00,2024-04-16 12:26:00,Procurement,5500,Utilities,Smith-Wise,10937.45,Lindsey Lewis,Tanner Avila,PO351254,INV367815,10937.45,10937.45,10937.45,none
103360,2024-04-16,12:52:00,2024-04-16 12:52:00,HR,6000,Vendor Payments,Mora-Lynn,10681.03,Tanner Avila,Taylor Carroll,PO844726,INV526108,10681.03,10681.03,10681.03,none
101341,2024-04-16,12:57:00,2024-04-16 12:57:00,Finance,5400,IT & Software,Gross-Morrison,4411.33,Timothy Johnson,Donna Weber,PO429208,INV557611,4411.33,4411.33,4411.33,none
103095,2024-04-16,13:08:00,2024-04-16 13:08:00,HR,5300,Professional Fees,Stevens-Gibson,18524.79,Nicole Chavez,Alyssa Jackson,PO98898,INV320729,18524.79,18524.79,18524.79,none
103483,2024-04-16,14:00:00,2024-04-16 14:00:00,Procurement,5500,Utilities,Hughes-Nichols,10562.99,Timothy Johnson,Lindsey Lewis,PO975621,INV93844,10562.99,10562.99,10562.99,none
104422,2024-04-16,14:39:00,2024-04-16 14:39:00,HR,5500,Utilities,Hopkins Inc,2509.24,Patricia Lopez,James Dennis,PO147200,INV888213,2509.24,2509.24,2509.24,none
103946,2024-04-16,16:27:00,2024-04-16 16:27:00,HR,5400,IT & Software,Galvan Group,17294.81,Donna Weber,Donald Ferguson,PO120450,INV155780,17294.81,17294.81,17294.81,none
103546,2024-04-16,17:58:00,2024-04-16 17:58:00,Marketing,6000,Vendor Payments,Stewart-Russell,7970.01,Gary Mays,Christine Gonzales,PO371603,INV37159,7970.01,7970.01,7970.01,none
103588,2024-04-16,18:12:00,2024-04-16 18:12:00,Marketing,5400,IT & Software,Stevens-Gibson,26376.58,Janice Bush,Patricia Perry,PO472686,INV37872,26376.58,26376.58,26376.58,none
100932,2024-04-16,18:27:00,2024-04-16 18:27:00,Sales,5400,IT & Software,Hughes-Nichols,15649.97,Corey Jones,Brittany Jackson,PO84637,INV724894,15649.97,15649.97,15649.97,none
102121,2024-04-16,18:38:00,2024-04-16 18:38:00,Finance,5000,Raw Materials Expense,Rivera-Charles,27651.87,Michael Rivas,Sean Kelly,PO969988,INV977180,27651.87,27651.87,27651.87,none
101695,2024-04-16,18:48:00,2024-04-16 18:48:00,Marketing,5300,Professional Fees,Raymond-Lucas,4872.63,Nicole Clarke,Jeffrey Hancock,PO700595,INV377610,4872.63,4872.63,4872.63,none
101771,2024-04-16,18:52:00,2024-04-16 18:52:00,IT,5500,Utilities,Becker-Martinez,15838.72,Joy Hernandez,Nicole Clarke,PO625259,INV109417,15838.72,15838.72,15838.72,none
104877,2024-04-16,23:03:00,2024-04-16 23:03:00,Procurement,5400,IT & Software,"Morton, Reynolds and Anderson",2003.81,Sergio Arroyo,Patricia Lopez,PO152870,INV402018,2003.81,2003.81,2003.81,odd_hour_posting
103207,2024-04-17,09:05:00,2024-04-17 09:05:00,IT,5000,Raw Materials Expense,"White, Tucker and Wolf",17120.82,Gary Stone,Brittany Jackson,PO553955,INV340358,17120.82,17120.82,17120.82,none
102083,2024-04-17,10:31:00,2024-04-17 10:31:00,HR,5400,IT & Software,Scott-Bailey,6083.74,Joy Hernandez,Austin Cohen,PO558117,INV161121,6083.74,6083.74,6083.74,none
102084,2024-04-17,10:51:00,2024-04-17 10:51:00,IT,5400,IT & Software,"Howard, Tucker and Flores",32335.25,Elizabeth Boyle,Tanner Avila,PO433601,INV124084,32335.25,32335.25,32335.25,none
103604,2024-04-17,11:06:00,2024-04-17 11:06:00,Finance,5200,Travel & Entertainment,Rogers Ltd,10551.13,Elizabeth Boyle,Jeffrey Hancock,PO196279,INV752445,10551.13,10551.13,10551.13,none
104971,2024-04-17,11:16:00,2024-04-17 11:16:00,Procurement,5400,IT & Software,Davidson-Frank,17120.73,Sean Kelly,Sean Kelly,PO722665,INV145168,17120.73,17120.73,17120.73,segregation_violation
101583,2024-04-17,12:03:00,2024-04-17 12:03:00,Marketing,5400,IT & Software,"Robles, Moses and Morgan",9004.41,Michael Macdonald,Lawrence Davis,PO876023,INV82402,9004.41,9004.41,9004.41,none
100666,2024-04-17,12:55:00,2024-04-17 12:55:00,Sales,6000,Vendor Payments,Galvan Group,20546.5,Sergio Arroyo,Autumn Reed,PO233632,INV130399,20546.5,20546.5,20546.5,none
103485,2024-04-17,13:03:00,2024-04-17 13:03:00,Operations,5200,Travel & Entertainment,Lopez Ltd,26389.79,Elizabeth Shea,Michael Rivas,PO531481,INV572773,26389.79,26389.79,26389.79,none
102016,2024-04-17,13:06:00,2024-04-17 13:06:00,IT,5200,Travel & Entertainment,Lopez Ltd,12035.26,Lawrence Davis,Nicole Clarke,PO705081,INV799355,12035.26,12035.26,12035.26,none
101332,2024-04-17,13:29:00,2024-04-17 13:29:00,IT,6000,Vendor Payments,"Cherry, Martin and Compton",6384.58,Austin Cohen,Christine Gonzales,PO52772,INV926649,6384.58,6384.58,6384.58,none
102212,2024-04-17,14:02:00,2024-04-17 14:02:00,Procurement,5500,Utilities,"Robles, Moses and Morgan",19334.55,Christina Miller,Leslie Robinson,PO815234,INV811471,19334.55,19334.55,19334.55,none
100051,2024-04-17,14:13:00,2024-04-17 14:13:00,HR,5100,Office Supplies,Cowan-Powers,7105.05,Patricia Perry,Mary Harrison,PO405847,INV266457,7105.05,7105.05,7105.05,none
103370,2024-04-17,14:15:00,2024-04-17 14:15:00,IT,5400,IT & Software,Gross-Morrison,16359.7,Sean Kelly,Lawrence Davis,PO559118,INV470210,16359.7,16359.7,16359.7,none
104411,2024-04-17,14:38:00,2024-04-17 14:38:00,HR,6000,Vendor Payments,Mora-Lynn,9278.77,Patricia Perry,Christopher Chung,PO991078,INV954664,9278.77,9278.77,9278.77,none
102286,2024-04-17,14:44:00,2024-04-17 14:44:00,Procurement,5300,Professional Fees,Humphrey-Berg,13264.09,Michael Macdonald,Lawrence Davis,PO316221,INV147702,13264.09,13264.09,13264.09,none
101011,2024-04-17,15:16:00,2024-04-17 15:16:00,IT,5000,Raw Materials Expense,Gomez Ltd,14054.65,Dawn Hall,Patricia Perry,PO126882,INV616252,14054.65,14054.65,14054.65,none
101288,2024-04-17,16:38:00,2024-04-17 16:38:00,IT,5300,Professional Fees,Cowan-Powers,12029.37,Lawrence Davis,Christopher Chung,PO487214,INV133432,12029.37,12029.37,12029.37,none
101206,2024-04-17,16:41:00,2024-04-17 16:41:00,Procurement,5100,Office Supplies,"Mills, Crane and Kim",4606.0,Thomas Martin,Gary Mays,PO913448,INV929217,4606.0,4606.0,4606.0,none
100411,2024-04-17,16:51:00,2024-04-17 16:51:00,Sales,5500,Utilities,Miller LLC,15048.21,Janice Bush,Thomas Martin,PO779368,INV5444,15048.21,15048.21,15048.21,none
102144,2024-04-17,17:49:00,2024-04-17 17:49:00,Operations,5500,Utilities,"Martin, Brewer and Young",3657.14,Michael Rivas,Gerald Freeman,PO969112,INV896607,3657.14,3657.14,3657.14,none
100704,2024-04-17,18:10:00,2024-04-17 18:10:00,Procurement,5300,Professional Fees,Hopkins Inc,14188.45,Corey Jones,Nicole Clarke,PO865124,INV180852,14188.45,14188.45,14188.45,none
103756,2024-04-17,18:24:00,2024-04-17 18:24:00,Sales,5000,Raw Materials Expense,Stevens-Gibson,22267.75,Sergio Arroyo,Thomas Martin,PO811586,INV150626,22267.75,22267.75,22267.75,none
104819,2024-04-18,00:01:00,2024-04-18 00:01:00,Marketing,5300,Professional Fees,Jones Ltd,12833.7,Jeffrey Hancock,Sergio Arroyo,PO296724,INV116862,12833.7,12833.7,12833.7,odd_hour_posting
101186,2024-04-18,09:51:00,2024-04-18 09:51:00,Finance,5500,Utilities,Scott-Bailey,20927.12,Sean Kelly,Elizabeth Shea,PO54891,INV851849,20927.12,20927.12,20927.12,none
102650,2024-04-18,10:11:00,2024-04-18 10:11:00,Sales,5500,Utilities,Jones Ltd,2133.63,Nicole Chavez,Christopher Chung,PO351064,INV725613,2133.63,2133.63,2133.63,none
101997,2024-04-18,10:36:00,2024-04-18 10:36:00,Operations,5400,IT & Software,"Durham, Bowen and Hess",7291.98,Austin Cohen,Jeffrey Hancock,PO136293,INV825689,7291.98,7291.98,7291.98,none
102497,2024-04-18,11:21:00,2024-04-18 11:21:00,Procurement,5300,Professional Fees,Miller LLC,9403.99,Christina Miller,Leslie Robinson,PO805641,INV128067,9403.99,9403.99,9403.99,none
102316,2024-04-18,11:34:00,2024-04-18 11:34:00,Finance,5400,IT & Software,White-Thomas,9339.66,Gerald Freeman,Michael Macdonald,PO950828,INV570209,9339.66,9339.66,9339.66,none
101444,2024-04-18,11:48:00,2024-04-18 11:48:00,Operations,5500,Utilities,Galvan Group,24655.62,Lawrence Davis,Michael Rivas,PO168715,INV497126,24655.62,24655.62,24655.62,none
100553,2024-04-18,12:08:00,2024-04-18 12:08:00,Procurement,6000,Vendor Payments,"Hernandez, Hopkins and Houston",42423.0,Patricia Lopez,Gerald Freeman,PO698858,INV373217,42423.0,42423.0,42423.0,none
104835,2024-04-18,12:23:00,2024-04-18 12:23:00,Sales,5100,Office Supplies,Smith-Parker,121190.53,Jeffrey Hancock,Michael Rivas,PO518337,INV424051,121190.53,121190.53,121190.53,unusual_amount
104148,2024-04-18,15:54:00,2024-04-18 15:54:00,HR,5200,Travel & Entertainment,Tucker Group,7220.31,Brittany Jackson,Michael Rivas,PO619463,INV591097,7220.31,7220.31,7220.31,none
103367,2024-04-18,16:13:00,2024-04-18 16:13:00,Procurement,5000,Raw Materials Expense,Powers Group,16387.92,Elizabeth Boyle,Lindsey Lewis,PO732203,INV92343,16387.92,16387.92,16387.92,none
100091,2024-04-18,16:20:00,2024-04-18 16:20:00,Marketing,5300,Professional Fees,"White, Tucker and Wolf",19983.02,Lindsey Lewis,Gary Stone,PO681681,INV474454,19983.02,19983.02,19983.02,none
100014,2024-04-18,16:25:00,2024-04-18 16:25:00,Finance,5000,Raw Materials Expense,Young Inc,11634.82,Sean Kelly,Elizabeth Boyle,PO975821,INV813959,11634.82,11634.82,11634.82,none
104821,2024-04-19,03:16:00,2024-04-19 03:16:00,Operations,5200,Travel & Entertainment,Schneider-Clark,25159.93,Corey Jones,James Dennis,PO244052,INV232787,25159.93,25159.93,25159.93,odd_hour_posting
104796,2024-04-19,09:12:00,2024-04-19 09:12:00,Sales,5200,Travel & Entertainment,"Dixon, Jackson and Benjamin",21928.31,Jeffrey Hancock,Michael Macdonald,PO90550,INV230870,21928.31,21928.31,21928.31,none
101859,2024-04-19,09:27:00,2024-04-19 09:27:00,Sales,5100,Office Supplies,"Martin, Brewer and Young",6058.6,Donald Ferguson,Sergio Arroyo,PO931641,INV622744,6058.6,6058.6,6058.6,none
103824,2024-04-19,11:11:00,2024-04-19 11:11:00,Marketing,5300,Professional Fees,"Flores, Hood and Brown",18815.68,Patricia Perry,Lawrence Davis,PO8266,INV617795,18815.68,18815.68,18815.68,none
104303,2024-04-19,11:32:00,2024-04-19 11:32:00,Marketing,5200,Travel & Entertainment,Stevens-Gibson,15085.03,Nicole Chavez,Anita Harris,PO19984,INV596644,15085.03,15085.03,15085.03,none
102415,2024-04-19,12:06:00,2024-04-19 12:06:00,HR,6000,Vendor Payments,Evans Ltd,47998.27,Brittany Jackson,Anita Harris,PO194312,INV11215,47998.27,47998.27,47998.27,none
100572,2024-04-19,12:41:00,2024-04-19 12:41:00,Procurement,5300,Professional Fees,Gomez Ltd,8761.44,Gerald Freeman,Timothy Johnson,PO12234,INV581002,8761.44,8761.44,8761.44,none
102046,2024-04-19,13:32:00,2024-04-19 13:32:00,IT,5400,IT & Software,Mays-Ortega,17571.94,Patricia Lopez,Gary Mays,PO105987,INV526117,17571.94,17571.94,17571.94,none
104597,2024-04-19,13:49:00,2024-04-19 13:49:00,Operations,5100,Office Supplies,Tucker Group,4273.26,Sergio Arroyo,Janice Bush,PO761042,INV71119,4273.26,4273.26,4273.26,none
100823,2024-04-19,14:01:00,2024-04-19 14:01:00,Sales,5200,Travel & Entertainment,Rogers Ltd,23225.33,Michael Fox,James Dennis,PO402617,INV627027,23225.33,23225.33,23225.33,none
100236,2024-04-19,14:49:00,2024-04-19 14:49:00,Finance,5000,Raw Materials Expense,Humphrey-Berg,13887.56,Michael Fox,Patricia Lopez,PO954459,INV244716,13887.56,13887.56,13887.56,none
103025,2024-04-19,15:02:00,2024-04-19 15:02:00,Procurement,5200,Travel & Entertainment,"Howard, Tucker and Flores",13615.12,Elizabeth Shea,Donna Weber,PO803770,INV594352,13615.12,13615.12,13615.12,none
104614,2024-04-19,15:58:00,2024-04-19 15:58:00,Marketing,6000,Vendor Payments,White-Thomas,24065.38,Christopher Chung,Donald Ferguson,PO521092,INV938170,24065.38,24065.38,24065.38,none
102853,2024-04-19,16:03:00,2024-04-19 16:03:00,Operations,6000,Vendor Payments,Schneider-Clark,12020.48,Elizabeth Shea,Thomas Martin,PO7302,INV541169,12020.48,12020.48,12020.48,none
101673,2024-04-19,16:36:00,2024-04-19 16:36:00,Procurement,5200,Travel & Entertainment,"Smith, Montgomery and Reyes",27689.91,Autumn Reed,Christine Gonzales,PO133878,INV927536,27689.91,27689.91,27689.91,none
104471,2024-04-19,17:37:00,2024-04-19 17:37:00,Finance,5300,Professional Fees,"Morton, Reynolds and Anderson",24203.16,Alyssa Jackson,Lawrence Davis,PO273486,INV242386,24203.16,24203.16,24203.16,none
103524,2024-04-22,09:00:00,2024-04-22 09:00:00,Finance,5400,IT & Software,"Durham, Bowen and Hess",28700.44,Patricia Perry,Joy Hernandez,PO144921,INV79650,28700.44,28700.44,28700.44,none
101016,2024-04-22,10:30:00,2024-04-22 10:30:00,IT,5300,Professional Fees,"Silva, Jones and Oliver",9440.69,Leslie Robinson,Kyle King,PO172567,INV429636,9440.69,9440.69,9440.69,none
102594,2024-04-22,10:33:00,2024-04-22 10:33:00,Operations,6000,Vendor Payments,Harper-Hernandez,31767.86,Gary Mays,Elizabeth Shea,PO232256,INV297716,31767.86,31767.86,31767.86,none
101390,2024-04-22,10:42:00,2024-04-22 10:42:00,Finance,5000,Raw Materials Expense,"Dixon, Jackson and Benjamin",11147.67,Gary Mays,Corey Jones,PO346828,INV66272,11147.67,11147.67,11147.67,none
104441,2024-04-22,10:56:00,2024-04-22 10:56:00,Operations,5500,Utilities,Harper-Hernandez,11073.2,Lindsey Lewis,Anita Harris,PO614854,INV429731,11073.2,11073.2,11073.2,none
100077,2024-04-22,11:51:00,2024-04-22 11:51:00,IT,5500,Utilities,Rogers Ltd,5996.5,Jeffrey Hancock,Alyssa Jackson,PO996103,INV260826,5996.5,5996.5,5996.5,none
104998,2024-04-22,11:52:00,2024-04-22 11:52:00,Finance,5100,Office Supplies,"Brown, Baker and Alvarado",36957.54,Lawrence Davis,Janice Bush,PO299817,INV492613,36957.54,36957.54,36957.54,duplicate_payment
103627,2024-04-22,12:23:00,2024-04-22 12:23:00,Procurement,5000,Raw Materials Expense,Pearson PLC,33127.55,Donald Ferguson,Timothy Johnson,PO171539,INV60832,33127.55,33127.55,33127.55,none
103994,2024-04-22,12:25:00,2024-04-22 12:25:00,Finance,5000,Raw Materials Expense,Cowan-Powers,9756.51,Corey Jones,Dawn Hall,PO289623,INV847656,9756.51,9756.51,9756.51,none
102693,2024-04-22,15:15:00,2024-04-22 15:15:00,HR,5100,Office Supplies,Rogers Ltd,33391.13,Brittany Jackson,Austin Cohen,PO385755,INV562697,33391.13,33391.13,33391.13,none
104120,2024-04-22,16:05:00,2024-04-22 16:05:00,Finance,5500,Utilities,Ballard-Jenkins,12872.7,Dawn Hall,Tanner Avila,PO445758,INV501364,12872.7,12872.7,12872.7,none
103891,2024-04-22,16:07:00,2024-04-22 16:07:00,Sales,5100,Office Supplies,Tucker Group,9999.2,Anita Harris,Denise Elliott,PO221123,INV386020,9999.2,9999.2,9999.2,none
100695,2024-04-22,16:14:00,2024-04-22 16:14:00,Marketing,5100,Office Supplies,Pearson PLC,12372.0,Corey Jones,Christine Gonzales,PO663463,INV442994,12372.0,12372.0,12372.0,none
103643,2024-04-22,16:19:00,2024-04-22 16:19:00,Sales,5000,Raw Materials Expense,"Cherry, Martin and Compton",16811.12,Gerald Freeman,Michael Fox,PO376844,INV391393,16811.12,16811.12,16811.12,none
103652,2024-04-22,16:34:00,2024-04-22 16:34:00,Procurement,6000,Vendor Payments,Stevens-Gibson,7097.1,Donna Weber,Taylor Carroll,PO488463,INV104228,7097.1,7097.1,7097.1,none
100004,2024-04-22,16:37:00,2024-04-22 16:37:00,Sales,5500,Utilities,Willis Group,11558.42,Sergio Arroyo,Michael Macdonald,PO900182,INV951265,11558.42,11558.42,11558.42,none
101794,2024-04-22,16:45:00,2024-04-22 16:45:00,Finance,5400,IT & Software,Young Inc,26055.27,Nicole Clarke,Christine Gonzales,PO887166,INV729155,26055.27,26055.27,26055.27,none
102557,2024-04-22,16:57:00,2024-04-22 16:57:00,Operations,5300,Professional Fees,Cowan-Powers,23498.38,Gerald Freeman,Nicole Clarke,PO510128,INV169755,23498.38,23498.38,23498.38,none
103225,2024-04-22,17:29:00,2024-04-22 17:29:00,Operations,5300,Professional Fees,Pearson PLC,24230.26,Michael Rivas,Lawrence Davis,PO139912,INV542195,24230.26,24230.26,24230.26,none
102409,2024-04-22,18:38:00,2024-04-22 18:38:00,IT,5200,Travel & Entertainment,Powers Group,14170.84,Tanner Avila,Lawrence Davis,PO604161,INV854297,14170.84,14170.84,14170.84,none
104627,2024-04-23,09:14:00,2024-04-23 09:14:00,Finance,5000,Raw Materials Expense,Ballard-Jenkins,29847.4,Brittany Jackson,Timothy Johnson,PO180059,INV645085,29847.4,29847.4,29847.4,none
103296,2024-04-23,09:35:00,2024-04-23 09:35:00,Marketing,5200,Travel & Entertainment,"Howard, Tucker and Flores",8604.35,Joy Hernandez,Jeffrey Hancock,PO92993,INV468891,8604.35,8604.35,8604.35,none
104779,2024-04-23,09:49:00,2024-04-23 09:49:00,IT,5500,Utilities,Stewart-Russell,18986.27,Thomas Martin,Janice Bush,PO203474,INV169075,18986.27,18986.27,18986.27,none
101853,2024-04-23,10:20:00,2024-04-23 10:20:00,Procurement,6000,Vendor Payments,Tucker Group,37930.9,Gary Stone,Austin Cohen,PO111843,INV185778,37930.9,37930.9,37930.9,none
103002,2024-04-23,11:04:00,2024-04-23 11:04:00,Finance,6000,Vendor Payments,Larson PLC,26471.71,Mary Harrison,Kyle King,PO71467,INV427769,26471.71,26471.71,26471.71,none
102629,2024-04-23,11:51:00,2024-04-23 11:51:00,HR,5200,Travel & Entertainment,"Cherry, Martin and Compton",8074.02,Austin Cohen,Michael Macdonald,PO707733,INV57300,8074.02,8074.02,8074.02,none
104748,2024-04-23,12:01:00,2024-04-23 12:01:00,Marketing,6000,Vendor Payments,Mays-Ortega,7225.25,Christina Miller,Jeffrey Hancock,PO206000,INV301866,7225.25,7225.25,7225.25,none
101987,2024-04-23,12:01:00,2024-04-23 12:01:00,Finance,5300,Professional Fees,Evans Ltd,28191.22,Elizabeth Boyle,Jeffrey Hancock,PO47554,INV514174,28191.22,28191.22,28191.22,none
102570,2024-04-23,12:13:00,2024-04-23 12:13:00,IT,5000,Raw Materials Expense,Jones Inc,22497.86,Janice Bush,Alyssa Jackson,PO208110,INV709083,22497.86,22497.86,22497.86,none
103393,2024-04-23,12:13:00,2024-04-23 12:13:00,Operations,5300,Professional Fees,Willis Group,14501.56,Christine Gonzales,Joy Hernandez,PO694718,INV112338,14501.56,14501.56,14501.56,none
102822,2024-04-23,13:02:00,2024-04-23 13:02:00,Finance,5200,Travel & Entertainment,"Silva, Jones and Oliver",19714.86,Gerald Freeman,Autumn Reed,PO712574,INV380111,19714.86,19714.86,19714.86,none
101652,2024-04-23,13:12:00,2024-04-23 13:12:00,IT,6000,Vendor Payments,"Howard, Tucker and Flores",20270.86,Patricia Lopez,Michael Rivas,PO830146,INV766657,20270.86,20270.86,20270.86,none
103173,2024-04-23,13:45:00,2024-04-23 13:45:00,Finance,5200,Travel & Entertainment,Torres-Mendoza,20756.48,Michael Rivas,Michael Fox,PO361897,INV663433,20756.48,20756.48,20756.48,none
100218,2024-04-23,14:49:00,2024-04-23 14:49:00,Procurement,5300,Professional Fees,"Silva, Jones and Oliver",19666.32,Michael Fox,Christine Gonzales,PO61710,INV849721,19666.32,19666.32,19666.32,none
103708,2024-04-23,15:16:00,2024-04-23 15:16:00,Marketing,6000,Vendor Payments,White-Thomas,27009.42,Michael Fox,Donna Weber,PO201838,INV975001,27009.42,27009.42,27009.42,none
101883,2024-04-23,15:35:00,2024-04-23 15:35:00,HR,5300,Professional Fees,"Dixon, Jackson and Benjamin",10077.66,Patricia Perry,Alyssa Jackson,PO985147,INV53898,10077.66,10077.66,10077.66,none
102504,2024-04-23,16:15:00,2024-04-23 16:15:00,Finance,5000,Raw Materials Expense,Nichols LLC,6662.81,James Dennis,Donna Weber,PO833853,INV655628,6662.81,6662.81,6662.81,none
103654,2024-04-23,16:32:00,2024-04-23 16:32:00,IT,5500,Utilities,Harris PLC,22186.47,Jeffrey Hancock,Michael Fox,PO639093,INV374352,22186.47,22186.47,22186.47,none
103523,2024-04-23,18:08:00,2024-04-23 18:08:00,IT,5500,Utilities,"Mills, Crane and Kim",12137.73,Mary Harrison,Sergio Arroyo,PO152491,INV653429,12137.73,12137.73,12137.73,none
101960,2024-04-23,18:11:00,2024-04-23 18:11:00,Operations,5400,IT & Software,Rivera-Charles,17335.87,Christine Gonzales,Christina Miller,PO875881,INV370702,17335.87,17335.87,17335.87,none
100811,2024-04-23,18:45:00,2024-04-23 18:45:00,HR,5500,Utilities,"Nelson, Duncan and Smith",12180.72,Michael Rivas,Lindsey Lewis,PO476517,INV116315,12180.72,12180.72,12180.72,none
101870,2024-04-23,18:56:00,2024-04-23 18:56:00,IT,6000,Vendor Payments,"Brown, Baker and Alvarado",11147.22,Michael Fox,Anita Harris,PO42691,INV946251,11147.22,11147.22,11147.22,none
101159,2024-04-24,09:01:00,2024-04-24 09:01:00,Sales,5300,Professional Fees,"Cherry, Martin and Compton",13838.79,Brittany Jackson,Timothy Johnson,PO602119,INV295801,13838.79,13838.79,13838.79,none
102293,2024-04-24,09:20:00,2024-04-24 09:20:00,Marketing,6000,Vendor Payments,Gomez Ltd,14742.6,Corey Jones,Lawrence Davis,PO215705,INV518214,14742.6,14742.6,14742.6,none
102220,2024-04-24,09:36:00,2024-04-24 09:36:00,Marketing,5300,Professional Fees,Miller LLC,8701.95,Sean Kelly,Austin Cohen,PO347701,INV977379,8701.95,8701.95,8701.95,none
103634,2024-04-24,10:13:00,2024-04-24 10:13:00,Operations,5000,Raw Materials Expense,"Hernandez, Hopkins and Houston",15541.09,Tanner Avila,Denise Elliott,PO62778,INV260893,15541.09,15541.09,15541.09,none
100093,2024-04-24,10:49:00,2024-04-24 10:49:00,Procurement,5500,Utilities,Galvan Group,7971.05,Lindsey Lewis,Dawn Hall,PO330466,INV836904,7971.05,7971.05,7971.05,none
100001,2024-04-24,11:47:00,2024-04-24 11:47:00,IT,5000,Raw Materials Expense,"Jefferson, Sullivan and Young",19649.44,Gary Stone,Lawrence Davis,PO521629,INV552608,19649.44,19649.44,19649.44,none
103069,2024-04-24,11:49:00,2024-04-24 11:49:00,Operations,5400,IT & Software,Jones Inc,9370.49,Mary Harrison,Sergio Arroyo,PO825623,INV10038,9370.49,9370.49,9370.49,none
105046,2024-04-24,11:52:00,2024-04-24 11:52:00,Finance,5100,Office Supplies,"Brown, Baker and Alvarado",36957.54,Lawrence Davis,Janice Bush,PO299817,INV492613,36957.54,36957.54,36957.54,duplicate_payment
100926,2024-04-24,11:55:00,2024-04-24 11:55:00,IT,5500,Utilities,Miller LLC,34383.41,Anita Harris,Nicole Clarke,PO478433,INV707344,34383.41,34383.41,34383.41,none
101163,2024-04-24,12:12:00,2024-04-24 12:12:00,Operations,6000,Vendor Payments,Hopkins Inc,9678.66,Nicole Clarke,Austin Cohen,PO335499,INV143053,9678.66,9678.66,9678.66,none
103340,2024-04-24,12:52:00,2024-04-24 12:52:00,Marketing,5300,Professional Fees,"Nelson, Duncan and Smith",27386.41,Nicole Chavez,Elizabeth Boyle,PO792355,INV999422,27386.41,27386.41,27386.41,none
102467,2024-04-24,12:56:00,2024-04-24 12:56:00,Marketing,5200,Travel & Entertainment,Jones Inc,31973.34,Denise Elliott,Sean Kelly,PO427022,INV781565,31973.34,31973.34,31973.34,none
102708,2024-04-24,14:20:00,2024-04-24 14:20:00,Sales,5000,Raw Materials Expense,Schneider-Clark,22032.11,Gerald Freeman,Leslie Robinson,PO820872,INV749688,22032.11,22032.11,22032.11,none
101615,2024-04-24,15:55:00,2024-04-24 15:55:00,Operations,5100,Office Supplies,Smith-Parker,22240.28,Kyle King,Nicole Chavez,PO657490,INV403808,22240.28,22240.28,22240.28,none
102502,2024-04-24,16:16:00,2024-04-24 16:16:00,HR,5400,IT & Software,"Gardner, Perry and Cruz",8913.98,Elizabeth Boyle,Taylor Carroll,PO421412,INV910119,8913.98,8913.98,8913.98,none
101224,2024-04-24,16:16:00,2024-04-24 16:16:00,Procurement,5400,IT & Software,"Gardner, Perry and Cruz",18733.29,Austin Cohen,Sean Kelly,PO186967,INV975502,18733.29,18733.29,18733.29,none
100489,2024-04-24,17:02:00,2024-04-24 17:02:00,Procurement,5400,IT & Software,Hopkins Inc,8764.69,Lindsey Lewis,Leslie Robinson,PO277797,INV103628,8764.69,8764.69,8764.69,none
100649,2024-04-24,17:24:00,2024-04-24 17:24:00,Marketing,5300,Professional Fees,Jones Inc,30277.28,Mary Harrison,Janice Bush,PO404467,INV221970,30277.28,30277.28,30277.28,none
100625,2024-04-24,17:41:00,2024-04-24 17:41:00,Sales,5200,Travel & Entertainment,Cowan-Powers,13107.43,Lindsey Lewis,Joy Hernandez,PO63356,INV264564,13107.43,13107.43,13107.43,none
104180,2024-04-24,17:55:00,2024-04-24 17:55:00,Operations,5100,Office Supplies,"Cherry, Martin and Compton",3850.79,Autumn Reed,Corey Jones,PO61870,INV896484,3850.79,3850.79,3850.79,none
100528,2024-04-24,18:52:00,2024-04-24 18:52:00,IT,5400,IT & Software,"Smith, Montgomery and Reyes",15254.33,Mary Harrison,Christine Gonzales,PO891548,INV889555,15254.33,15254.33,15254.33,none
102101,2024-04-25,10:47:00,2024-04-25 10:47:00,Sales,5100,Office Supplies,Ballard-Jenkins,13914.89,Elizabeth Shea,Gerald Freeman,PO748280,INV120293,13914.89,13914.89,13914.89,none
103125,2024-04-25,11:14:00,2024-04-25 11:14:00,Operations,5500,Utilities,"Smith, Montgomery and Reyes",35072.25,James Dennis,Dawn Hall,PO94264,INV181119,35072.25,35072.25,35072.25,none
100855,2024-04-25,11:21:00,2024-04-25 11:21:00,Operations,6000,Vendor Payments,"Jefferson, Sullivan and Young",12997.51,Janice Bush,Gary Stone,PO85239,INV870828,12997.51,12997.51,12997.51,none
102386,2024-04-25,11:30:00,2024-04-25 11:30:00,IT,5200,Travel & Entertainment,Gross-Morrison,30824.31,Alyssa Jackson,Mary Harrison,PO890444,INV867989,30824.31,30824.31,30824.31,none
103583,2024-04-25,11:57:00,2024-04-25 11:57:00,Finance,5200,Travel & Entertainment,Galvan Group,1942.14,Sean Kelly,Donna Weber,PO895497,INV728438,1942.14,1942.14,1942.14,none
100324,2024-04-25,12:03:00,2024-04-25 12:03:00,IT,5400,IT & Software,"Decker, Eaton and Arnold",10015.83,Lawrence Davis,Lindsey Lewis,PO129901,INV554642,10015.83,10015.83,10015.83,none
100074,2024-04-25,12:09:00,2024-04-25 12:09:00,Procurement,6000,Vendor Payments,Torres-Mendoza,23204.58,Lawrence Davis,Elizabeth Boyle,PO861970,INV456769,23204.58,23204.58,23204.58,none
102124,2024-04-25,13:08:00,2024-04-25 13:08:00,HR,5100,Office Supplies,"Decker, Eaton and Arnold",18152.72,Christine Gonzales,Nicole Chavez,PO483301,INV135685,18152.72,18152.72,18152.72,none
103420,2024-04-25,13:18:00,2024-04-25 13:18:00,Finance,5100,Office Supplies,Harris PLC,5519.89,Lindsey Lewis,Gerald Freeman,PO183270,INV329151,5519.89,5519.89,5519.89,none
102384,2024-04-25,13:26:00,2024-04-25 13:26:00,Sales,5100,Office Supplies,"Martin, Brewer and Young",15493.43,Michael Macdonald,Dawn Hall,PO453977,INV725655,15493.43,15493.43,15493.43,none
100318,2024-04-25,13:49:00,2024-04-25 13:49:00,Operations,5100,Office Supplies,"Decker, Eaton and Arnold",11844.31,Gary Stone,Sean Kelly,PO437549,INV169854,11844.31,11844.31,11844.31,none
104723,2024-04-25,13:59:00,2024-04-25 13:59:00,Sales,5400,IT & Software,Becker-Martinez,30724.11,Sean Kelly,Lindsey Lewis,PO129544,INV77390,30724.11,30724.11,30724.11,none
102891,2024-04-25,14:39:00,2024-04-25 14:39:00,Operations,5200,Travel & Entertainment,Harris PLC,5630.27,Joy Hernandez,Jeffrey Hancock,PO914151,INV500165,5630.27,5630.27,5630.27,none
101305,2024-04-25,15:04:00,2024-04-25 15:04:00,Sales,5200,Travel & Entertainment,Reyes-Glover,22431.43,Sean Kelly,Thomas Martin,PO78532,INV807982,22431.43,22431.43,22431.43,none
102350,2024-04-25,16:09:00,2024-04-25 16:09:00,HR,5200,Travel & Entertainment,Pearson PLC,16397.27,Michael Macdonald,Jeffrey Hancock,PO307435,INV341212,16397.27,16397.27,16397.27,none
102156,2024-04-25,16:41:00,2024-04-25 16:41:00,Operations,5100,Office Supplies,Harper-Hernandez,22600.53,James Dennis,Michael Rivas,PO386813,INV52964,22600.53,22600.53,22600.53,none
103336,2024-04-25,16:51:00,2024-04-25 16:51:00,Finance,6000,Vendor Payments,Schneider-Clark,10483.4,Gary Mays,Christopher Chung,PO688121,INV573013,10483.4,10483.4,10483.4,none
100460,2024-04-25,17:43:00,2024-04-25 17:43:00,Sales,5300,Professional Fees,Rivera-Charles,10888.33,Elizabeth Shea,Taylor Carroll,PO433843,INV237581,10888.33,10888.33,10888.33,none
102579,2024-04-25,18:08:00,2024-04-25 18:08:00,Sales,5200,Travel & Entertainment,Jones Ltd,19433.93,Lindsey Lewis,Anita Harris,PO775184,INV290270,19433.93,19433.93,19433.93,none
103271,2024-04-25,18:09:00,2024-04-25 18:09:00,Sales,5500,Utilities,Ballard-Jenkins,22053.13,Gerald Freeman,Gary Mays,PO49692,INV802305,22053.13,22053.13,22053.13,none
103079,2024-04-25,18:26:00,2024-04-25 18:26:00,Operations,5100,Office Supplies,Hopkins Inc,14161.23,Michael Fox,Mary Harrison,PO514702,INV652819,14161.23,14161.23,14161.23,none
104856,2024-04-25,18:42:00,2024-04-25 18:42:00,Operations,5200,Travel & Entertainment,Rogers Ltd,17332.65,Lawrence Davis,Nicole Chavez,PO898452,INV876296,17332.65,20670.98,20670.98,three_way_mismatch
101125,2024-04-25,18:47:00,2024-04-25 18:47:00,Finance,5000,Raw Materials Expense,"Morton, Reynolds and Anderson",11930.02,Sean Kelly,Kyle King,PO661403,INV616036,11930.02,11930.02,11930.02,none
104676,2024-04-26,09:25:00,2024-04-26 09:25:00,IT,5000,Raw Materials Expense,Harper-Hernandez,12698.45,Brittany Jackson,Timothy Johnson,PO401750,INV900797,12698.45,12698.45,12698.45,none
100312,2024-04-26,09:37:00,2024-04-26 09:37:00,Operations,5200,Travel & Entertainment,Willis Group,14328.88,Timothy Johnson,Sean Kelly,PO867780,INV119488,14328.88,14328.88,14328.88,none
101015,2024-04-26,10:15:00,2024-04-26 10:15:00,IT,5200,Travel & Entertainment,"Gardner, Perry and Cruz",19807.78,Austin Cohen,Christopher Chung,PO363131,INV239404,19807.78,19807.78,19807.78,none
104346,2024-04-26,10:48:00,2024-04-26 10:48:00,IT,5400,IT & Software,Becker-Martinez,2169.41,James Dennis,Michael Macdonald,PO722687,INV286674,2169.41,2169.41,2169.41,none
103818,2024-04-26,11:33:00,2024-04-26 11:33:00,IT,5000,Raw Materials Expense,Rivera-Charles,7925.42,Tanner Avila,Leslie Robinson,PO428364,INV331095,7925.42,7925.42,7925.42,none
104709,2024-04-26,11:36:00,2024-04-26 11:36:00,IT,5500,Utilities,"Howard, Tucker and Flores",30090.15,Elizabeth Shea,Michael Rivas,PO75066,INV566807,30090.15,30090.15,30090.15,none
103266,2024-04-26,11:54:00,2024-04-26 11:54:00,HR,5500,Utilities,Mora-Lynn,6570.41,Gerald Freeman,Corey Jones,PO817975,INV211620,6570.41,6570.41,6570.41,none
103929,2024-04-26,12:11:00,2024-04-26 12:11:00,HR,5200,Travel & Entertainment,Becker-Martinez,6239.03,Michael Fox,Gerald Freeman,PO478257,INV818357,6239.03,6239.03,6239.03,none
102029,2024-04-26,12:23:00,2024-04-26 12:23:00,HR,5500,Utilities,Becker-Martinez,12418.47,Autumn Reed,Sergio Arroyo,PO782149,INV289485,12418.47,12418.47,12418.47,none
101353,2024-04-26,12:46:00,2024-04-26 12:46:00,IT,5400,IT & Software,Torres-Mendoza,29142.95,Denise Elliott,Michael Macdonald,PO211019,INV690254,29142.95,29142.95,29142.95,none
100394,2024-04-26,14:35:00,2024-04-26 14:35:00,IT,5200,Travel & Entertainment,"Flores, Hood and Brown",19553.1,Alyssa Jackson,Christina Miller,PO130750,INV31061,19553.1,19553.1,19553.1,none
103918,2024-04-26,14:54:00,2024-04-26 14:54:00,Finance,5300,Professional Fees,Gomez Ltd,30308.88,Jeffrey Hancock,Gerald Freeman,PO211807,INV701828,30308.88,30308.88,30308.88,none
101789,2024-04-26,15:47:00,2024-04-26 15:47:00,Procurement,5100,Office Supplies,"Gardner, Perry and Cruz",5549.72,Donald Ferguson,Taylor Carroll,PO598616,INV603969,5549.72,5549.72,5549.72,none
102993,2024-04-26,16:03:00,2024-04-26 16:03:00,Sales,5300,Professional Fees,Reyes-Glover,29590.85,Donna Weber,Brittany Jackson,PO467075,INV306358,29590.85,29590.85,29590.85,none
104726,2024-04-26,16:26:00,2024-04-26 16:26:00,HR,5000,Raw Materials Expense,Harris PLC,1470.7,Christine Gonzales,Nicole Clarke,PO447319,INV190552,1470.7,1470.7,1470.7,none
102112,2024-04-26,16:53:00,2024-04-26 16:53:00,IT,5000,Raw Materials Expense,Galvan Group,14867.72,Elizabeth Shea,Jeffrey Hancock,PO581099,INV715817,14867.72,14867.72,14867.72,none
102273,2024-04-26,18:10:00,2024-04-26 18:10:00,Operations,5200,Travel & Entertainment,Torres-Mendoza,7308.34,Nicole Clarke,Elizabeth Boyle,PO430836,INV98320,7308.34,7308.34,7308.34,none
104244,2024-04-29,09:49:00,2024-04-29 09:49:00,Operations,5200,Travel & Entertainment,"Martin, Brewer and Young",24690.76,Anita Harris,Lindsey Lewis,PO772634,INV653216,24690.76,24690.76,24690.76,none
103158,2024-04-29,10:09:00,2024-04-29 10:09:00,IT,6000,Vendor Payments,"Nelson, Duncan and Smith",17163.51,Christopher Chung,Patricia Lopez,PO848657,INV107710,17163.51,17163.51,17163.51,none
104107,2024-04-29,10:24:00,2024-04-29 10:24:00,Sales,5100,Office Supplies,Rogers Ltd,9433.79,Patricia Perry,Dawn Hall,PO260530,INV236303,9433.79,9433.79,9433.79,none
100009,2024-04-29,10:24:00,2024-04-29 10:24:00,Procurement,5000,Raw Materials Expense,Schneider-Clark,16491.68,James Dennis,Michael Fox,PO2238,INV168595,16491.68,16491.68,16491.68,none
103927,2024-04-29,10:32:00,2024-04-29 10:32:00,IT,5100,Office Supplies,Evans Ltd,15592.68,Denise Elliott,Anita Harris,PO838115,INV688839,15592.68,15592.68,15592.68,none
101815,2024-04-29,10:41:00,2024-04-29 10:41:00,IT,5100,Office Supplies,Lopez Ltd,29938.51,Mary Harrison,Lindsey Lewis,PO683450,INV974960,29938.51,29938.51,29938.51,none
101449,2024-04-29,12:16:00,2024-04-29 12:16:00,IT,5500,Utilities,Pearson PLC,21312.42,Brittany Jackson,Sean Kelly,PO651601,INV119288,21312.42,21312.42,21312.42,none
102882,2024-04-29,12:30:00,2024-04-29 12:30:00,Marketing,5100,Office Supplies,Mays-Ortega,17912.56,Gary Mays,Tanner Avila,PO391582,INV324098,17912.56,17912.56,17912.56,none
103528,2024-04-29,13:35:00,2024-04-29 13:35:00,IT,6000,Vendor Payments,"Decker, Eaton and Arnold",9189.03,James Dennis,Christine Gonzales,PO880491,INV657620,9189.03,9189.03,9189.03,none
100826,2024-04-29,13:51:00,2024-04-29 13:51:00,Finance,5200,Travel & Entertainment,"Cherry, Martin and Compton",4764.74,Timothy Johnson,Lawrence Davis,PO46050,INV348828,4764.74,4764.74,4764.74,none
103996,2024-04-29,14:13:00,2024-04-29 14:13:00,Finance,6000,Vendor Payments,Gross-Morrison,8232.66,Tanner Avila,Elizabeth Boyle,PO192917,INV150562,8232.66,8232.66,8232.66,none
100182,2024-04-29,14:49:00,2024-04-29 14:49:00,Procurement,6000,Vendor Payments,Torres-Mendoza,11852.22,Janice Bush,Gary Mays,PO867103,INV797287,11852.22,11852.22,11852.22,none
103015,2024-04-29,14:52:00,2024-04-29 14:52:00,IT,5000,Raw Materials Expense,Gross-Morrison,41700.78,Mary Harrison,Dawn Hall,PO732096,INV614214,41700.78,41700.78,41700.78,none
103239,2024-04-29,15:15:00,2024-04-29 15:15:00,Finance,5200,Travel & Entertainment,Torres-Mendoza,30962.9,Timothy Johnson,Kyle King,PO526043,INV64249,30962.9,30962.9,30962.9,none
101295,2024-04-29,16:23:00,2024-04-29 16:23:00,Marketing,5400,IT & Software,"Martin, Brewer and Young",18907.06,Michael Fox,James Dennis,PO170357,INV52172,18907.06,18907.06,18907.06,none
101949,2024-04-29,17:06:00,2024-04-29 17:06:00,Finance,5300,Professional Fees,Hopkins Inc,8682.11,Kyle King,Michael Fox,PO81866,INV327727,8682.11,8682.11,8682.11,none
103139,2024-04-30,09:31:00,2024-04-30 09:31:00,IT,6000,Vendor Payments,Francis-Burke,8247.53,Gary Stone,Jeffrey Hancock,PO203550,INV419111,8247.53,8247.53,8247.53,none
103170,2024-04-30,10:54:00,2024-04-30 10:54:00,Sales,5300,Professional Fees,Harris PLC,13298.38,Gary Mays,Alyssa Jackson,PO559119,INV835740,13298.38,13298.38,13298.38,none
104320,2024-04-30,11:02:00,2024-04-30 11:02:00,HR,5500,Utilities,Larson PLC,35412.82,Gerald Freeman,Brittany Jackson,PO972760,INV200358,35412.82,35412.82,35412.82,none
100933,2024-04-30,11:42:00,2024-04-30 11:42:00,Marketing,5300,Professional Fees,Smith-Parker,32595.91,Christopher Chung,Janice Bush,PO289849,INV536759,32595.91,32595.91,32595.91,none
103088,2024-04-30,12:15:00,2024-04-30 12:15:00,Finance,5500,Utilities,Gomez Ltd,27436.22,Dawn Hall,Janice Bush,PO696014,INV485112,27436.22,27436.22,27436.22,none
104190,2024-04-30,12:18:00,2024-04-30 12:18:00,Procurement,5400,IT & Software,Davidson-Frank,5649.33,Brittany Jackson,Sergio Arroyo,PO742354,INV506636,5649.33,5649.33,5649.33,none
104692,2024-04-30,12:48:00,2024-04-30 12:48:00,Finance,5200,Travel & Entertainment,"Mills, Crane and Kim",11563.25,Tanner Avila,Autumn Reed,PO601625,INV741505,11563.25,11563.25,11563.25,none
103806,2024-04-30,12:56:00,2024-04-30 12:56:00,Operations,5200,Travel & Entertainment,"Dixon, Jackson and Benjamin",27235.09,Austin Cohen,Sean Kelly,PO767667,INV998584,27235.09,27235.09,27235.09,none
100768,2024-04-30,13:47:00,2024-04-30 13:47:00,Sales,5100,Office Supplies,"Durham, Bowen and Hess",13675.84,Thomas Martin,Denise Elliott,PO767099,INV247190,13675.84,13675.84,13675.84,none
102741,2024-04-30,13:50:00,2024-04-30 13:50:00,Sales,5400,IT & Software,Harper-Hernandez,4016.34,Christopher Chung,Taylor Carroll,PO192457,INV855714,4016.34,4016.34,4016.34,none
101861,2024-04-30,14:30:00,2024-04-30 14:30:00,IT,5200,Travel & Entertainment,Davidson-Frank,2896.28,Brittany Jackson,Taylor Carroll,PO515424,INV847518,2896.28,2896.28,2896.28,none
103477,2024-04-30,14:35:00,2024-04-30 14:35:00,Finance,5300,Professional Fees,Scott-Bailey,5717.26,Gary Mays,Elizabeth Boyle,PO541520,INV776881,5717.26,5717.26,5717.26,none
103794,2024-04-30,15:06:00,2024-04-30 15:06:00,Operations,5000,Raw Materials Expense,"Yang, Weber and Nielsen",16664.72,Michael Macdonald,Brittany Jackson,PO683207,INV837003,16664.72,16664.72,16664.72,none
102607,2024-04-30,15:09:00,2024-04-30 15:09:00,HR,5100,Office Supplies,Gross-Morrison,22778.61,Brittany Jackson,Timothy Johnson,PO150829,INV376039,22778.61,22778.61,22778.61,none
101135,2024-04-30,15:15:00,2024-04-30 15:15:00,Finance,5500,Utilities,Hughes-Nichols,18310.7,Michael Rivas,Mary Harrison,PO917269,INV576366,18310.7,18310.7,18310.7,none
104228,2024-04-30,15:34:00,2024-04-30 15:34:00,Marketing,5100,Office Supplies,Schneider-Clark,17592.89,Joy Hernandez,Janice Bush,PO893069,INV51410,17592.89,17592.89,17592.89,none
104718,2024-04-30,15:45:00,2024-04-30 15:45:00,Finance,5500,Utilities,Smith-Parker,1303.61,Corey Jones,Alyssa Jackson,PO76996,INV216775,1303.61,1303.61,1303.61,none
104862,2024-04-30,16:10:00,2024-04-30 16:10:00,IT,5100,Office Supplies,"Jefferson, Sullivan and Young",5492.84,Gary Stone,Gary Stone,PO812231,INV526959,5492.84,5492.84,5492.84,segregation_violation
100551,2024-04-30,16:19:00,2024-04-30 16:19:00,IT,6000,Vendor Payments,"Robles, Moses and Morgan",22578.19,Corey Jones,Timothy Johnson,PO595437,INV763,22578.19,22578.19,22578.19,none
100335,2024-04-30,16:48:00,2024-04-30 16:48:00,Finance,5100,Office Supplies,Rogers Ltd,3650.58,Michael Rivas,Kyle King,PO848290,INV761667,3650.58,3650.58,3650.58,none
102337,2024-04-30,16:51:00,2024-04-30 16:51:00,Finance,5000,Raw Materials Expense,Schneider-Clark,43945.65,Gary Stone,Leslie Robinson,PO43514,INV315914,43945.65,43945.65,43945.65,none
102332,2024-04-30,16:55:00,2024-04-30 16:55:00,Operations,5100,Office Supplies,Rogers Ltd,9450.94,Austin Cohen,Donald Ferguson,PO422825,INV467233,9450.94,9450.94,9450.94,none
102472,2024-04-30,16:56:00,2024-04-30 16:56:00,Procurement,5200,Travel & Entertainment,Humphrey-Berg,4910.19,Austin Cohen,Elizabeth Boyle,PO504218,INV792397,4910.19,4910.19,4910.19,none
103263,2024-04-30,17:45:00,2024-04-30 17:45:00,Marketing,5100,Office Supplies,Cowan-Powers,19768.28,Lawrence Davis,Sergio Arroyo,PO43804,INV749750,19768.28,19768.28,19768.28,none
103779,2024-05-01,09:25:00,2024-05-01 09:25:00,Operations,5400,IT & Software,Gross-Morrison,18230.07,Lindsey Lewis,Christine Gonzales,PO220853,INV432863,18230.07,18230.07,18230.07,none
101050,2024-05-01,10:02:00,2024-05-01 10:02:00,Sales,5100,Office Supplies,Harper-Hernandez,32460.89,Denise Elliott,Patricia Lopez,PO151340,INV700920,32460.89,32460.89,32460.89,none
102410,2024-05-01,11:01:00,2024-05-01 11:01:00,HR,6000,Vendor Payments,Cowan-Powers,2720.27,Janice Bush,Christine Gonzales,PO508060,INV343756,2720.27,2720.27,2720.27,none
100058,2024-05-01,11:51:00,2024-05-01 11:51:00,Marketing,5400,IT & Software,"Cherry, Martin and Compton",10727.48,Michael Macdonald,Denise Elliott,PO132043,INV859987,10727.48,10727.48,10727.48,none
101548,2024-05-01,13:02:00,2024-05-01 13:02:00,Procurement,5100,Office Supplies,"Gardner, Perry and Cruz",19423.25,Donna Weber,Janice Bush,PO61111,INV310012,19423.25,19423.25,19423.25,none
100498,2024-05-01,13:16:00,2024-05-01 13:16:00,HR,5400,IT & Software,Gomez Ltd,12088.05,Tanner Avila,Elizabeth Shea,PO696354,INV715970,12088.05,12088.05,12088.05,none
101397,2024-05-01,15:48:00,2024-05-01 15:48:00,Procurement,5400,IT & Software,Torres-Mendoza,19454.89,Austin Cohen,Elizabeth Boyle,PO678572,INV960495,19454.89,19454.89,19454.89,none
104623,2024-05-01,16:24:00,2024-05-01 16:24:00,HR,5000,Raw Materials Expense,Harris PLC,25389.93,Corey Jones,Tanner Avila,PO843922,INV628276,25389.93,25389.93,25389.93,none
103055,2024-05-01,16:34:00,2024-05-01 16:34:00,HR,5400,IT & Software,"Brown, Baker and Alvarado",8101.55,Lindsey Lewis,Christine Gonzales,PO412636,INV952883,8101.55,8101.55,8101.55,none
102655,2024-05-01,16:55:00,2024-05-01 16:55:00,HR,5300,Professional Fees,Miller LLC,34674.36,Leslie Robinson,Christine Gonzales,PO944457,INV133677,34674.36,34674.36,34674.36,none
103582,2024-05-01,18:02:00,2024-05-01 18:02:00,Sales,5100,Office Supplies,Miller LLC,22350.78,Nicole Chavez,Brittany Jackson,PO993960,INV369815,22350.78,22350.78,22350.78,none
101399,2024-05-01,18:28:00,2024-05-01 18:28:00,Sales,5100,Office Supplies,"Dixon, Jackson and Benjamin",12579.16,Gary Mays,Donna Weber,PO72538,INV130475,12579.16,12579.16,12579.16,none
103815,2024-05-01,18:59:00,2024-05-01 18:59:00,Sales,5200,Travel & Entertainment,Hughes-Nichols,17029.25,Alyssa Jackson,Nicole Clarke,PO793646,INV396126,17029.25,17029.25,17029.25,none
100024,2024-05-02,09:15:00,2024-05-02 09:15:00,Operations,5000,Raw Materials Expense,"Mills, Crane and Kim",15971.6,Dawn Hall,Michael Fox,PO718400,INV529425,15971.6,15971.6,15971.6,none
102310,2024-05-02,09:41:00,2024-05-02 09:41:00,Sales,5000,Raw Materials Expense,Torres-Mendoza,9474.78,Michael Rivas,James Dennis,PO405409,INV73376,9474.78,9474.78,9474.78,none
104178,2024-05-02,09:51:00,2024-05-02 09:51:00,HR,5200,Travel & Entertainment,"Morton, Reynolds and Anderson",3974.34,Tanner Avila,Jeffrey Hancock,PO178813,INV653045,3974.34,3974.34,3974.34,none
101500,2024-05-02,10:10:00,2024-05-02 10:10:00,Finance,6000,Vendor Payments,Reyes-Glover,21345.22,Donald Ferguson,Nicole Chavez,PO482415,INV40040,21345.22,21345.22,21345.22,none
104091,2024-05-02,12:14:00,2024-05-02 12:14:00,Finance,5100,Office Supplies,Humphrey-Berg,6460.44,Alyssa Jackson,Lindsey Lewis,PO319373,INV134233,6460.44,6460.44,6460.44,none
101596,2024-05-02,13:10:00,2024-05-02 13:10:00,HR,6000,Vendor Payments,"Durham, Bowen and Hess",6311.41,Christopher Chung,Thomas Martin,PO300358,INV721205,6311.41,6311.41,6311.41,none
102414,2024-05-02,13:27:00,2024-05-02 13:27:00,Sales,5100,Office Supplies,Cowan-Powers,1276.65,Jeffrey Hancock,Autumn Reed,PO157436,INV46665,1276.65,1276.65,1276.65,none
100242,2024-05-02,13:51:00,2024-05-02 13:51:00,IT,6000,Vendor Payments,"Hernandez, Hopkins and Houston",3436.43,James Dennis,Janice Bush,PO478943,INV273810,3436.43,3436.43,3436.43,none
103085,2024-05-02,13:58:00,2024-05-02 13:58:00,HR,5000,Raw Materials Expense,Pearson PLC,8054.77,Mary Harrison,Michael Macdonald,PO938586,INV806133,8054.77,8054.77,8054.77,none
103100,2024-05-02,14:49:00,2024-05-02 14:49:00,Marketing,5100,Office Supplies,Rogers Ltd,26575.09,Anita Harris,Gary Stone,PO314224,INV219953,26575.09,26575.09,26575.09,none
104641,2024-05-02,14:54:00,2024-05-02 14:54:00,Procurement,5000,Raw Materials Expense,Harris PLC,13500.44,Dawn Hall,Anita Harris,PO738616,INV256389,13500.44,13500.44,13500.44,none
103093,2024-05-02,15:23:00,2024-05-02 15:23:00,Marketing,5500,Utilities,"Duncan, Graham and Stark",7464.64,Leslie Robinson,Brittany Jackson,PO894185,INV722852,7464.64,7464.64,7464.64,none
104074,2024-05-02,15:38:00,2024-05-02 15:38:00,IT,5400,IT & Software,Scott-Bailey,10828.02,Alyssa Jackson,Michael Rivas,PO167170,INV755701,10828.02,10828.02,10828.02,none
103375,2024-05-02,16:31:00,2024-05-02 16:31:00,IT,5400,IT & Software,"Brown, Baker and Alvarado",19438.19,Elizabeth Shea,Joy Hernandez,PO202672,INV897687,19438.19,19438.19,19438.19,none
100368,2024-05-02,17:20:00,2024-05-02 17:20:00,Sales,5500,Utilities,Evans Ltd,3004.73,Gary Mays,Michael Macdonald,PO940839,INV544506,3004.73,3004.73,3004.73,none
100782,2024-05-02,17:48:00,2024-05-02 17:48:00,Operations,5100,Office Supplies,Murphy Inc,32302.67,Donald Ferguson,Alyssa Jackson,PO584941,INV532568,32302.67,32302.67,32302.67,none
101276,2024-05-02,18:37:00,2024-05-02 18:37:00,Finance,5200,Travel & Entertainment,"Dixon, Jackson and Benjamin",19197.45,Austin Cohen,Lindsey Lewis,PO65289,INV980895,19197.45,19197.45,19197.45,none
104730,2024-05-03,10:45:00,2024-05-03 10:45:00,Procurement,5500,Utilities,"Duncan, Graham and Stark",43837.48,Denise Elliott,Corey Jones,PO666545,INV473203,43837.48,43837.48,43837.48,none
103501,2024-05-03,10:48:00,2024-05-03 10:48:00,Procurement,5100,Office Supplies,"Morton, Reynolds and Anderson",9759.29,Corey Jones,Austin Cohen,PO788109,INV294446,9759.29,9759.29,9759.29,none
104260,2024-05-03,11:01:00,2024-05-03 11:01:00,Operations,6000,Vendor Payments,"Morton, Reynolds and Anderson",18064.22,Joy Hernandez,Elizabeth Boyle,PO645285,INV781735,18064.22,18064.22,18064.22,none
100382,2024-05-03,12:39:00,2024-05-03 12:39:00,Sales,5000,Raw Materials Expense,Becker-Martinez,8971.53,Jeffrey Hancock,Sergio Arroyo,PO345742,INV462200,8971.53,8971.53,8971.53,none
100743,2024-05-03,13:13:00,2024-05-03 13:13:00,IT,5100,Office Supplies,Francis-Burke,8477.03,Leslie Robinson,Michael Rivas,PO927184,INV681272,8477.03,8477.03,8477.03,none
104453,2024-05-03,13:46:00,2024-05-03 13:46:00,Operations,5200,Travel & Entertainment,Gross-Morrison,29346.98,Christine Gonzales,Joy Hernandez,PO720122,INV329075,29346.98,29346.98,29346.98,none
101245,2024-05-03,13:46:00,2024-05-03 13:46:00,Procurement,6000,Vendor Payments,Galvan Group,25339.87,Timothy Johnson,Michael Rivas,PO549456,INV785750,25339.87,25339.87,25339.87,none
104550,2024-05-03,14:50:00,2024-05-03 14:50:00,Marketing,6000,Vendor Payments,"Duncan, Graham and Stark",10766.43,James Dennis,Anita Harris,PO224343,INV489042,10766.43,10766.43,10766.43,none
100470,2024-05-03,16:40:00,2024-05-03 16:40:00,Marketing,5100,Office Supplies,Francis-Burke,34328.18,Brittany Jackson,Austin Cohen,PO858369,INV183645,34328.18,34328.18,34328.18,none
102268,2024-05-03,17:00:00,2024-05-03 17:00:00,Finance,5100,Office Supplies,Mora-Lynn,33220.91,Michael Rivas,Dawn Hall,PO131837,INV318143,33220.91,33220.91,33220.91,none
102625,2024-05-03,17:44:00,2024-05-03 17:44:00,Procurement,6000,Vendor Payments,"Gardner, Perry and Cruz",11542.2,Jeffrey Hancock,Brittany Jackson,PO64889,INV172761,11542.2,11542.2,11542.2,none
100256,2024-05-03,18:26:00,2024-05-03 18:26:00,Sales,5200,Travel & Entertainment,Mora-Lynn,2843.91,Autumn Reed,Dawn Hall,PO342403,INV399306,2843.91,2843.91,2843.91,none
102387,2024-05-03,18:33:00,2024-05-03 18:33:00,HR,6000,Vendor Payments,Ballard-Jenkins,5518.28,Michael Macdonald,Gerald Freeman,PO918585,INV620840,5518.28,5518.28,5518.28,none
100517,2024-05-06,12:17:00,2024-05-06 12:17:00,Marketing,5400,IT & Software,"Gardner, Perry and Cruz",10169.56,Gerald Freeman,Jeffrey Hancock,PO561512,INV980810,10169.56,10169.56,10169.56,none
101118,2024-05-06,12:41:00,2024-05-06 12:41:00,Finance,5300,Professional Fees,"Howard, Tucker and Flores",2279.84,Lindsey Lewis,Michael Rivas,PO327181,INV901864,2279.84,2279.84,2279.84,none
104295,2024-05-06,13:08:00,2024-05-06 13:08:00,Sales,6000,Vendor Payments,Scott-Bailey,15379.98,Lawrence Davis,Jeffrey Hancock,PO915853,INV513683,15379.98,15379.98,15379.98,none
100081,2024-05-06,13:49:00,2024-05-06 13:49:00,Sales,5500,Utilities,"Silva, Jones and Oliver",6413.42,Corey Jones,Alyssa Jackson,PO200328,INV297459,6413.42,6413.42,6413.42,none
101934,2024-05-06,13:53:00,2024-05-06 13:53:00,Procurement,5100,Office Supplies,"Martin, Brewer and Young",10478.46,Dawn Hall,Corey Jones,PO738200,INV632386,10478.46,10478.46,10478.46,none
101145,2024-05-06,13:56:00,2024-05-06 13:56:00,HR,5200,Travel & Entertainment,"Smith, Montgomery and Reyes",4204.04,Austin Cohen,Christopher Chung,PO44626,INV728396,4204.04,4204.04,4204.04,none
101023,2024-05-06,14:27:00,2024-05-06 14:27:00,Operations,5200,Travel & Entertainment,Rogers Ltd,14642.91,Tanner Avila,Lawrence Davis,PO220739,INV489790,14642.91,14642.91,14642.91,none
100352,2024-05-06,16:22:00,2024-05-06 16:22:00,Operations,5500,Utilities,Scott-Bailey,36021.29,Sergio Arroyo,Tanner Avila,PO420917,INV601620,36021.29,36021.29,36021.29,none
100015,2024-05-06,17:34:00,2024-05-06 17:34:00,IT,5300,Professional Fees,Lopez Ltd,8964.22,Michael Rivas,Elizabeth Shea,PO664260,INV970499,8964.22,8964.22,8964.22,none
102202,2024-05-06,18:42:00,2024-05-06 18:42:00,Marketing,5300,Professional Fees,"Brown, Baker and Alvarado",1818.27,Denise Elliott,Gerald Freeman,PO322309,INV845022,1818.27,1818.27,1818.27,none
101875,2024-05-07,09:02:00,2024-05-07 09:02:00,Finance,5200,Travel & Entertainment,Harris PLC,8815.84,Gary Mays,Sean Kelly,PO924086,INV882856,8815.84,8815.84,8815.84,none
103490,2024-05-07,09:54:00,2024-05-07 09:54:00,Marketing,5100,Office Supplies,Galvan Group,14132.74,Janice Bush,Donald Ferguson,PO487958,INV733656,14132.74,14132.74,14132.74,none
101888,2024-05-07,10:09:00,2024-05-07 10:09:00,HR,5100,Office Supplies,Young Inc,8006.84,Nicole Clarke,Taylor Carroll,PO26430,INV778524,8006.84,8006.84,8006.84,none
104489,2024-05-07,10:21:00,2024-05-07 10:21:00,Finance,5500,Utilities,Gross-Morrison,7597.44,Donald Ferguson,Gary Mays,PO367651,INV481253,7597.44,7597.44,7597.44,none
100057,2024-05-07,10:22:00,2024-05-07 10:22:00,Marketing,6000,Vendor Payments,"Brown, Baker and Alvarado",7817.49,Christine Gonzales,Gary Mays,PO612990,INV287069,7817.49,7817.49,7817.49,none
104742,2024-05-07,10:25:00,2024-05-07 10:25:00,Finance,5500,Utilities,Gomez Ltd,16222.21,Patricia Perry,Patricia Lopez,PO737085,INV722767,16222.21,16222.21,16222.21,none
100035,2024-05-07,10:28:00,2024-05-07 10:28:00,Operations,5100,Office Supplies,Mora-Lynn,27567.53,Patricia Lopez,Patricia Perry,PO267722,INV550373,27567.53,27567.53,27567.53,none
100078,2024-05-07,10:29:00,2024-05-07 10:29:00,IT,5400,IT & Software,Jones Ltd,8798.14,Lindsey Lewis,Sean Kelly,PO281026,INV765376,8798.14,8798.14,8798.14,none
102326,2024-05-07,10:39:00,2024-05-07 10:39:00,Operations,5300,Professional Fees,Larson PLC,9012.64,Taylor Carroll,Patricia Perry,PO637709,INV35378,9012.64,9012.64,9012.64,none
104686,2024-05-07,10:58:00,2024-05-07 10:58:00,Sales,5500,Utilities,"Nelson, Duncan and Smith",13864.96,Elizabeth Shea,Patricia Lopez,PO953515,INV903887,13864.96,13864.96,13864.96,none
102102,2024-05-07,12:16:00,2024-05-07 12:16:00,Procurement,5500,Utilities,Gross-Morrison,10745.24,Patricia Perry,Jeffrey Hancock,PO105140,INV899909,10745.24,10745.24,10745.24,none
101549,2024-05-07,12:34:00,2024-05-07 12:34:00,IT,5100,Office Supplies,"Cherry, Martin and Compton",4867.47,Gary Stone,Elizabeth Shea,PO578447,INV508332,4867.47,4867.47,4867.47,none
103978,2024-05-07,12:54:00,2024-05-07 12:54:00,Sales,5000,Raw Materials Expense,Jones Inc,29667.82,Kyle King,Alyssa Jackson,PO25155,INV841829,29667.82,29667.82,29667.82,none
102805,2024-05-07,12:59:00,2024-05-07 12:59:00,Sales,5500,Utilities,"Duncan, Graham and Stark",3357.08,Joy Hernandez,Alyssa Jackson,PO139071,INV197232,3357.08,3357.08,3357.08,none
101479,2024-05-07,13:02:00,2024-05-07 13:02:00,Finance,5400,IT & Software,Hughes-Nichols,20402.39,Tanner Avila,Autumn Reed,PO622116,INV151673,20402.39,20402.39,20402.39,none
103377,2024-05-07,13:11:00,2024-05-07 13:11:00,IT,5300,Professional Fees,Harris PLC,24257.53,Autumn Reed,Christine Gonzales,PO392233,INV667103,24257.53,24257.53,24257.53,none
102058,2024-05-07,13:38:00,2024-05-07 13:38:00,Procurement,6000,Vendor Payments,Schneider-Clark,2585.09,Brittany Jackson,Christina Miller,PO711148,INV148253,2585.09,2585.09,2585.09,none
102042,2024-05-07,14:17:00,2024-05-07 14:17:00,Finance,5500,Utilities,"Morton, Reynolds and Anderson",24518.32,Michael Rivas,Janice Bush,PO867864,INV962633,24518.32,24518.32,24518.32,none
101384,2024-05-07,14:58:00,2024-05-07 14:58:00,Procurement,5400,IT & Software,Rogers Ltd,24827.27,Lindsey Lewis,Kyle King,PO9860,INV46184,24827.27,24827.27,24827.27,none
102899,2024-05-07,15:45:00,2024-05-07 15:45:00,Marketing,5400,IT & Software,Stevens-Gibson,24212.37,Kyle King,Gary Mays,PO286813,INV55690,24212.37,24212.37,24212.37,none
102289,2024-05-07,16:36:00,2024-05-07 16:36:00,Sales,5500,Utilities,"Nelson, Duncan and Smith",38921.49,Mary Harrison,Lawrence Davis,PO721,INV630793,38921.49,38921.49,38921.49,none
104130,2024-05-07,16:53:00,2024-05-07 16:53:00,Sales,5200,Travel & Entertainment,"Yang, Weber and Nielsen",11285.2,Christine Gonzales,James Dennis,PO511078,INV225845,11285.2,11285.2,11285.2,none
104406,2024-05-07,17:11:00,2024-05-07 17:11:00,Marketing,5200,Travel & Entertainment,Stevens-Gibson,7780.26,Patricia Perry,Patricia Lopez,PO613229,INV876274,7780.26,7780.26,7780.26,none
101808,2024-05-07,17:18:00,2024-05-07 17:18:00,Procurement,5200,Travel & Entertainment,Stevens-Gibson,45609.91,Gary Stone,Donald Ferguson,PO311498,INV835578,45609.91,45609.91,45609.91,none
104736,2024-05-07,18:01:00,2024-05-07 18:01:00,IT,5300,Professional Fees,"Flores, Hood and Brown",27851.96,Corey Jones,Donald Ferguson,PO355845,INV952482,27851.96,27851.96,27851.96,none
103752,2024-05-07,18:42:00,2024-05-07 18:42:00,Finance,5500,Utilities,Stevens-Gibson,13924.31,Mary Harrison,Kyle King,PO598758,INV566946,13924.31,13924.31,13924.31,none
103843,2024-05-08,09:00:00,2024-05-08 09:00:00,HR,5200,Travel & Entertainment,Larson PLC,42537.23,Christopher Chung,James Dennis,PO382948,INV116905,42537.23,42537.23,42537.23,none
100052,2024-05-08,09:05:00,2024-05-08 09:05:00,IT,5500,Utilities,"Durham, Bowen and Hess",9293.58,Michael Rivas,Joy Hernandez,PO399354,INV263308,9293.58,9293.58,9293.58,none
100245,2024-05-08,09:41:00,2024-05-08 09:41:00,Marketing,5100,Office Supplies,Stevens-Gibson,15064.05,Taylor Carroll,Elizabeth Shea,PO700293,INV482151,15064.05,15064.05,15064.05,none
103874,2024-05-08,09:56:00,2024-05-08 09:56:00,Finance,5300,Professional Fees,"Martin, Brewer and Young",17074.76,James Dennis,Timothy Johnson,PO702881,INV964104,17074.76,17074.76,17074.76,none
102698,2024-05-08,10:25:00,2024-05-08 10:25:00,Finance,5200,Travel & Entertainment,Gomez Ltd,26955.94,Lawrence Davis,Anita Harris,PO428343,INV968406,26955.94,26955.94,26955.94,none
101377,2024-05-08,10:45:00,2024-05-08 10:45:00,Finance,5500,Utilities,Gross-Morrison,17223.74,Leslie Robinson,Michael Macdonald,PO591872,INV897779,17223.74,17223.74,17223.74,none
104086,2024-05-08,11:13:00,2024-05-08 11:13:00,Finance,5500,Utilities,"White, Tucker and Wolf",2330.51,Lawrence Davis,Denise Elliott,PO331378,INV105231,2330.51,2330.51,2330.51,none
101729,2024-05-08,11:22:00,2024-05-08 11:22:00,Finance,5500,Utilities,Harper-Hernandez,19577.13,Autumn Reed,Nicole Chavez,PO699581,INV134221,19577.13,19577.13,19577.13,none
101734,2024-05-08,11:26:00,2024-05-08 11:26:00,Finance,6000,Vendor Payments,"Nelson, Duncan and Smith",13449.06,Elizabeth Shea,Gary Mays,PO215418,INV195168,13449.06,13449.06,13449.06,none
100973,2024-05-08,12:02:00,2024-05-08 12:02:00,IT,5300,Professional Fees,"Howard, Tucker and Flores",10940.82,James Dennis,Michael Fox,PO35368,INV428826,10940.82,10940.82,10940.82,none
103967,2024-05-08,12:27:00,2024-05-08 12:27:00,HR,5000,Raw Materials Expense,"Yang, Weber and Nielsen",22259.61,Donald Ferguson,Nicole Chavez,PO718558,INV520808,22259.61,22259.61,22259.61,none
100651,2024-05-08,12:39:00,2024-05-08 12:39:00,IT,5200,Travel & Entertainment,Larson PLC,10990.18,Lindsey Lewis,Autumn Reed,PO91336,INV958604,10990.18,10990.18,10990.18,none
100288,2024-05-08,12:40:00,2024-05-08 12:40:00,Sales,5200,Travel & Entertainment,"Robles, Moses and Morgan",14648.46,James Dennis,Dawn Hall,PO68689,INV831264,14648.46,14648.46,14648.46,none
102920,2024-05-08,12:47:00,2024-05-08 12:47:00,Procurement,5100,Office Supplies,Gomez Ltd,18605.57,Gary Mays,Sergio Arroyo,PO7517,INV60538,18605.57,18605.57,18605.57,none
102222,2024-05-08,14:40:00,2024-05-08 14:40:00,IT,5400,IT & Software,"Dixon, Jackson and Benjamin",12944.07,Alyssa Jackson,Lawrence Davis,PO530855,INV199464,12944.07,12944.07,12944.07,none
102040,2024-05-08,15:38:00,2024-05-08 15:38:00,Marketing,5500,Utilities,Davidson-Frank,16759.13,Anita Harris,Autumn Reed,PO746357,INV62038,16759.13,16759.13,16759.13,none
100737,2024-05-08,16:24:00,2024-05-08 16:24:00,Marketing,5400,IT & Software,Murphy Inc,14126.51,Sergio Arroyo,Timothy Johnson,PO159883,INV182182,14126.51,14126.51,14126.51,none
102826,2024-05-08,16:27:00,2024-05-08 16:27:00,Finance,5300,Professional Fees,Harper-Hernandez,14688.4,Jeffrey Hancock,Denise Elliott,PO712086,INV772990,14688.4,14688.4,14688.4,none
101105,2024-05-08,16:31:00,2024-05-08 16:31:00,HR,5200,Travel & Entertainment,Lopez Ltd,24870.56,Anita Harris,Jeffrey Hancock,PO231014,INV406188,24870.56,24870.56,24870.56,none
102914,2024-05-08,17:51:00,2024-05-08 17:51:00,Finance,5500,Utilities,Jones Inc,22432.74,Donald Ferguson,Brittany Jackson,PO808116,INV233409,22432.74,22432.74,22432.74,none
100757,2024-05-08,17:54:00,2024-05-08 17:54:00,IT,5200,Travel & Entertainment,"Flores, Hood and Brown",13864.82,Nicole Clarke,Michael Fox,PO51142,INV556588,13864.82,13864.82,13864.82,none
100259,2024-05-09,09:22:00,2024-05-09 09:22:00,Operations,5000,Raw Materials Expense,"Martin, Brewer and Young",12933.92,Brittany Jackson,Dawn Hall,PO591234,INV155997,12933.92,12933.92,12933.92,none
104874,2024-05-09,10:27:00,2024-05-09 10:27:00,HR,5200,Travel & Entertainment,Tucker Group,83249.14,Sergio Arroyo,Gerald Freeman,PO439335,INV830442,83249.14,83249.14,83249.14,unusual_amount
100092,2024-05-09,10:30:00,2024-05-09 10:30:00,Finance,6000,Vendor Payments,"Cherry, Martin and Compton",17141.79,Brittany Jackson,Gary Stone,PO215677,INV301697,17141.79,17141.79,17141.79,none
101622,2024-05-09,11:05:00,2024-05-09 11:05:00,Sales,6000,Vendor Payments,"Jefferson, Sullivan and Young",16176.09,Tanner Avila,Gary Stone,PO699920,INV773093,16176.09,16176.09,16176.09,none
102945,2024-05-09,11:17:00,2024-05-09 11:17:00,Marketing,5000,Raw Materials Expense,"Silva, Jones and Oliver",19373.04,Taylor Carroll,Sergio Arroyo,PO367808,INV993521,19373.04,19373.04,19373.04,none
103134,2024-05-09,11:22:00,2024-05-09 11:22:00,IT,5000,Raw Materials Expense,Torres-Mendoza,3650.73,Taylor Carroll,Patricia Perry,PO351732,INV135599,3650.73,3650.73,3650.73,none
103148,2024-05-09,11:27:00,2024-05-09 11:27:00,Operations,6000,Vendor Payments,Rogers Ltd,12169.96,Elizabeth Shea,Thomas Martin,PO293494,INV873697,12169.96,12169.96,12169.96,none
102545,2024-05-09,11:36:00,2024-05-09 11:36:00,Procurement,5000,Raw Materials Expense,Gross-Morrison,5435.49,Timothy Johnson,Leslie Robinson,PO528403,INV288944,5435.49,5435.49,5435.49,none
102248,2024-05-09,12:32:00,2024-05-09 12:32:00,HR,5400,IT & Software,Harris PLC,27949.94,Gerald Freeman,Brittany Jackson,PO6425,INV429162,27949.94,27949.94,27949.94,none
104699,2024-05-09,13:10:00,2024-05-09 13:10:00,Operations,5500,Utilities,Hopkins Inc,3794.31,Sean Kelly,Alyssa Jackson,PO583720,INV312189,3794.31,3794.31,3794.31,none
104437,2024-05-09,13:43:00,2024-05-09 13:43:00,Sales,5000,Raw Materials Expense,Raymond-Lucas,14718.46,Tanner Avila,Gary Mays,PO294960,INV432050,14718.46,14718.46,14718.46,none
100720,2024-05-09,13:54:00,2024-05-09 13:54:00,Finance,5000,Raw Materials Expense,Lopez Ltd,15351.19,Tanner Avila,Taylor Carroll,PO686925,INV572188,15351.19,15351.19,15351.19,none
104255,2024-05-09,14:14:00,2024-05-09 14:14:00,Operations,6000,Vendor Payments,Young Inc,7734.64,Dawn Hall,Michael Fox,PO622505,INV559716,7734.64,7734.64,7734.64,none
101948,2024-05-09,14:38:00,2024-05-09 14:38:00,Operations,5500,Utilities,Gross-Morrison,38729.54,Corey Jones,Lawrence Davis,PO340674,INV939276,38729.54,38729.54,38729.54,none
102924,2024-05-09,14:51:00,2024-05-09 14:51:00,IT,5400,IT & Software,"Smith, Montgomery and Reyes",6420.7,James Dennis,Joy Hernandez,PO107880,INV315292,6420.7,6420.7,6420.7,none
102142,2024-05-09,14:52:00,2024-05-09 14:52:00,Finance,5300,Professional Fees,Stevens-Gibson,15529.96,Thomas Martin,Corey Jones,PO555460,INV144207,15529.96,15529.96,15529.96,none
102354,2024-05-09,16:07:00,2024-05-09 16:07:00,Procurement,5100,Office Supplies,"White, Tucker and Wolf",23316.43,Nicole Chavez,Donald Ferguson,PO580510,INV359473,23316.43,23316.43,23316.43,none
100794,2024-05-09,16:40:00,2024-05-09 16:40:00,IT,5000,Raw Materials Expense,Pearson PLC,26992.9,Janice Bush,Joy Hernandez,PO894409,INV534696,26992.9,26992.9,26992.9,none
102613,2024-05-09,17:07:00,2024-05-09 17:07:00,Finance,6000,Vendor Payments,Gomez Ltd,4937.71,Austin Cohen,Michael Macdonald,PO679671,INV732192,4937.71,4937.71,4937.71,none
103255,2024-05-09,17:13:00,2024-05-09 17:13:00,Finance,5500,Utilities,Rivera-Charles,3488.82,Donna Weber,Michael Fox,PO551092,INV727225,3488.82,3488.82,3488.82,none
101147,2024-05-09,17:24:00,2024-05-09 17:24:00,HR,5000,Raw Materials Expense,Harper-Hernandez,16733.05,Lindsey Lewis,Michael Rivas,PO282454,INV209755,16733.05,16733.05,16733.05,none
100066,2024-05-10,09:45:00,2024-05-10 09:45:00,HR,5400,IT & Software,"Mills, Crane and Kim",13079.14,Brittany Jackson,Timothy Johnson,PO226009,INV146542,13079.14,13079.14,13079.14,none
100346,2024-05-10,09:47:00,2024-05-10 09:47:00,Procurement,5400,IT & Software,Jones Ltd,6064.12,Michael Fox,Thomas Martin,PO134538,INV456518,6064.12,6064.12,6064.12,none
100158,2024-05-10,09:57:00,2024-05-10 09:57:00,Sales,5300,Professional Fees,"Martin, Brewer and Young",5805.11,Michael Rivas,Corey Jones,PO759963,INV478944,5805.11,5805.11,5805.11,none
104156,2024-05-10,10:03:00,2024-05-10 10:03:00,HR,5500,Utilities,Ballard-Jenkins,10872.9,Sean Kelly,Donna Weber,PO909209,INV489599,10872.9,10872.9,10872.9,none
101273,2024-05-10,10:09:00,2024-05-10 10:09:00,HR,5100,Office Supplies,Powers Group,2771.98,Denise Elliott,Leslie Robinson,PO679413,INV442936,2771.98,2771.98,2771.98,none
102129,2024-05-10,10:40:00,2024-05-10 10:40:00,Marketing,5500,Utilities,"Duncan, Graham and Stark",12343.93,Gary Stone,Donna Weber,PO201090,INV630820,12343.93,12343.93,12343.93,none
100363,2024-05-10,12:21:00,2024-05-10 12:21:00,Operations,5400,IT & Software,Nichols LLC,14417.18,Elizabeth Shea,Kyle King,PO766665,INV977312,14417.18,14417.18,14417.18,none
102925,2024-05-10,13:41:00,2024-05-10 13:41:00,Marketing,5200,Travel & Entertainment,Gomez Ltd,14672.17,Donna Weber,Alyssa Jackson,PO109852,INV421868,14672.17,14672.17,14672.17,none
104176,2024-05-10,14:04:00,2024-05-10 14:04:00,Operations,5300,Professional Fees,"Nelson, Duncan and Smith",14143.44,Janice Bush,James Dennis,PO513030,INV338577,14143.44,14143.44,14143.44,none
103860,2024-05-10,14:06:00,2024-05-10 14:06:00,Procurement,5200,Travel & Entertainment,Rivera-Charles,8029.49,Michael Macdonald,Brittany Jackson,PO235199,INV54697,8029.49,8029.49,8029.49,none
103984,2024-05-10,14:53:00,2024-05-10 14:53:00,Operations,5000,Raw Materials Expense,"Flores, Hood and Brown",1437.19,Gary Mays,Gerald Freeman,PO478597,INV58666,1437.19,1437.19,1437.19,none
103047,2024-05-10,16:29:00,2024-05-10 16:29:00,Finance,5200,Travel & Entertainment,Nichols LLC,24553.69,Patricia Lopez,Nicole Chavez,PO337086,INV157599,24553.69,24553.69,24553.69,none
102403,2024-05-10,16:29:00,2024-05-10 16:29:00,HR,5300,Professional Fees,Rogers Ltd,22677.63,Nicole Chavez,Gary Mays,PO662726,INV702663,22677.63,22677.63,22677.63,none
101198,2024-05-10,18:05:00,2024-05-10 18:05:00,IT,5500,Utilities,Smith-Parker,16360.75,Michael Rivas,Dawn Hall,PO300406,INV273693,16360.75,16360.75,16360.75,none
102544,2024-05-10,18:31:00,2024-05-10 18:31:00,HR,6000,Vendor Payments,"Cherry, Martin and Compton",26048.29,Austin Cohen,Tanner Avila,PO861596,INV330035,26048.29,26048.29,26048.29,none
104978,2024-05-10,18:46:00,2024-05-10 18:46:00,Marketing,6000,Vendor Payments,Stevens-Gibson,131531.88,Patricia Perry,Janice Bush,PO685869,INV504465,131531.88,131531.88,131531.88,unusual_amount
102065,2024-05-10,18:47:00,2024-05-10 18:47:00,Operations,5200,Travel & Entertainment,"Duncan, Graham and Stark",10360.51,Leslie Robinson,Gary Stone,PO567803,INV308248,10360.51,10360.51,10360.51,none
103571,2024-05-13,09:10:00,2024-05-13 09:10:00,Sales,5400,IT & Software,"Brown, Baker and Alvarado",4550.27,Kyle King,Elizabeth Boyle,PO44452,INV810919,4550.27,4550.27,4550.27,none
104054,2024-05-13,09:50:00,2024-05-13 09:50:00,Marketing,5300,Professional Fees,Ballard-Jenkins,6528.13,Michael Macdonald,Patricia Lopez,PO526736,INV656385,6528.13,6528.13,6528.13,none
101174,2024-05-13,10:20:00,2024-05-13 10:20:00,Finance,5500,Utilities,Nichols LLC,21083.62,Tanner Avila,Denise Elliott,PO94100,INV48611,21083.62,21083.62,21083.62,none
103861,2024-05-13,10:49:00,2024-05-13 10:49:00,Sales,5100,Office Supplies,White-Thomas,3961.12,Michael Rivas,Elizabeth Boyle,PO917390,INV708800,3961.12,3961.12,3961.12,none
101161,2024-05-13,11:05:00,2024-05-13 11:05:00,Marketing,5100,Office Supplies,Gomez Ltd,8917.36,Kyle King,Alyssa Jackson,PO962956,INV60005,8917.36,8917.36,8917.36,none
101157,2024-05-13,11:43:00,2024-05-13 11:43:00,HR,5500,Utilities,Harris PLC,21257.71,Elizabeth Boyle,Anita Harris,PO656121,INV661773,21257.71,21257.71,21257.71,none
104250,2024-05-13,11:57:00,2024-05-13 11:57:00,Marketing,5300,Professional Fees,"Martin, Brewer and Young",6668.1,Leslie Robinson,Thomas Martin,PO110439,INV314109,6668.1,6668.1,6668.1,none
102738,2024-05-13,12:00:00,2024-05-13 12:00:00,Procurement,5400,IT & Software,"Yang, Weber and Nielsen",16471.21,Nicole Clarke,Patricia Perry,PO521255,INV256193,16471.21,16471.21,16471.21,none
100961,2024-05-13,12:31:00,2024-05-13 12:31:00,HR,5500,Utilities,Lopez Ltd,12628.29,Alyssa Jackson,Dawn Hall,PO824474,INV586195,12628.29,12628.29,12628.29,none
100044,2024-05-13,12:42:00,2024-05-13 12:42:00,IT,5400,IT & Software,Smith-Parker,8218.76,Joy Hernandez,Elizabeth Boyle,PO77947,INV669344,8218.76,8218.76,8218.76,none
101832,2024-05-13,13:21:00,2024-05-13 13:21:00,Operations,5500,Utilities,"Nelson, Duncan and Smith",41548.0,Elizabeth Shea,Mary Harrison,PO64857,INV38704,41548.0,41548.0,41548.0,none
102017,2024-05-13,14:18:00,2024-05-13 14:18:00,Finance,5500,Utilities,"Smith, Montgomery and Reyes",7088.86,Nicole Chavez,Corey Jones,PO492774,INV977775,7088.86,7088.86,7088.86,none
102900,2024-05-13,14:23:00,2024-05-13 14:23:00,IT,5100,Office Supplies,Jones Inc,18707.88,Christina Miller,Taylor Carroll,PO488624,INV342517,18707.88,18707.88,18707.88,none
100336,2024-05-13,14:44:00,2024-05-13 14:44:00,Finance,5200,Travel & Entertainment,"Morton, Reynolds and Anderson",29477.84,Timothy Johnson,Sean Kelly,PO360109,INV296689,29477.84,29477.84,29477.84,none
104618,2024-05-13,15:42:00,2024-05-13 15:42:00,Marketing,5200,Travel & Entertainment,"Silva, Jones and Oliver",38749.63,Nicole Clarke,Donald Ferguson,PO597067,INV420639,38749.63,38749.63,38749.63,none
104456,2024-05-13,16:01:00,2024-05-13 16:01:00,IT,5500,Utilities,Becker-Martinez,3729.5,Autumn Reed,Lindsey Lewis,PO283728,INV148178,3729.5,3729.5,3729.5,none
100372,2024-05-13,17:59:00,2024-05-13 17:59:00,Marketing,5100,Office Supplies,Pearson PLC,3554.63,Denise Elliott,Thomas Martin,PO270713,INV267006,3554.63,3554.63,3554.63,none
103916,2024-05-14,09:19:00,2024-05-14 09:19:00,IT,5100,Office Supplies,Nichols LLC,24915.3,Gary Stone,Patricia Perry,PO99826,INV22051,24915.3,24915.3,24915.3,none
102689,2024-05-14,09:25:00,2024-05-14 09:25:00,HR,5500,Utilities,"Robles, Moses and Morgan",13064.99,Taylor Carroll,Nicole Chavez,PO26226,INV597861,13064.99,13064.99,13064.99,none
103397,2024-05-14,10:41:00,2024-05-14 10:41:00,Operations,5100,Office Supplies,"Howard, Tucker and Flores",7337.03,Michael Rivas,Gerald Freeman,PO9663,INV63640,7337.03,7337.03,7337.03,none
102904,2024-05-14,11:00:00,2024-05-14 11:00:00,Operations,5300,Professional Fees,Francis-Burke,5216.84,Michael Macdonald,Lindsey Lewis,PO642206,INV385287,5216.84,5216.84,5216.84,none
101655,2024-05-14,11:05:00,2024-05-14 11:05:00,HR,5000,Raw Materials Expense,Jones Inc,17043.08,Denise Elliott,Michael Fox,PO959341,INV778310,17043.08,17043.08,17043.08,none
102152,2024-05-14,11:45:00,2024-05-14 11:45:00,Procurement,5000,Raw Materials Expense,Stewart-Russell,20800.52,Taylor Carroll,Kyle King,PO500510,INV584165,20800.52,20800.52,20800.52,none
100473,2024-05-14,12:02:00,2024-05-14 12:02:00,Procurement,5000,Raw Materials Expense,"Nelson, Duncan and Smith",9947.45,Nicole Chavez,Autumn Reed,PO154087,INV892173,9947.45,9947.45,9947.45,none
103086,2024-05-14,12:12:00,2024-05-14 12:12:00,Marketing,5500,Utilities,Reyes-Glover,15931.93,Taylor Carroll,Sean Kelly,PO717776,INV111709,15931.93,15931.93,15931.93,none
104575,2024-05-14,12:42:00,2024-05-14 12:42:00,Finance,5300,Professional Fees,Jones Ltd,15319.46,James Dennis,Michael Fox,PO731997,INV473850,15319.46,15319.46,15319.46,none
104069,2024-05-14,13:30:00,2024-05-14 13:30:00,Marketing,6000,Vendor Payments,Tucker Group,21165.79,Christina Miller,Jeffrey Hancock,PO38285,INV210207,21165.79,21165.79,21165.79,none
103834,2024-05-14,15:46:00,2024-05-14 15:46:00,Marketing,5400,IT & Software,Schneider-Clark,32270.34,Christine Gonzales,Michael Macdonald,PO362901,INV538646,32270.34,32270.34,32270.34,none
100547,2024-05-14,16:29:00,2024-05-14 16:29:00,Operations,5200,Travel & Entertainment,"White, Tucker and Wolf",19128.86,Alyssa Jackson,Donna Weber,PO137152,INV976347,19128.86,19128.86,19128.86,none
104511,2024-05-14,16:51:00,2024-05-14 16:51:00,Procurement,5300,Professional Fees,"Flores, Hood and Brown",15331.95,Christine Gonzales,Michael Fox,PO164200,INV371766,15331.95,15331.95,15331.95,none
102050,2024-05-14,16:59:00,2024-05-14 16:59:00,Operations,6000,Vendor Payments,Scott-Bailey,17269.36,Gary Stone,James Dennis,PO643953,INV777419,17269.36,17269.36,17269.36,none
103131,2024-05-14,17:55:00,2024-05-14 17:55:00,Sales,5500,Utilities,Reyes-Glover,13275.55,Nicole Clarke,Tanner Avila,PO150885,INV60374,13275.55,13275.55,13275.55,none
104782,2024-05-14,18:02:00,2024-05-14 18:02:00,Operations,5000,Raw Materials Expense,Murphy Inc,25012.3,Brittany Jackson,Nicole Clarke,PO142589,INV973538,25012.3,25012.3,25012.3,none
100698,2024-05-14,18:34:00,2024-05-14 18:34:00,Finance,5000,Raw Materials Expense,Stewart-Russell,7136.26,Joy Hernandez,Gary Stone,PO768622,INV974792,7136.26,7136.26,7136.26,none
103380,2024-05-15,09:23:00,2024-05-15 09:23:00,HR,6000,Vendor Payments,Mays-Ortega,15418.31,Michael Fox,Tanner Avila,PO405675,INV510006,15418.31,15418.31,15418.31,none
103176,2024-05-15,09:33:00,2024-05-15 09:33:00,Finance,5100,Office Supplies,Smith-Parker,5984.82,Gary Stone,Tanner Avila,PO53646,INV952283,5984.82,5984.82,5984.82,none
100979,2024-05-15,11:28:00,2024-05-15 11:28:00,Procurement,5300,Professional Fees,"Dixon, Jackson and Benjamin",12164.65,Christopher Chung,Lindsey Lewis,PO333152,INV601026,12164.65,12164.65,12164.65,none
100047,2024-05-15,11:59:00,2024-05-15 11:59:00,Procurement,5000,Raw Materials Expense,Galvan Group,14752.71,Gary Mays,Joy Hernandez,PO321260,INV738886,14752.71,14752.71,14752.71,none
100533,2024-05-15,12:15:00,2024-05-15 12:15:00,IT,5500,Utilities,"Martin, Brewer and Young",13165.73,Christopher Chung,Anita Harris,PO897874,INV122092,13165.73,13165.73,13165.73,none
104273,2024-05-15,12:52:00,2024-05-15 12:52:00,Procurement,5100,Office Supplies,Becker-Martinez,6196.1,Anita Harris,Mary Harrison,PO909483,INV125389,6196.1,6196.1,6196.1,none
100541,2024-05-15,13:19:00,2024-05-15 13:19:00,Sales,5300,Professional Fees,"Smith, Montgomery and Reyes",7887.95,Janice Bush,Sergio Arroyo,PO131372,INV808073,7887.95,7887.95,7887.95,none
104611,2024-05-15,13:24:00,2024-05-15 13:24:00,Finance,5300,Professional Fees,Torres-Mendoza,6435.49,Elizabeth Boyle,Anita Harris,PO54907,INV329179,6435.49,6435.49,6435.49,none
103802,2024-05-15,14:13:00,2024-05-15 14:13:00,Operations,5400,IT & Software,Murphy Inc,7632.79,Lindsey Lewis,Kyle King,PO497476,INV487746,7632.79,7632.79,7632.79,none
102148,2024-05-15,16:22:00,2024-05-15 16:22:00,Operations,5200,Travel & Entertainment,Davidson-Frank,11907.16,Nicole Clarke,Patricia Lopez,PO625868,INV21167,11907.16,11907.16,11907.16,none
102460,2024-05-15,16:50:00,2024-05-15 16:50:00,HR,5400,IT & Software,Murphy Inc,30261.87,Gary Mays,Autumn Reed,PO257386,INV304764,30261.87,30261.87,30261.87,none
102873,2024-05-15,18:27:00,2024-05-15 18:27:00,HR,5300,Professional Fees,"Dixon, Jackson and Benjamin",9878.12,Sergio Arroyo,Lawrence Davis,PO224264,INV975840,9878.12,9878.12,9878.12,none
102396,2024-05-15,18:27:00,2024-05-15 18:27:00,Marketing,5200,Travel & Entertainment,Nichols LLC,45775.95,Michael Macdonald,Gary Stone,PO952629,INV589676,45775.95,45775.95,45775.95,none
104755,2024-05-16,09:17:00,2024-05-16 09:17:00,Finance,5200,Travel & Entertainment,Galvan Group,29525.22,Nicole Clarke,Lindsey Lewis,PO718546,INV103202,29525.22,29525.22,29525.22,none
100969,2024-05-16,10:16:00,2024-05-16 10:16:00,Operations,5400,IT & Software,Becker-Martinez,28488.21,Gary Stone,Christine Gonzales,PO908761,INV325719,28488.21,28488.21,28488.21,none
102981,2024-05-16,11:06:00,2024-05-16 11:06:00,Marketing,5500,Utilities,"Cherry, Martin and Compton",33219.84,Michael Rivas,Brittany Jackson,PO129797,INV114738,33219.84,33219.84,33219.84,none
102979,2024-05-16,11:10:00,2024-05-16 11:10:00,IT,5400,IT & Software,Gross-Morrison,24561.6,Elizabeth Shea,Alyssa Jackson,PO298982,INV580299,24561.6,24561.6,24561.6,none
100647,2024-05-16,11:18:00,2024-05-16 11:18:00,Operations,5100,Office Supplies,Gomez Ltd,38408.29,Lindsey Lewis,Gary Mays,PO104724,INV956153,38408.29,38408.29,38408.29,none
103564,2024-05-16,11:43:00,2024-05-16 11:43:00,Operations,5400,IT & Software,"Flores, Hood and Brown",9614.24,Janice Bush,Autumn Reed,PO137135,INV820249,9614.24,9614.24,9614.24,none
100984,2024-05-16,11:44:00,2024-05-16 11:44:00,IT,5000,Raw Materials Expense,"Robles, Moses and Morgan",26654.01,Donna Weber,Kyle King,PO49165,INV151608,26654.01,26654.01,26654.01,none
101225,2024-05-16,11:54:00,2024-05-16 11:54:00,Finance,6000,Vendor Payments,"Howard, Tucker and Flores",14032.07,Donna Weber,Sean Kelly,PO616612,INV718922,14032.07,14032.07,14032.07,none
102677,2024-05-16,15:34:00,2024-05-16 15:34:00,Finance,6000,Vendor Payments,"Mills, Crane and Kim",22241.46,Michael Rivas,Leslie Robinson,PO235595,INV172171,22241.46,22241.46,22241.46,none
100296,2024-05-16,16:15:00,2024-05-16 16:15:00,HR,5000,Raw Materials Expense,"Yang, Weber and Nielsen",9408.57,Lawrence Davis,Corey Jones,PO203539,INV888453,9408.57,9408.57,9408.57,none
101433,2024-05-16,16:30:00,2024-05-16 16:30:00,Marketing,5000,Raw Materials Expense,"Dixon, Jackson and Benjamin",5330.69,Taylor Carroll,Joy Hernandez,PO865310,INV16578,5330.69,5330.69,5330.69,none
100137,2024-05-16,17:08:00,2024-05-16 17:08:00,Operations,5500,Utilities,"Hernandez, Hopkins and Houston",28538.5,Lindsey Lewis,James Dennis,PO857651,INV565093,28538.5,28538.5,28538.5,none
102317,2024-05-16,17:23:00,2024-05-16 17:23:00,Procurement,5500,Utilities,Pearson PLC,28680.28,Mary Harrison,Patricia Perry,PO864779,INV964694,28680.28,28680.28,28680.28,none
102877,2024-05-16,17:25:00,2024-05-16 17:25:00,Sales,5000,Raw Materials Expense,Ballard-Jenkins,23482.84,Sean Kelly,James Dennis,PO586756,INV699719,23482.84,23482.84,23482.84,none
101037,2024-05-16,17:43:00,2024-05-16 17:43:00,IT,6000,Vendor Payments,"Gardner, Perry and Cruz",18749.92,Elizabeth Boyle,Dawn Hall,PO324174,INV26539,18749.92,18749.92,18749.92,none
103705,2024-05-16,18:28:00,2024-05-16 18:28:00,Finance,5100,Office Supplies,Rogers Ltd,7811.55,Patricia Lopez,Sean Kelly,PO30272,INV922814,7811.55,7811.55,7811.55,none
102725,2024-05-17,09:42:00,2024-05-17 09:42:00,Operations,5500,Utilities,"White, Tucker and Wolf",12407.82,Lawrence Davis,Brittany Jackson,PO270780,INV334049,12407.82,12407.82,12407.82,none
101515,2024-05-17,10:28:00,2024-05-17 10:28:00,Finance,5200,Travel & Entertainment,Mora-Lynn,46109.13,Patricia Lopez,Janice Bush,PO288093,INV919969,46109.13,46109.13,46109.13,none
101598,2024-05-17,10:36:00,2024-05-17 10:36:00,Sales,5500,Utilities,"Robles, Moses and Morgan",1502.67,Donna Weber,Michael Rivas,PO513593,INV56672,1502.67,1502.67,1502.67,none
104388,2024-05-17,11:18:00,2024-05-17 11:18:00,HR,5000,Raw Materials Expense,Willis Group,27555.12,Michael Fox,Patricia Perry,PO820982,INV576419,27555.12,27555.12,27555.12,none
100396,2024-05-17,11:24:00,2024-05-17 11:24:00,Marketing,5100,Office Supplies,Stewart-Russell,10324.76,Nicole Chavez,Jeffrey Hancock,PO474845,INV112236,10324.76,10324.76,10324.76,none
100742,2024-05-17,11:47:00,2024-05-17 11:47:00,HR,5100,Office Supplies,Smith-Wise,4355.72,Elizabeth Boyle,Dawn Hall,PO239419,INV839253,4355.72,4355.72,4355.72,none
102616,2024-05-17,12:09:00,2024-05-17 12:09:00,Marketing,5100,Office Supplies,Nichols LLC,26374.1,Nicole Chavez,Michael Macdonald,PO289675,INV831171,26374.1,26374.1,26374.1,none
102728,2024-05-17,13:11:00,2024-05-17 13:11:00,HR,5100,Office Supplies,Miller LLC,9626.29,Christopher Chung,Brittany Jackson,PO202986,INV256805,9626.29,9626.29,9626.29,none
101663,2024-05-17,13:30:00,2024-05-17 13:30:00,Finance,5100,Office Supplies,"Gardner, Perry and Cruz",12293.25,Donald Ferguson,Denise Elliott,PO577442,INV791832,12293.25,12293.25,12293.25,none
103821,2024-05-17,14:08:00,2024-05-17 14:08:00,Marketing,5200,Travel & Entertainment,"Silva, Jones and Oliver",4473.59,Donald Ferguson,Christine Gonzales,PO122844,INV267148,4473.59,4473.59,4473.59,none
101530,2024-05-17,14:17:00,2024-05-17 14:17:00,Operations,5500,Utilities,Gomez Ltd,37571.1,Michael Fox,Austin Cohen,PO629574,INV547051,37571.1,37571.1,37571.1,none
102559,2024-05-17,14:33:00,2024-05-17 14:33:00,HR,5500,Utilities,"Robles, Moses and Morgan",7605.54,Denise Elliott,Austin Cohen,PO665827,INV852666,7605.54,7605.54,7605.54,none
104697,2024-05-17,15:26:00,2024-05-17 15:26:00,Operations,5400,IT & Software,Tucker Group,9739.11,Nicole Chavez,Lindsey Lewis,PO953979,INV32937,9739.11,9739.11,9739.11,none
104265,2024-05-17,15:29:00,2024-05-17 15:29:00,Procurement,5200,Travel & Entertainment,Scott-Bailey,22584.08,Donna Weber,Mary Harrison,PO715967,INV847508,22584.08,22584.08,22584.08,none
100564,2024-05-17,15:38:00,2024-05-17 15:38:00,Sales,5100,Office Supplies,"Morton, Reynolds and Anderson",13796.16,Alyssa Jackson,Elizabeth Boyle,PO500960,INV749914,13796.16,13796.16,13796.16,none
100403,2024-05-17,16:09:00,2024-05-17 16:09:00,Operations,5100,Office Supplies,Tucker Group,9130.53,Gary Stone,Elizabeth Boyle,PO517698,INV246000,9130.53,9130.53,9130.53,none
104962,2024-05-17,16:43:00,2024-05-17 16:43:00,Operations,5200,Travel & Entertainment,White-Thomas,290802.67,Mary Harrison,Christopher Chung,PO445452,INV615464,290802.67,290802.67,290802.67,unusual_amount
101490,2024-05-20,09:06:00,2024-05-20 09:06:00,Finance,6000,Vendor Payments,Cowan-Powers,22149.34,Denise Elliott,Lawrence Davis,PO152647,INV851480,22149.34,22149.34,22149.34,none
102327,2024-05-20,09:19:00,2024-05-20 09:19:00,Procurement,5000,Raw Materials Expense,"Durham, Bowen and Hess",23887.47,Thomas Martin,Nicole Chavez,PO627109,INV641622,23887.47,23887.47,23887.47,none
103622,2024-05-20,10:18:00,2024-05-20 10:18:00,Marketing,5100,Office Supplies,"Flores, Hood and Brown",11141.07,Gerald Freeman,Michael Rivas,PO736341,INV774012,11141.07,11141.07,11141.07,none
101151,2024-05-20,10:52:00,2024-05-20 10:52:00,Marketing,6000,Vendor Payments,Willis Group,1177.02,Michael Macdonald,Donna Weber,PO516374,INV848112,1177.02,1177.02,1177.02,none
104275,2024-05-20,11:25:00,2024-05-20 11:25:00,Sales,5500,Utilities,"Howard, Tucker and Flores",32533.42,Sean Kelly,Thomas Martin,PO189039,INV69818,32533.42,32533.42,32533.42,none
101001,2024-05-20,11:48:00,2024-05-20 11:48:00,Procurement,5400,IT & Software,"White, Tucker and Wolf",3944.55,Christopher Chung,Nicole Chavez,PO933199,INV805374,3944.55,3944.55,3944.55,none
102577,2024-05-20,12:11:00,2024-05-20 12:11:00,IT,5000,Raw Materials Expense,"Martin, Brewer and Young",39488.77,Sean Kelly,Thomas Martin,PO462632,INV311746,39488.77,39488.77,39488.77,none
102088,2024-05-20,14:02:00,2024-05-20 14:02:00,IT,6000,Vendor Payments,"Dixon, Jackson and Benjamin",7425.59,Corey Jones,Thomas Martin,PO698797,INV514288,7425.59,7425.59,7425.59,none
101978,2024-05-20,14:29:00,2024-05-20 14:29:00,Sales,5500,Utilities,Lopez Ltd,17022.01,Nicole Clarke,Tanner Avila,PO833819,INV67735,17022.01,17022.01,17022.01,none
102552,2024-05-20,15:03:00,2024-05-20 15:03:00,Operations,5200,Travel & Entertainment,Raymond-Lucas,14418.66,Lawrence Davis,Christina Miller,PO831751,INV215986,14418.66,14418.66,14418.66,none
101752,2024-05-20,15:24:00,2024-05-20 15:24:00,IT,5000,Raw Materials Expense,"Nelson, Duncan and Smith",2690.38,Nicole Clarke,Dawn Hall,PO143831,INV761501,2690.38,2690.38,2690.38,none
103743,2024-05-20,16:18:00,2024-05-20 16:18:00,Finance,5500,Utilities,"White, Tucker and Wolf",1727.9,Patricia Perry,Elizabeth Boyle,PO745482,INV295581,1727.9,1727.9,1727.9,none
102876,2024-05-20,17:34:00,2024-05-20 17:34:00,Finance,5400,IT & Software,Torres-Mendoza,15437.24,Lawrence Davis,Tanner Avila,PO13448,INV76728,15437.24,15437.24,15437.24,none
104008,2024-05-20,17:39:00,2024-05-20 17:39:00,Operations,5500,Utilities,Hughes-Nichols,8136.52,Autumn Reed,Austin Cohen,PO902514,INV679996,8136.52,8136.52,8136.52,none
102903,2024-05-20,17:39:00,2024-05-20 17:39:00,Procurement,5200,Travel & Entertainment,Becker-Martinez,7045.82,Brittany Jackson,Kyle King,PO230993,INV233527,7045.82,7045.82,7045.82,none
103909,2024-05-20,17:42:00,2024-05-20 17:42:00,Operations,5400,IT & Software,Evans Ltd,31439.93,James Dennis,Lawrence Davis,PO74113,INV439081,31439.93,31439.93,31439.93,none
102505,2024-05-20,17:52:00,2024-05-20 17:52:00,Operations,5000,Raw Materials Expense,Mora-Lynn,23065.34,Lindsey Lewis,Donald Ferguson,PO823515,INV566486,23065.34,23065.34,23065.34,none
101721,2024-05-20,17:57:00,2024-05-20 17:57:00,Sales,5500,Utilities,Reyes-Glover,4440.77,Leslie Robinson,Kyle King,PO277321,INV843548,4440.77,4440.77,4440.77,none
104908,2024-05-21,02:29:00,2024-05-21 02:29:00,Operations,5100,Office Supplies,Francis-Burke,11660.03,Timothy Johnson,Michael Fox,PO866756,INV908799,11660.03,11660.03,11660.03,odd_hour_posting
104537,2024-05-21,10:43:00,2024-05-21 10:43:00,HR,5300,Professional Fees,Cowan-Powers,23744.28,Sergio Arroyo,Anita Harris,PO210712,INV97014,23744.28,23744.28,23744.28,none
104635,2024-05-21,11:07:00,2024-05-21 11:07:00,HR,5300,Professional Fees,Jones Ltd,17119.73,Autumn Reed,Corey Jones,PO88610,INV462767,17119.73,17119.73,17119.73,none
100183,2024-05-21,11:08:00,2024-05-21 11:08:00,Sales,6000,Vendor Payments,White-Thomas,24304.1,Taylor Carroll,Autumn Reed,PO75436,INV734854,24304.1,24304.1,24304.1,none
103451,2024-05-21,12:15:00,2024-05-21 12:15:00,HR,6000,Vendor Payments,Harper-Hernandez,8510.85,Timothy Johnson,Christina Miller,PO384858,INV415200,8510.85,8510.85,8510.85,none
102532,2024-05-21,13:53:00,2024-05-21 13:53:00,HR,6000,Vendor Payments,Reyes-Glover,24398.46,James Dennis,Lindsey Lewis,PO720471,INV160203,24398.46,24398.46,24398.46,none
102596,2024-05-21,14:01:00,2024-05-21 14:01:00,IT,6000,Vendor Payments,"Yang, Weber and Nielsen",3784.19,Anita Harris,Gerald Freeman,PO210793,INV158633,3784.19,3784.19,3784.19,none
100685,2024-05-21,14:08:00,2024-05-21 14:08:00,Procurement,5200,Travel & Entertainment,"Decker, Eaton and Arnold",8091.9,James Dennis,Alyssa Jackson,PO272438,INV838114,8091.9,8091.9,8091.9,none
101498,2024-05-21,15:33:00,2024-05-21 15:33:00,Operations,5200,Travel & Entertainment,Stevens-Gibson,17587.2,Anita Harris,Joy Hernandez,PO403342,INV644889,17587.2,17587.2,17587.2,none
100977,2024-05-21,15:44:00,2024-05-21 15:44:00,Finance,5300,Professional Fees,Schneider-Clark,40452.5,Nicole Chavez,Corey Jones,PO445341,INV836284,40452.5,40452.5,40452.5,none
101071,2024-05-21,16:04:00,2024-05-21 16:04:00,Sales,5300,Professional Fees,Becker-Martinez,7239.87,Lawrence Davis,Thomas Martin,PO118214,INV566080,7239.87,7239.87,7239.87,none
102833,2024-05-21,16:19:00,2024-05-21 16:19:00,Procurement,5000,Raw Materials Expense,Mays-Ortega,11345.7,Patricia Perry,Brittany Jackson,PO57273,INV607465,11345.7,11345.7,11345.7,none
100917,2024-05-21,17:20:00,2024-05-21 17:20:00,Sales,5200,Travel & Entertainment,Raymond-Lucas,14546.49,Leslie Robinson,Michael Fox,PO365598,INV946132,14546.49,14546.49,14546.49,none
102167,2024-05-21,18:16:00,2024-05-21 18:16:00,Finance,5300,Professional Fees,"Silva, Jones and Oliver",43644.12,Denise Elliott,Nicole Chavez,PO377755,INV790719,43644.12,43644.12,43644.12,none
103175,2024-05-21,18:28:00,2024-05-21 18:28:00,Sales,6000,Vendor Payments,Evans Ltd,17642.06,Lawrence Davis,Gary Stone,PO606810,INV36467,17642.06,17642.06,17642.06,none
103989,2024-05-21,18:35:00,2024-05-21 18:35:00,Marketing,5300,Professional Fees,"Martin, Brewer and Young",16528.46,Corey Jones,Lawrence Davis,PO121949,INV419052,16528.46,16528.46,16528.46,none
101909,2024-05-21,18:42:00,2024-05-21 18:42:00,HR,6000,Vendor Payments,"Durham, Bowen and Hess",4617.51,Timothy Johnson,Mary Harrison,PO11966,INV696888,4617.51,4617.51,4617.51,none
104983,2024-05-22,00:07:00,2024-05-22 00:07:00,Finance,5200,Travel & Entertainment,Cowan-Powers,18687.99,Christopher Chung,Lawrence Davis,PO94691,INV798339,18687.99,18687.99,18687.99,odd_hour_posting
103979,2024-05-22,09:02:00,2024-05-22 09:02:00,IT,5400,IT & Software,Lopez Ltd,4450.86,Elizabeth Shea,Denise Elliott,PO824711,INV845029,4450.86,4450.86,4450.86,none
103709,2024-05-22,09:15:00,2024-05-22 09:15:00,HR,6000,Vendor Payments,Reyes-Glover,29194.51,Sergio Arroyo,Alyssa Jackson,PO786967,INV944810,29194.51,29194.51,29194.51,none
102575,2024-05-22,09:27:00,2024-05-22 09:27:00,Procurement,5400,IT & Software,"Nelson, Duncan and Smith",9533.95,James Dennis,Timothy Johnson,PO85875,INV758721,9533.95,9533.95,9533.95,none
104452,2024-05-22,09:50:00,2024-05-22 09:50:00,Procurement,6000,Vendor Payments,"Brown, Baker and Alvarado",12997.34,Donna Weber,Timothy Johnson,PO130293,INV478555,12997.34,12997.34,12997.34,none
100427,2024-05-22,10:36:00,2024-05-22 10:36:00,Operations,5300,Professional Fees,Rogers Ltd,19926.12,Gary Mays,James Dennis,PO899865,INV163027,19926.12,19926.12,19926.12,none
101848,2024-05-22,11:06:00,2024-05-22 11:06:00,Sales,5200,Travel & Entertainment,Becker-Martinez,22535.94,Michael Rivas,Mary Harrison,PO510303,INV135571,22535.94,22535.94,22535.94,none
101379,2024-05-22,11:10:00,2024-05-22 11:10:00,Sales,5500,Utilities,"Hernandez, Hopkins and Houston",4236.08,Elizabeth Shea,Nicole Clarke,PO301350,INV867085,4236.08,4236.08,4236.08,none
103944,2024-05-22,11:51:00,2024-05-22 11:51:00,Procurement,5100,Office Supplies,"Yang, Weber and Nielsen",14190.43,Kyle King,Lawrence Davis,PO724222,INV830168,14190.43,14190.43,14190.43,none
102279,2024-05-22,12:12:00,2024-05-22 12:12:00,Operations,5300,Professional Fees,Hughes-Nichols,12464.88,Michael Fox,Sean Kelly,PO482325,INV469607,12464.88,12464.88,12464.88,none
103061,2024-05-22,12:46:00,2024-05-22 12:46:00,Finance,5000,Raw Materials Expense,Cowan-Powers,16127.63,Gary Stone,Christina Miller,PO966114,INV741872,16127.63,16127.63,16127.63,none
104882,2024-05-22,13:04:00,2024-05-22 13:04:00,Sales,6000,Vendor Payments,Rogers Ltd,100000.0,Michael Rivas,Thomas Martin,PO598785,INV171906,100000.0,100000.0,100000.0,round_number
102885,2024-05-22,13:31:00,2024-05-22 13:31:00,Marketing,5500,Utilities,"Jefferson, Sullivan and Young",9252.55,Gerald Freeman,Brittany Jackson,PO895644,INV610797,9252.55,9252.55,9252.55,none
102586,2024-05-22,14:16:00,2024-05-22 14:16:00,Operations,5300,Professional Fees,"White, Tucker and Wolf",7835.21,Mary Harrison,Alyssa Jackson,PO823116,INV910933,7835.21,7835.21,7835.21,none
104533,2024-05-22,14:51:00,2024-05-22 14:51:00,Operations,5400,IT & Software,"Jefferson, Sullivan and Young",51543.82,Mary Harrison,Kyle King,PO436659,INV243977,51543.82,51543.82,51543.82,none
102986,2024-05-22,16:11:00,2024-05-22 16:11:00,Finance,5000,Raw Materials Expense,Jones Ltd,3924.74,Gerald Freeman,James Dennis,PO788427,INV200736,3924.74,3924.74,3924.74,none
102437,2024-05-22,16:15:00,2024-05-22 16:15:00,Marketing,5100,Office Supplies,"Decker, Eaton and Arnold",1539.7,Taylor Carroll,Dawn Hall,PO474638,INV810019,1539.7,1539.7,1539.7,none
104468,2024-05-22,16:43:00,2024-05-22 16:43:00,Operations,5200,Travel & Entertainment,"Durham, Bowen and Hess",5096.04,Thomas Martin,Christopher Chung,PO557968,INV896938,5096.04,5096.04,5096.04,none
104832,2024-05-22,18:01:00,2024-05-22 18:01:00,IT,6000,Vendor Payments,Mora-Lynn,23617.9,Lindsey Lewis,Patricia Lopez,PO562912,INV267176,23617.9,23617.9,23617.9,duplicate_payment
101103,2024-05-22,18:37:00,2024-05-22 18:37:00,Operations,5000,Raw Materials Expense,"Gardner, Perry and Cruz",18494.67,Tanner Avila,Christina Miller,PO938416,INV151408,18494.67,18494.67,18494.67,none
102464,2024-05-22,18:49:00,2024-05-22 18:49:00,IT,6000,Vendor Payments,Stewart-Russell,24680.93,Timothy Johnson,Joy Hernandez,PO43308,INV989119,24680.93,24680.93,24680.93,none
101675,2024-05-22,18:56:00,2024-05-22 18:56:00,Sales,5400,IT & Software,Young Inc,758.78,Jeffrey Hancock,Sean Kelly,PO862677,INV109572,758.78,758.78,758.78,none
102987,2024-05-23,09:03:00,2024-05-23 09:03:00,HR,5100,Office Supplies,Becker-Martinez,23967.34,Janice Bush,Elizabeth Boyle,PO449053,INV360348,23967.34,23967.34,23967.34,none
100907,2024-05-23,09:21:00,2024-05-23 09:21:00,HR,5500,Utilities,"Duncan, Graham and Stark",11040.89,Christine Gonzales,Nicole Chavez,PO257126,INV427521,11040.89,11040.89,11040.89,none
104348,2024-05-23,10:02:00,2024-05-23 10:02:00,Procurement,5300,Professional Fees,"Duncan, Graham and Stark",4229.36,Taylor Carroll,James Dennis,PO565840,INV536308,4229.36,4229.36,4229.36,none
102978,2024-05-23,10:38:00,2024-05-23 10:38:00,Procurement,5000,Raw Materials Expense,Galvan Group,39895.1,Janice Bush,Denise Elliott,PO861032,INV409224,39895.1,39895.1,39895.1,none
104402,2024-05-23,11:18:00,2024-05-23 11:18:00,HR,6000,Vendor Payments,"Gardner, Perry and Cruz",17476.53,Michael Fox,Elizabeth Shea,PO456076,INV462531,17476.53,17476.53,17476.53,none
101437,2024-05-23,12:23:00,2024-05-23 12:23:00,Marketing,5100,Office Supplies,"Jefferson, Sullivan and Young",30883.04,Taylor Carroll,Austin Cohen,PO847750,INV777006,30883.04,30883.04,30883.04,none
104083,2024-05-23,12:30:00,2024-05-23 12:30:00,Finance,5100,Office Supplies,"Martin, Brewer and Young",12021.03,Thomas Martin,Joy Hernandez,PO76524,INV532221,12021.03,12021.03,12021.03,none
104291,2024-05-23,12:52:00,2024-05-23 12:52:00,Sales,5500,Utilities,Stevens-Gibson,6379.49,Jeffrey Hancock,Leslie Robinson,PO776765,INV802418,6379.49,6379.49,6379.49,none
103107,2024-05-23,14:10:00,2024-05-23 14:10:00,Procurement,5000,Raw Materials Expense,Humphrey-Berg,12168.77,Janice Bush,Alyssa Jackson,PO261075,INV10489,12168.77,12168.77,12168.77,none
102527,2024-05-23,14:54:00,2024-05-23 14:54:00,Sales,5500,Utilities,Murphy Inc,10975.94,Brittany Jackson,Denise Elliott,PO45182,INV877604,10975.94,10975.94,10975.94,none
104318,2024-05-23,15:03:00,2024-05-23 15:03:00,Marketing,6000,Vendor Payments,"Yang, Weber and Nielsen",9721.97,Jeffrey Hancock,Michael Rivas,PO171443,INV105551,9721.97,9721.97,9721.97,none
100512,2024-05-23,15:08:00,2024-05-23 15:08:00,Operations,5400,IT & Software,Smith-Wise,33808.52,Lindsey Lewis,Jeffrey Hancock,PO213613,INV867332,33808.52,33808.52,33808.52,none
104771,2024-05-23,15:42:00,2024-05-23 15:42:00,Procurement,5400,IT & Software,Evans Ltd,3973.86,Gary Mays,Donna Weber,PO168892,INV584063,3973.86,3973.86,3973.86,none
102287,2024-05-23,17:21:00,2024-05-23 17:21:00,Sales,6000,Vendor Payments,White-Thomas,17637.18,Elizabeth Boyle,Nicole Clarke,PO213281,INV71750,17637.18,17637.18,17637.18,none
101608,2024-05-23,18:23:00,2024-05-23 18:23:00,Operations,5200,Travel & Entertainment,Hughes-Nichols,9914.25,Patricia Perry,Gerald Freeman,PO836657,INV740468,9914.25,9914.25,9914.25,none
100304,2024-05-23,18:43:00,2024-05-23 18:43:00,Procurement,5300,Professional Fees,Ballard-Jenkins,23196.54,Alyssa Jackson,Sean Kelly,PO98361,INV731562,23196.54,23196.54,23196.54,none
102571,2024-05-23,18:56:00,2024-05-23 18:56:00,Finance,5000,Raw Materials Expense,"Brown, Baker and Alvarado",50769.27,Michael Rivas,Autumn Reed,PO160817,INV740093,50769.27,50769.27,50769.27,none
104918,2024-05-24,09:15:00,2024-05-24 09:15:00,Sales,5100,Office Supplies,Raymond-Lucas,100000.0,Christina Miller,Leslie Robinson,PO159538,INV350215,100000.0,100000.0,100000.0,round_number
104448,2024-05-24,09:16:00,2024-05-24 09:16:00,Operations,5300,Professional Fees,Harris PLC,14191.08,Janice Bush,Corey Jones,PO308165,INV784006,14191.08,14191.08,14191.08,none
100663,2024-05-24,09:58:00,2024-05-24 09:58:00,Marketing,5000,Raw Materials Expense,"Dixon, Jackson and Benjamin",4015.18,Michael Rivas,Janice Bush,PO35312,INV474460,4015.18,4015.18,4015.18,none
101165,2024-05-24,12:26:00,2024-05-24 12:26:00,Operations,6000,Vendor Payments,Young Inc,21347.12,Taylor Carroll,Gary Mays,PO30879,INV44315,21347.12,21347.12,21347.12,none
103522,2024-05-24,12:44:00,2024-05-24 12:44:00,Marketing,5500,Utilities,Nichols LLC,11985.72,Michael Rivas,Gerald Freeman,PO336623,INV689586,11985.72,11985.72,11985.72,none
102255,2024-05-24,13:05:00,2024-05-24 13:05:00,IT,5200,Travel & Entertainment,Larson PLC,2231.66,Leslie Robinson,Christina Miller,PO589372,INV485188,2231.66,2231.66,2231.66,none
100786,2024-05-24,13:08:00,2024-05-24 13:08:00,Procurement,5400,IT & Software,"Jefferson, Sullivan and Young",10405.01,Patricia Lopez,Jeffrey Hancock,PO407853,INV608121,10405.01,10405.01,10405.01,none
102561,2024-05-24,13:51:00,2024-05-24 13:51:00,Procurement,5400,IT & Software,"Cherry, Martin and Compton",9003.01,Jeffrey Hancock,Michael Rivas,PO381143,INV395856,9003.01,9003.01,9003.01,none
103789,2024-05-24,13:59:00,2024-05-24 13:59:00,Procurement,5200,Travel & Entertainment,Powers Group,14065.39,Janice Bush,Mary Harrison,PO706840,INV954546,14065.39,14065.39,14065.39,none
102284,2024-05-24,14:46:00,2024-05-24 14:46:00,HR,5000,Raw Materials Expense,Evans Ltd,28224.62,Elizabeth Shea,Sergio Arroyo,PO50199,INV422907,28224.62,28224.62,28224.62,none
103043,2024-05-24,14:59:00,2024-05-24 14:59:00,Sales,6000,Vendor Payments,Tucker Group,38113.89,Mary Harrison,Autumn Reed,PO843199,INV353463,38113.89,38113.89,38113.89,none
103087,2024-05-24,16:11:00,2024-05-24 16:11:00,HR,5200,Travel & Entertainment,Stevens-Gibson,44663.49,Lawrence Davis,Elizabeth Shea,PO86365,INV869887,44663.49,44663.49,44663.49,none
102068,2024-05-24,18:21:00,2024-05-24 18:21:00,Procurement,5400,IT & Software,"Silva, Jones and Oliver",19974.22,Elizabeth Boyle,Janice Bush,PO985717,INV463809,19974.22,19974.22,19974.22,none
104025,2024-05-24,18:41:00,2024-05-24 18:41:00,HR,5000,Raw Materials Expense,Jones Inc,15136.12,Kyle King,Autumn Reed,PO653797,INV178689,15136.12,15136.12,15136.12,none
104089,2024-05-24,18:59:00,2024-05-24 18:59:00,Finance,5400,IT & Software,"Duncan, Graham and Stark",18405.87,Elizabeth Boyle,Corey Jones,PO951507,INV274716,18405.87,18405.87,18405.87,none
104826,2024-05-27,09:03:00,2024-05-27 09:03:00,Finance,5100,Office Supplies,Gross-Morrison,17107.06,Donna Weber,Donna Weber,PO777541,INV357768,17107.06,17107.06,17107.06,segregation_violation
101048,2024-05-27,09:09:00,2024-05-27 09:09:00,Marketing,5200,Travel & Entertainment,"Gardner, Perry and Cruz",10898.29,Corey Jones,Dawn Hall,PO869660,INV712344,10898.29,10898.29,10898.29,none
102019,2024-05-27,09:14:00,2024-05-27 09:14:00,Procurement,6000,Vendor Payments,Tucker Group,23663.32,Denise Elliott,Sergio Arroyo,PO401870,INV549345,23663.32,23663.32,23663.32,none
103345,2024-05-27,11:41:00,2024-05-27 11:41:00,HR,5300,Professional Fees,Schneider-Clark,14349.31,Joy Hernandez,Patricia Perry,PO624059,INV530687,14349.31,14349.31,14349.31,none
102764,2024-05-27,12:04:00,2024-05-27 12:04:00,HR,5500,Utilities,Stewart-Russell,9677.32,Gerald Freeman,Brittany Jackson,PO209513,INV616056,9677.32,9677.32,9677.32,none
101216,2024-05-27,12:30:00,2024-05-27 12:30:00,Finance,5300,Professional Fees,"Smith, Montgomery and Reyes",3871.18,Tanner Avila,Thomas Martin,PO735939,INV446636,3871.18,3871.18,3871.18,none
102543,2024-05-27,13:15:00,2024-05-27 13:15:00,Sales,5300,Professional Fees,"Nelson, Duncan and Smith",11724.96,Michael Macdonald,Taylor Carroll,PO90172,INV503485,11724.96,11724.96,11724.96,none
103124,2024-05-27,14:54:00,2024-05-27 14:54:00,HR,5400,IT & Software,Evans Ltd,2718.01,Patricia Lopez,Autumn Reed,PO686963,INV325519,2718.01,2718.01,2718.01,none
100967,2024-05-27,16:24:00,2024-05-27 16:24:00,Finance,5100,Office Supplies,Nichols LLC,21252.11,Tanner Avila,Autumn Reed,PO469526,INV85278,21252.11,21252.11,21252.11,none
102602,2024-05-27,16:33:00,2024-05-27 16:33:00,Marketing,5100,Office Supplies,Evans Ltd,20936.95,Sean Kelly,Sergio Arroyo,PO376514,INV592552,20936.95,20936.95,20936.95,none
103995,2024-05-27,16:49:00,2024-05-27 16:49:00,Marketing,5400,IT & Software,"Smith, Montgomery and Reyes",6816.27,Dawn Hall,Gerald Freeman,PO415399,INV278829,6816.27,6816.27,6816.27,none
104680,2024-05-27,17:30:00,2024-05-27 17:30:00,Finance,5200,Travel & Entertainment,Nichols LLC,60058.49,Janice Bush,Christopher Chung,PO208837,INV69942,60058.49,60058.49,60058.49,none
100198,2024-05-27,18:19:00,2024-05-27 18:19:00,Procurement,5300,Professional Fees,"Howard, Tucker and Flores",8817.52,Tanner Avila,Lindsey Lewis,PO466070,INV593096,8817.52,8817.52,8817.52,none
100329,2024-05-28,09:00:00,2024-05-28 09:00:00,Procurement,6000,Vendor Payments,Gross-Morrison,1917.78,Nicole Clarke,Patricia Lopez,PO236664,INV996649,1917.78,1917.78,1917.78,none
104207,2024-05-28,09:02:00,2024-05-28 09:02:00,HR,5100,Office Supplies,Scott-Bailey,6818.92,Nicole Clarke,Elizabeth Shea,PO274026,INV429097,6818.92,6818.92,6818.92,none
103406,2024-05-28,09:16:00,2024-05-28 09:16:00,Marketing,5200,Travel & Entertainment,"Flores, Hood and Brown",8460.56,Denise Elliott,Leslie Robinson,PO439862,INV158211,8460.56,8460.56,8460.56,none
101258,2024-05-28,09:33:00,2024-05-28 09:33:00,Marketing,5300,Professional Fees,"Mills, Crane and Kim",25250.69,Austin Cohen,Brittany Jackson,PO705636,INV459739,25250.69,25250.69,25250.69,none
103963,2024-05-28,09:37:00,2024-05-28 09:37:00,Finance,5100,Office Supplies,Rivera-Charles,6145.1,Elizabeth Shea,Autumn Reed,PO774391,INV384388,6145.1,6145.1,6145.1,none
102627,2024-05-28,09:54:00,2024-05-28 09:54:00,IT,5000,Raw Materials Expense,Hopkins Inc,9037.87,Christopher Chung,Donna Weber,PO238960,INV291889,9037.87,9037.87,9037.87,none
104586,2024-05-28,10:35:00,2024-05-28 10:35:00,IT,5300,Professional Fees,Schneider-Clark,42571.47,Timothy Johnson,Nicole Clarke,PO44967,INV317154,42571.47,42571.47,42571.47,none
100784,2024-05-28,10:40:00,2024-05-28 10:40:00,Finance,5300,Professional Fees,Raymond-Lucas,19170.44,Nicole Chavez,Leslie Robinson,PO933153,INV98382,19170.44,19170.44,19170.44,none
102976,2024-05-28,10:42:00,2024-05-28 10:42:00,Finance,5000,Raw Materials Expense,Jones Ltd,8867.34,Nicole Clarke,Anita Harris,PO776123,INV526861,8867.34,8867.34,8867.34,none
104224,2024-05-28,11:06:00,2024-05-28 11:06:00,Operations,5100,Office Supplies,Evans Ltd,25349.11,Alyssa Jackson,Joy Hernandez,PO263974,INV705851,25349.11,25349.11,25349.11,none
101602,2024-05-28,11:09:00,2024-05-28 11:09:00,Operations,5500,Utilities,Ballard-Jenkins,33926.14,Jeffrey Hancock,Joy Hernandez,PO830587,INV220263,33926.14,33926.14,33926.14,none
101874,2024-05-28,11:58:00,2024-05-28 11:58:00,Finance,5400,IT & Software,Raymond-Lucas,28826.82,Gerald Freeman,Janice Bush,PO463939,INV407695,28826.82,28826.82,28826.82,none
101731,2024-05-28,12:02:00,2024-05-28 12:02:00,Finance,5100,Office Supplies,Scott-Bailey,2237.72,Leslie Robinson,Alyssa Jackson,PO448691,INV955812,2237.72,2237.72,2237.72,none
100988,2024-05-28,12:11:00,2024-05-28 12:11:00,HR,6000,Vendor Payments,"Duncan, Graham and Stark",19840.55,Donald Ferguson,Corey Jones,PO76876,INV483462,19840.55,19840.55,19840.55,none
102421,2024-05-28,12:24:00,2024-05-28 12:24:00,Finance,5200,Travel & Entertainment,Gross-Morrison,20837.83,Gary Stone,Lawrence Davis,PO162056,INV873568,20837.83,20837.83,20837.83,none
103374,2024-05-28,12:25:00,2024-05-28 12:25:00,Finance,5200,Travel & Entertainment,"Flores, Hood and Brown",7647.89,Austin Cohen,Jeffrey Hancock,PO453478,INV209248,7647.89,7647.89,7647.89,none
100356,2024-05-28,12:52:00,2024-05-28 12:52:00,Sales,5400,IT & Software,Young Inc,22821.39,Lindsey Lewis,Denise Elliott,PO86173,INV883976,22821.39,22821.39,22821.39,none
102239,2024-05-28,13:06:00,2024-05-28 13:06:00,Marketing,5300,Professional Fees,Smith-Wise,19174.31,Christopher Chung,Patricia Lopez,PO955728,INV546823,19174.31,19174.31,19174.31,none
101166,2024-05-28,13:15:00,2024-05-28 13:15:00,Sales,5300,Professional Fees,"Flores, Hood and Brown",5191.04,Denise Elliott,Thomas Martin,PO11867,INV400273,5191.04,5191.04,5191.04,none
101522,2024-05-28,13:31:00,2024-05-28 13:31:00,HR,5500,Utilities,Rogers Ltd,17690.71,Tanner Avila,Nicole Clarke,PO82325,INV621396,17690.71,17690.71,17690.71,none
100280,2024-05-28,13:54:00,2024-05-28 13:54:00,Finance,5500,Utilities,Rivera-Charles,12555.36,Janice Bush,Sergio Arroyo,PO156911,INV364415,12555.36,12555.36,12555.36,none
104662,2024-05-28,14:26:00,2024-05-28 14:26:00,Operations,5200,Travel & Entertainment,"Cherry, Martin and Compton",21090.88,Alyssa Jackson,Dawn Hall,PO867277,INV978851,21090.88,21090.88,21090.88,none
102955,2024-05-28,14:41:00,2024-05-28 14:41:00,Procurement,5200,Travel & Entertainment,Gomez Ltd,10711.67,Lawrence Davis,Sean Kelly,PO634366,INV285225,10711.67,10711.67,10711.67,none
100612,2024-05-28,14:51:00,2024-05-28 14:51:00,Finance,5200,Travel & Entertainment,Jones Ltd,29774.69,Lindsey Lewis,Austin Cohen,PO397665,INV239383,29774.69,29774.69,29774.69,none
103773,2024-05-28,15:47:00,2024-05-28 15:47:00,IT,5100,Office Supplies,Reyes-Glover,23165.57,Alyssa Jackson,Nicole Chavez,PO408100,INV812742,23165.57,23165.57,23165.57,none
102858,2024-05-28,17:01:00,2024-05-28 17:01:00,IT,6000,Vendor Payments,Galvan Group,12337.51,Christina Miller,Taylor Carroll,PO185063,INV645929,12337.51,12337.51,12337.51,none
100446,2024-05-28,18:17:00,2024-05-28 18:17:00,HR,5400,IT & Software,Hughes-Nichols,21325.77,Elizabeth Boyle,Patricia Perry,PO165431,INV13434,21325.77,21325.77,21325.77,none
101055,2024-05-28,18:42:00,2024-05-28 18:42:00,Finance,5500,Utilities,Stewart-Russell,7097.88,Patricia Perry,Nicole Clarke,PO55548,INV664540,7097.88,7097.88,7097.88,none
100123,2024-05-29,09:14:00,2024-05-29 09:14:00,Procurement,5300,Professional Fees,"Hernandez, Hopkins and Houston",14443.59,Taylor Carroll,Corey Jones,PO496631,INV523418,14443.59,14443.59,14443.59,none
104965,2024-05-29,09:50:00,2024-05-29 09:50:00,Procurement,5200,Travel & Entertainment,Miller LLC,18707.55,Gary Mays,Brittany Jackson,PO575549,INV760130,18707.55,18707.55,18707.55,unusual_amount
101463,2024-05-29,11:13:00,2024-05-29 11:13:00,Sales,5400,IT & Software,Tucker Group,22418.11,Alyssa Jackson,Nicole Clarke,PO954014,INV531759,22418.11,22418.11,22418.11,none
103193,2024-05-29,11:16:00,2024-05-29 11:16:00,Marketing,5100,Office Supplies,Raymond-Lucas,6928.21,Michael Fox,Corey Jones,PO817449,INV627491,6928.21,6928.21,6928.21,none
104182,2024-05-29,11:20:00,2024-05-29 11:20:00,IT,6000,Vendor Payments,"Mills, Crane and Kim",21980.03,Austin Cohen,Joy Hernandez,PO489359,INV425844,21980.03,21980.03,21980.03,none
102399,2024-05-29,12:13:00,2024-05-29 12:13:00,Operations,5400,IT & Software,Nichols LLC,3259.1,Patricia Lopez,Austin Cohen,PO689530,INV279566,3259.1,3259.1,3259.1,none
104798,2024-05-29,12:20:00,2024-05-29 12:20:00,IT,5000,Raw Materials Expense,"Jefferson, Sullivan and Young",6689.24,Thomas Martin,Taylor Carroll,PO740682,INV806094,6689.24,6689.24,6689.24,none
102130,2024-05-29,12:33:00,2024-05-29 12:33:00,Operations,5300,Professional Fees,"Nelson, Duncan and Smith",3833.35,Gerald Freeman,Christina Miller,PO661483,INV269036,3833.35,3833.35,3833.35,none
103338,2024-05-29,13:55:00,2024-05-29 13:55:00,Procurement,5200,Travel & Entertainment,Mora-Lynn,36757.3,Corey Jones,Leslie Robinson,PO953383,INV688141,36757.3,36757.3,36757.3,none
104092,2024-05-29,14:11:00,2024-05-29 14:11:00,IT,5100,Office Supplies,Davidson-Frank,13628.67,Christopher Chung,Mary Harrison,PO609486,INV350344,13628.67,13628.67,13628.67,none
100892,2024-05-29,16:08:00,2024-05-29 16:08:00,Operations,6000,Vendor Payments,Rivera-Charles,5853.11,Tanner Avila,Sean Kelly,PO712939,INV132863,5853.11,5853.11,5853.11,none
101862,2024-05-29,16:31:00,2024-05-29 16:31:00,HR,5500,Utilities,"White, Tucker and Wolf",2562.63,Michael Fox,James Dennis,PO200269,INV106482,2562.63,2562.63,2562.63,none
102214,2024-05-29,17:04:00,2024-05-29 17:04:00,IT,5000,Raw Materials Expense,Gross-Morrison,8328.57,Brittany Jackson,Denise Elliott,PO750155,INV693552,8328.57,8328.57,8328.57,none
104297,2024-05-29,18:01:00,2024-05-29 18:01:00,HR,5400,IT & Software,Rivera-Charles,7186.36,Austin Cohen,Christine Gonzales,PO220438,INV589330,7186.36,7186.36,7186.36,none
104016,2024-05-29,18:29:00,2024-05-29 18:29:00,Procurement,5100,Office Supplies,Willis Group,13150.97,Michael Macdonald,Brittany Jackson,PO944526,INV880202,13150.97,13150.97,13150.97,none
103291,2024-05-29,18:34:00,2024-05-29 18:34:00,Operations,5500,Utilities,"Nelson, Duncan and Smith",7078.89,Sergio Arroyo,Janice Bush,PO881004,INV923351,7078.89,7078.89,7078.89,none
104234,2024-05-29,18:37:00,2024-05-29 18:37:00,IT,5400,IT & Software,Evans Ltd,25491.45,Autumn Reed,Corey Jones,PO222047,INV826523,25491.45,25491.45,25491.45,none
103434,2024-05-29,18:54:00,2024-05-29 18:54:00,HR,5000,Raw Materials Expense,Smith-Parker,4388.54,Donna Weber,Christina Miller,PO52873,INV700132,4388.54,4388.54,4388.54,none
100940,2024-05-30,09:23:00,2024-05-30 09:23:00,Procurement,5400,IT & Software,Ballard-Jenkins,10182.74,Kyle King,Elizabeth Shea,PO1332,INV477734,10182.74,10182.74,10182.74,none
103923,2024-05-30,09:58:00,2024-05-30 09:58:00,Finance,5200,Travel & Entertainment,Harris PLC,14921.8,Corey Jones,Timothy Johnson,PO391503,INV449143,14921.8,14921.8,14921.8,none
100585,2024-05-30,10:30:00,2024-05-30 10:30:00,Sales,6000,Vendor Payments,Schneider-Clark,9434.17,Janice Bush,Patricia Lopez,PO838007,INV97714,9434.17,9434.17,9434.17,none
101380,2024-05-30,10:34:00,2024-05-30 10:34:00,Marketing,5000,Raw Materials Expense,Evans Ltd,22346.49,Jeffrey Hancock,Leslie Robinson,PO315784,INV646077,22346.49,22346.49,22346.49,none
103560,2024-05-30,11:39:00,2024-05-30 11:39:00,Operations,5000,Raw Materials Expense,Mora-Lynn,20061.56,Gerald Freeman,Lindsey Lewis,PO398152,INV231689,20061.56,20061.56,20061.56,none
102911,2024-05-30,11:48:00,2024-05-30 11:48:00,Marketing,5100,Office Supplies,"Mills, Crane and Kim",4248.22,Patricia Lopez,Denise Elliott,PO70502,INV181469,4248.22,4248.22,4248.22,none
103589,2024-05-30,12:25:00,2024-05-30 12:25:00,Marketing,6000,Vendor Payments,"Decker, Eaton and Arnold",21927.57,Leslie Robinson,Gerald Freeman,PO920322,INV174447,21927.57,21927.57,21927.57,none
100955,2024-05-30,13:10:00,2024-05-30 13:10:00,Operations,5400,IT & Software,Scott-Bailey,15775.37,Christopher Chung,Tanner Avila,PO213759,INV523525,15775.37,15775.37,15775.37,none
101897,2024-05-30,13:33:00,2024-05-30 13:33:00,Operations,5000,Raw Materials Expense,Powers Group,33853.66,Austin Cohen,Alyssa Jackson,PO358109,INV626410,33853.66,33853.66,33853.66,none
100268,2024-05-30,14:06:00,2024-05-30 14:06:00,Operations,5400,IT & Software,Mays-Ortega,46159.28,Patricia Lopez,Janice Bush,PO841655,INV783393,46159.28,46159.28,46159.28,none
100736,2024-05-30,14:07:00,2024-05-30 14:07:00,Operations,5400,IT & Software,Jones Inc,7452.03,Janice Bush,Nicole Chavez,PO456275,INV79221,7452.03,7452.03,7452.03,none
100155,2024-05-30,14:23:00,2024-05-30 14:23:00,Finance,5000,Raw Materials Expense,"Brown, Baker and Alvarado",7778.67,Elizabeth Boyle,Lindsey Lewis,PO368683,INV50237,7778.67,7778.67,7778.67,none
101975,2024-05-30,14:26:00,2024-05-30 14:26:00,Marketing,5000,Raw Materials Expense,Galvan Group,10990.9,Gary Stone,Patricia Lopez,PO603317,INV964408,10990.9,10990.9,10990.9,none
100020,2024-05-30,15:10:00,2024-05-30 15:10:00,Finance,6000,Vendor Payments,Willis Group,5621.1,Christopher Chung,Austin Cohen,PO524302,INV588624,5621.1,5621.1,5621.1,none
104038,2024-05-30,15:12:00,2024-05-30 15:12:00,HR,5100,Office Supplies,Mora-Lynn,31239.6,Corey Jones,Joy Hernandez,PO211073,INV153207,31239.6,31239.6,31239.6,none
101218,2024-05-30,15:26:00,2024-05-30 15:26:00,HR,6000,Vendor Payments,Harper-Hernandez,9873.3,Anita Harris,Elizabeth Shea,PO80217,INV394910,9873.3,9873.3,9873.3,none
104724,2024-05-30,16:37:00,2024-05-30 16:37:00,HR,5500,Utilities,"Jefferson, Sullivan and Young",14003.16,Patricia Perry,Elizabeth Shea,PO858403,INV126059,14003.16,14003.16,14003.16,none
101347,2024-05-30,17:32:00,2024-05-30 17:32:00,Finance,5500,Utilities,Rivera-Charles,20378.45,Christine Gonzales,Donald Ferguson,PO321672,INV213844,20378.45,20378.45,20378.45,none
105006,2024-05-30,18:01:00,2024-05-30 18:01:00,IT,6000,Vendor Payments,Mora-Lynn,23617.9,Lindsey Lewis,Patricia Lopez,PO562912,INV267176,23617.9,23617.9,23617.9,duplicate_payment
102682,2024-05-30,18:04:00,2024-05-30 18:04:00,HR,5000,Raw Materials Expense,Davidson-Frank,19422.2,Gary Stone,Donald Ferguson,PO581625,INV124800,19422.2,19422.2,19422.2,none
102806,2024-05-30,18:12:00,2024-05-30 18:12:00,HR,5500,Utilities,Scott-Bailey,14264.31,Gary Mays,Donna Weber,PO543914,INV387413,14264.31,14264.31,14264.31,none
101441,2024-05-30,18:12:00,2024-05-30 18:12:00,Operations,5500,Utilities,"Durham, Bowen and Hess",13187.96,Jeffrey Hancock,Kyle King,PO163449,INV51018,13187.96,13187.96,13187.96,none
100543,2024-05-30,18:30:00,2024-05-30 18:30:00,Procurement,5200,Travel & Entertainment,Rogers Ltd,17809.88,Tanner Avila,Donald Ferguson,PO540945,INV72949,17809.88,17809.88,17809.88,none
100874,2024-05-30,18:58:00,2024-05-30 18:58:00,Marketing,5200,Travel & Entertainment,Jones Ltd,12825.46,Gerald Freeman,Alyssa Jackson,PO921670,INV619480,12825.46,12825.46,12825.46,none
103729,2024-05-31,09:21:00,2024-05-31 09:21:00,IT,5300,Professional Fees,"Morton, Reynolds and Anderson",17563.55,Gerald Freeman,Elizabeth Shea,PO681985,INV130059,17563.55,17563.55,17563.55,none
104488,2024-05-31,10:05:00,2024-05-31 10:05:00,HR,5200,Travel & Entertainment,Lopez Ltd,8327.38,Corey Jones,Leslie Robinson,PO502409,INV422366,8327.38,8327.38,8327.38,none
104050,2024-05-31,11:54:00,2024-05-31 11:54:00,Operations,5100,Office Supplies,Humphrey-Berg,8549.64,Dawn Hall,Joy Hernandez,PO316446,INV424763,8549.64,8549.64,8549.64,none
103307,2024-05-31,13:16:00,2024-05-31 13:16:00,Finance,5500,Utilities,"Mills, Crane and Kim",20194.26,Lindsey Lewis,Lawrence Davis,PO286601,INV194667,20194.26,20194.26,20194.26,none
101547,2024-05-31,13:35:00,2024-05-31 13:35:00,IT,5400,IT & Software,Murphy Inc,13205.55,Michael Fox,James Dennis,PO439291,INV981675,13205.55,13205.55,13205.55,none
101937,2024-05-31,13:44:00,2024-05-31 13:44:00,Sales,6000,Vendor Payments,Raymond-Lucas,17454.9,Gary Stone,Leslie Robinson,PO452260,INV885576,17454.9,17454.9,17454.9,none
100338,2024-05-31,14:39:00,2024-05-31 14:39:00,IT,5400,IT & Software,"Robles, Moses and Morgan",53721.46,Michael Fox,Austin Cohen,PO383749,INV440064,53721.46,53721.46,53721.46,none
104989,2024-06-01,16:55:00,2024-06-01 16:55:00,HR,5000,Raw Materials Expense,"Silva, Jones and Oliver",12806.37,Elizabeth Boyle,Elizabeth Shea,PO256189,INV582298,12806.37,12806.37,12806.37,weekend_posting
103579,2024-06-03,09:26:00,2024-06-03 09:26:00,IT,5000,Raw Materials Expense,Ballard-Jenkins,21260.43,Sergio Arroyo,Tanner Avila,PO318040,INV712004,21260.43,21260.43,21260.43,none
101242,2024-06-03,10:02:00,2024-06-03 10:02:00,Marketing,6000,Vendor Payments,Willis Group,2353.88,Kyle King,Leslie Robinson,PO708567,INV393992,2353.88,2353.88,2353.88,none
100253,2024-06-03,10:03:00,2024-06-03 10:03:00,Operations,5000,Raw Materials Expense,Miller LLC,22701.85,Patricia Perry,Lawrence Davis,PO157616,INV986992,22701.85,22701.85,22701.85,none
103289,2024-06-03,10:26:00,2024-06-03 10:26:00,HR,5100,Office Supplies,Stevens-Gibson,12601.59,Taylor Carroll,Christina Miller,PO720274,INV92558,12601.59,12601.59,12601.59,none
104617,2024-06-03,10:34:00,2024-06-03 10:34:00,Operations,6000,Vendor Payments,Scott-Bailey,31229.41,Tanner Avila,Joy Hernandez,PO257026,INV125492,31229.41,31229.41,31229.41,none
101149,2024-06-03,10:59:00,2024-06-03 10:59:00,Operations,5300,Professional Fees,Rogers Ltd,18286.27,Kyle King,Michael Rivas,PO876870,INV72685,18286.27,18286.27,18286.27,none
102330,2024-06-03,11:16:00,2024-06-03 11:16:00,IT,5000,Raw Materials Expense,"Morton, Reynolds and Anderson",20471.06,Donna Weber,Elizabeth Shea,PO707933,INV143977,20471.06,20471.06,20471.06,none
103970,2024-06-03,11:21:00,2024-06-03 11:21:00,Operations,5500,Utilities,Nichols LLC,26913.7,Elizabeth Boyle,Alyssa Jackson,PO567106,INV389555,26913.7,26913.7,26913.7,none
104683,2024-06-03,11:23:00,2024-06-03 11:23:00,Procurement,5200,Travel & Entertainment,"Decker, Eaton and Arnold",10919.32,Alyssa Jackson,Michael Macdonald,PO142532,INV305325,10919.32,10919.32,10919.32,none
103194,2024-06-03,12:42:00,2024-06-03 12:42:00,Operations,5100,Office Supplies,Willis Group,19068.45,Jeffrey Hancock,Thomas Martin,PO987942,INV249458,19068.45,19068.45,19068.45,none
100210,2024-06-03,12:49:00,2024-06-03 12:49:00,Operations,5400,IT & Software,Gomez Ltd,11068.76,Autumn Reed,James Dennis,PO627568,INV488548,11068.76,11068.76,11068.76,none
102489,2024-06-03,12:57:00,2024-06-03 12:57:00,Procurement,5500,Utilities,Schneider-Clark,21845.74,Janice Bush,Taylor Carroll,PO479177,INV254256,21845.74,21845.74,21845.74,none
101007,2024-06-03,14:26:00,2024-06-03 14:26:00,Sales,5500,Utilities,Francis-Burke,15056.95,Mary Harrison,Donald Ferguson,PO782780,INV956870,15056.95,15056.95,15056.95,none
101717,2024-06-03,14:57:00,2024-06-03 14:57:00,IT,5300,Professional Fees,Murphy Inc,7784.03,Dawn Hall,Corey Jones,PO577286,INV577497,7784.03,7784.03,7784.03,none
100070,2024-06-03,15:35:00,2024-06-03 15:35:00,IT,5300,Professional Fees,Hopkins Inc,58883.98,Patricia Lopez,Timothy Johnson,PO685133,INV890812,58883.98,58883.98,58883.98,none
104737,2024-06-03,16:46:00,2024-06-03 16:46:00,Marketing,5100,Office Supplies,Hughes-Nichols,10246.1,Tanner Avila,Gerald Freeman,PO935210,INV913480,10246.1,10246.1,10246.1,none
101538,2024-06-03,16:48:00,2024-06-03 16:48:00,Procurement,5000,Raw Materials Expense,Galvan Group,24227.09,Mary Harrison,Christopher Chung,PO730991,INV654250,24227.09,24227.09,24227.09,none
104656,2024-06-03,17:17:00,2024-06-03 17:17:00,Finance,6000,Vendor Payments,"Duncan, Graham and Stark",5386.96,Austin Cohen,Autumn Reed,PO390498,INV981448,5386.96,5386.96,5386.96,none
101912,2024-06-03,17:48:00,2024-06-03 17:48:00,HR,6000,Vendor Payments,"Hernandez, Hopkins and Houston",5024.12,Tanner Avila,Nicole Clarke,PO996889,INV497096,5024.12,5024.12,5024.12,none
103680,2024-06-03,18:44:00,2024-06-03 18:44:00,Procurement,5500,Utilities,Miller LLC,8958.85,Lawrence Davis,Christopher Chung,PO758167,INV464167,8958.85,8958.85,8958.85,none
100099,2024-06-03,18:51:00,2024-06-03 18:51:00,IT,6000,Vendor Payments,"Martin, Brewer and Young",6087.69,Lawrence Davis,Jeffrey Hancock,PO622803,INV814893,6087.69,6087.69,6087.69,none
104643,2024-06-04,09:58:00,2024-06-04 09:58:00,Marketing,5500,Utilities,Stewart-Russell,9051.32,Christine Gonzales,Austin Cohen,PO317261,INV937069,9051.32,9051.32,9051.32,none
104648,2024-06-04,10:08:00,2024-06-04 10:08:00,Operations,5400,IT & Software,"Hernandez, Hopkins and Houston",7188.42,Lindsey Lewis,Timothy Johnson,PO369763,INV919059,7188.42,7188.42,7188.42,none
104494,2024-06-04,10:50:00,2024-06-04 10:50:00,Marketing,5500,Utilities,Mora-Lynn,9272.73,Lawrence Davis,Elizabeth Boyle,PO871871,INV28781,9272.73,9272.73,9272.73,none
102079,2024-06-04,11:27:00,2024-06-04 11:27:00,Marketing,5200,Travel & Entertainment,"Robles, Moses and Morgan",16907.92,James Dennis,Gary Mays,PO987010,INV690820,16907.92,16907.92,16907.92,none
101221,2024-06-04,12:13:00,2024-06-04 12:13:00,HR,5300,Professional Fees,Jones Inc,19198.9,Michael Macdonald,Christina Miller,PO654243,INV573247,19198.9,19198.9,19198.9,none
102352,2024-06-04,12:34:00,2024-06-04 12:34:00,Procurement,5500,Utilities,"Morton, Reynolds and Anderson",12908.45,Lawrence Davis,Michael Macdonald,PO462621,INV312406,12908.45,12908.45,12908.45,none
102779,2024-06-04,12:35:00,2024-06-04 12:35:00,Finance,5500,Utilities,"Durham, Bowen and Hess",13983.74,Timothy Johnson,Nicole Chavez,PO842207,INV103350,13983.74,13983.74,13983.74,none
101259,2024-06-04,13:31:00,2024-06-04 13:31:00,Sales,5000,Raw Materials Expense,Humphrey-Berg,9942.74,Michael Fox,Brittany Jackson,PO247777,INV882796,9942.74,9942.74,9942.74,none
101993,2024-06-04,13:48:00,2024-06-04 13:48:00,Finance,5000,Raw Materials Expense,Young Inc,17615.06,Joy Hernandez,Dawn Hall,PO978799,INV562968,17615.06,17615.06,17615.06,none
102760,2024-06-04,13:54:00,2024-06-04 13:54:00,IT,5300,Professional Fees,Larson PLC,12682.46,Patricia Lopez,Jeffrey Hancock,PO304667,INV454693,12682.46,12682.46,12682.46,none
101068,2024-06-04,16:35:00,2024-06-04 16:35:00,HR,5300,Professional Fees,"Brown, Baker and Alvarado",15364.8,Michael Fox,Taylor Carroll,PO670599,INV25384,15364.8,15364.8,15364.8,none
101462,2024-06-04,16:41:00,2024-06-04 16:41:00,Procurement,5100,Office Supplies,"Yang, Weber and Nielsen",34213.47,Timothy Johnson,Lindsey Lewis,PO431483,INV306412,34213.47,34213.47,34213.47,none
100862,2024-06-04,16:47:00,2024-06-04 16:47:00,Procurement,6000,Vendor Payments,"Yang, Weber and Nielsen",36966.36,Michael Macdonald,Tanner Avila,PO42938,INV797874,36966.36,36966.36,36966.36,none
103484,2024-06-04,17:36:00,2024-06-04 17:36:00,Procurement,5300,Professional Fees,"Robles, Moses and Morgan",8652.23,Jeffrey Hancock,Joy Hernandez,PO731189,INV667368,8652.23,8652.23,8652.23,none
100491,2024-06-04,18:15:00,2024-06-04 18:15:00,Procurement,5200,Travel & Entertainment,Raymond-Lucas,21496.69,Patricia Perry,Timothy Johnson,PO124562,INV458236,21496.69,21496.69,21496.69,none
101280,2024-06-04,18:26:00,2024-06-04 18:26:00,Procurement,5100,Office Supplies,Torres-Mendoza,7106.53,Janice Bush,Elizabeth Shea,PO721861,INV635202,7106.53,7106.53,7106.53,none
101107,2024-06-04,18:39:00,2024-06-04 18:39:00,Operations,5400,IT & Software,Hopkins Inc,19865.48,Elizabeth Boyle,Denise Elliott,PO653423,INV545352,19865.48,19865.48,19865.48,none
101728,2024-06-05,09:27:00,2024-06-05 09:27:00,Finance,6000,Vendor Payments,"Nelson, Duncan and Smith",39279.12,Austin Cohen,Lindsey Lewis,PO314782,INV932047,39279.12,39279.12,39279.12,none
104076,2024-06-05,09:34:00,2024-06-05 09:34:00,Operations,6000,Vendor Payments,Humphrey-Berg,31954.63,Timothy Johnson,Sean Kelly,PO905805,INV819387,31954.63,31954.63,31954.63,none
104756,2024-06-05,10:05:00,2024-06-05 10:05:00,Sales,5100,Office Supplies,White-Thomas,31806.41,Michael Fox,Christine Gonzales,PO661041,INV239430,31806.41,31806.41,31806.41,none
104678,2024-06-05,10:08:00,2024-06-05 10:08:00,Operations,5200,Travel & Entertainment,Miller LLC,20163.34,Elizabeth Shea,Mary Harrison,PO760753,INV896643,20163.34,20163.34,20163.34,none
101028,2024-06-05,11:45:00,2024-06-05 11:45:00,Sales,5500,Utilities,Reyes-Glover,26298.6,Thomas Martin,Nicole Clarke,PO209644,INV720386,26298.6,26298.6,26298.6,none
101591,2024-06-05,12:27:00,2024-06-05 12:27:00,Marketing,5200,Travel & Entertainment,Becker-Martinez,10900.26,Sean Kelly,Christina Miller,PO289123,INV16539,10900.26,10900.26,10900.26,none
103391,2024-06-05,12:37:00,2024-06-05 12:37:00,IT,6000,Vendor Payments,Harper-Hernandez,13662.95,Donna Weber,Gary Mays,PO461523,INV457116,13662.95,13662.95,13662.95,none
103725,2024-06-05,12:54:00,2024-06-05 12:54:00,Operations,5100,Office Supplies,Harper-Hernandez,42046.91,Mary Harrison,Nicole Chavez,PO111668,INV41366,42046.91,42046.91,42046.91,none
100575,2024-06-05,13:27:00,2024-06-05 13:27:00,Marketing,5000,Raw Materials Expense,"Gardner, Perry and Cruz",25844.2,Michael Rivas,Mary Harrison,PO447365,INV124367,25844.2,25844.2,25844.2,none
103161,2024-06-05,13:34:00,2024-06-05 13:34:00,Procurement,5000,Raw Materials Expense,Tucker Group,24783.34,Michael Macdonald,Sean Kelly,PO495830,INV59474,24783.34,24783.34,24783.34,none
102484,2024-06-05,13:41:00,2024-06-05 13:41:00,Operations,6000,Vendor Payments,"Hernandez, Hopkins and Houston",4174.93,Christine Gonzales,Joy Hernandez,PO134369,INV190442,4174.93,4174.93,4174.93,none
100852,2024-06-05,14:31:00,2024-06-05 14:31:00,HR,5500,Utilities,"Jefferson, Sullivan and Young",26333.4,Donna Weber,Michael Rivas,PO138711,INV963178,26333.4,26333.4,26333.4,none
101155,2024-06-05,14:36:00,2024-06-05 14:36:00,IT,5100,Office Supplies,Rogers Ltd,14770.11,Kyle King,Leslie Robinson,PO169709,INV501713,14770.11,14770.11,14770.11,none
101905,2024-06-05,14:39:00,2024-06-05 14:39:00,Finance,6000,Vendor Payments,Becker-Martinez,37890.73,Tanner Avila,Taylor Carroll,PO515085,INV407655,37890.73,37890.73,37890.73,none
102051,2024-06-05,14:46:00,2024-06-05 14:46:00,Marketing,6000,Vendor Payments,"Morton, Reynolds and Anderson",18710.13,Dawn Hall,Denise Elliott,PO438424,INV580747,18710.13,18710.13,18710.13,none
104264,2024-06-05,14:51:00,2024-06-05 14:51:00,Finance,6000,Vendor Payments,Galvan Group,19955.49,Donna Weber,Dawn Hall,PO953172,INV691024,19955.49,19955.49,19955.49,none
102564,2024-06-05,15:16:00,2024-06-05 15:16:00,Procurement,5300,Professional Fees,Raymond-Lucas,11635.92,Patricia Lopez,Jeffrey Hancock,PO522236,INV751983,11635.92,11635.92,11635.92,none
102093,2024-06-05,15:40:00,2024-06-05 15:40:00,Procurement,6000,Vendor Payments,Hughes-Nichols,12340.31,Thomas Martin,Christina Miller,PO323446,INV484412,12340.31,12340.31,12340.31,none
101499,2024-06-05,15:49:00,2024-06-05 15:49:00,IT,6000,Vendor Payments,"Gardner, Perry and Cruz",34752.98,Michael Fox,Donald Ferguson,PO431792,INV439733,34752.98,34752.98,34752.98,none
101342,2024-06-05,15:56:00,2024-06-05 15:56:00,Sales,5300,Professional Fees,"Silva, Jones and Oliver",24369.76,Lawrence Davis,Michael Macdonald,PO444220,INV164802,24369.76,24369.76,24369.76,none
101411,2024-06-05,16:18:00,2024-06-05 16:18:00,HR,5500,Utilities,"White, Tucker and Wolf",26664.03,Michael Rivas,Kyle King,PO365276,INV784517,26664.03,26664.03,26664.03,none
103653,2024-06-05,16:54:00,2024-06-05 16:54:00,Procurement,5200,Travel & Entertainment,Hopkins Inc,15868.5,Tanner Avila,Lindsey Lewis,PO758074,INV615590,15868.5,15868.5,15868.5,none
100209,2024-06-06,09:14:00,2024-06-06 09:14:00,IT,5500,Utilities,"Nelson, Duncan and Smith",13643.04,Nicole Clarke,Sergio Arroyo,PO567682,INV83721,13643.04,13643.04,13643.04,none
101057,2024-06-06,09:25:00,2024-06-06 09:25:00,Operations,5000,Raw Materials Expense,Tucker Group,20308.55,Janice Bush,Austin Cohen,PO668574,INV564340,20308.55,20308.55,20308.55,none
101146,2024-06-06,09:41:00,2024-06-06 09:41:00,Marketing,5100,Office Supplies,Humphrey-Berg,7035.7,Corey Jones,Dawn Hall,PO6307,INV607664,7035.7,7035.7,7035.7,none
101954,2024-06-06,10:11:00,2024-06-06 10:11:00,IT,5100,Office Supplies,Raymond-Lucas,4693.87,Patricia Lopez,Elizabeth Boyle,PO142437,INV748887,4693.87,4693.87,4693.87,none
102742,2024-06-06,10:20:00,2024-06-06 10:20:00,Procurement,5000,Raw Materials Expense,Harper-Hernandez,13308.25,Dawn Hall,Gary Mays,PO478599,INV928155,13308.25,13308.25,13308.25,none
100337,2024-06-06,11:25:00,2024-06-06 11:25:00,Sales,5000,Raw Materials Expense,Schneider-Clark,21494.6,Austin Cohen,Corey Jones,PO694830,INV990616,21494.6,21494.6,21494.6,none
103660,2024-06-06,14:02:00,2024-06-06 14:02:00,IT,5100,Office Supplies,Smith-Parker,1266.19,Austin Cohen,Autumn Reed,PO831931,INV296125,1266.19,1266.19,1266.19,none
102906,2024-06-06,14:14:00,2024-06-06 14:14:00,Operations,5200,Travel & Entertainment,Galvan Group,47530.55,Thomas Martin,Timothy Johnson,PO895161,INV357130,47530.55,47530.55,47530.55,none
100056,2024-06-06,14:57:00,2024-06-06 14:57:00,HR,5100,Office Supplies,Mora-Lynn,26548.11,Elizabeth Shea,Donna Weber,PO470578,INV103931,26548.11,26548.11,26548.11,none
100935,2024-06-06,15:04:00,2024-06-06 15:04:00,Operations,5200,Travel & Entertainment,Larson PLC,12650.72,Jeffrey Hancock,Anita Harris,PO534468,INV709114,12650.72,12650.72,12650.72,none
102052,2024-06-06,15:36:00,2024-06-06 15:36:00,Finance,6000,Vendor Payments,Pearson PLC,14244.9,Elizabeth Boyle,Anita Harris,PO587548,INV250604,14244.9,14244.9,14244.9,none
101422,2024-06-06,15:48:00,2024-06-06 15:48:00,IT,5200,Travel & Entertainment,Ballard-Jenkins,18275.62,Sergio Arroyo,Brittany Jackson,PO543844,INV391075,18275.62,18275.62,18275.62,none
103287,2024-06-06,16:16:00,2024-06-06 16:16:00,Procurement,5400,IT & Software,"Flores, Hood and Brown",7717.42,Taylor Carroll,Anita Harris,PO441144,INV921975,7717.42,7717.42,7717.42,none
104292,2024-06-06,17:22:00,2024-06-06 17:22:00,Marketing,5400,IT & Software,Becker-Martinez,9703.21,Janice Bush,Joy Hernandez,PO563214,INV827219,9703.21,9703.21,9703.21,none
102824,2024-06-06,18:04:00,2024-06-06 18:04:00,Marketing,5500,Utilities,"Hernandez, Hopkins and Houston",16026.31,Dawn Hall,Alyssa Jackson,PO279608,INV295686,16026.31,16026.31,16026.31,none
101414,2024-06-06,18:04:00,2024-06-06 18:04:00,Operations,5300,Professional Fees,Gross-Morrison,4601.64,Dawn Hall,Kyle King,PO4116,INV166005,4601.64,4601.64,4601.64,none
104034,2024-06-07,09:08:00,2024-06-07 09:08:00,Sales,6000,Vendor Payments,Stewart-Russell,6101.49,Jeffrey Hancock,Taylor Carroll,PO760654,INV386592,6101.49,6101.49,6101.49,none
101935,2024-06-07,09:24:00,2024-06-07 09:24:00,IT,5500,Utilities,White-Thomas,14305.87,Leslie Robinson,Elizabeth Shea,PO943808,INV803125,14305.87,14305.87,14305.87,none
102923,2024-06-07,11:07:00,2024-06-07 11:07:00,IT,5100,Office Supplies,Humphrey-Berg,3581.72,Michael Rivas,Joy Hernandez,PO738212,INV898899,3581.72,3581.72,3581.72,none
101597,2024-06-07,12:35:00,2024-06-07 12:35:00,HR,5000,Raw Materials Expense,Rivera-Charles,8057.34,Gary Mays,Mary Harrison,PO1928,INV617927,8057.34,8057.34,8057.34,none
104963,2024-06-07,13:53:00,2024-06-07 13:53:00,Marketing,5400,IT & Software,Mora-Lynn,8623.59,Elizabeth Boyle,Gerald Freeman,PO638613,INV226287,8623.59,8623.59,8623.59,unusual_amount
104925,2024-06-07,13:59:00,2024-06-07 13:59:00,Operations,5200,Travel & Entertainment,Rivera-Charles,12387.8,Leslie Robinson,Leslie Robinson,PO83826,INV101794,12387.8,12387.8,12387.8,segregation_violation
102485,2024-06-07,14:13:00,2024-06-07 14:13:00,IT,6000,Vendor Payments,Gross-Morrison,11742.4,Michael Macdonald,Lawrence Davis,PO541111,INV906223,11742.4,11742.4,11742.4,none
104311,2024-06-07,14:56:00,2024-06-07 14:56:00,Operations,5400,IT & Software,Davidson-Frank,11932.04,Donna Weber,James Dennis,PO719631,INV724507,11932.04,11932.04,11932.04,none
102560,2024-06-07,15:01:00,2024-06-07 15:01:00,Finance,5500,Utilities,Jones Inc,3395.85,Gary Stone,Sergio Arroyo,PO379887,INV139472,3395.85,3395.85,3395.85,none
104475,2024-06-07,16:30:00,2024-06-07 16:30:00,Finance,5000,Raw Materials Expense,Galvan Group,12250.57,Michael Macdonald,Tanner Avila,PO933454,INV238710,12250.57,12250.57,12250.57,none
101136,2024-06-07,16:31:00,2024-06-07 16:31:00,Procurement,5100,Office Supplies,Raymond-Lucas,9237.3,Thomas Martin,Michael Rivas,PO589237,INV799487,9237.3,9237.3,9237.3,none
100859,2024-06-07,17:58:00,2024-06-07 17:58:00,HR,5500,Utilities,Stevens-Gibson,11628.34,Leslie Robinson,Elizabeth Shea,PO179355,INV317996,11628.34,11628.34,11628.34,none
104830,2024-06-07,18:12:00,2024-06-07 18:12:00,Operations,5300,Professional Fees,Torres-Mendoza,105282.66,James Dennis,Leslie Robinson,PO287183,INV119305,105282.66,105282.66,105282.66,unusual_amount
104690,2024-06-07,18:23:00,2024-06-07 18:23:00,Marketing,5500,Utilities,Rivera-Charles,6365.81,Michael Rivas,Gerald Freeman,PO186801,INV660242,6365.81,6365.81,6365.81,none
101262,2024-06-07,18:28:00,2024-06-07 18:28:00,Marketing,5000,Raw Materials Expense,Harris PLC,5548.63,Corey Jones,Timothy Johnson,PO16183,INV426608,5548.63,5548.63,5548.63,none
100389,2024-06-10,09:13:00,2024-06-10 09:13:00,Finance,5400,IT & Software,Smith-Parker,26019.64,Donna Weber,Leslie Robinson,PO572435,INV452553,26019.64,26019.64,26019.64,none
101304,2024-06-10,09:25:00,2024-06-10 09:25:00,Procurement,5500,Utilities,"Gardner, Perry and Cruz",14354.03,Lindsey Lewis,Patricia Perry,PO152085,INV926837,14354.03,14354.03,14354.03,none
103425,2024-06-10,10:14:00,2024-06-10 10:14:00,Procurement,5100,Office Supplies,Hopkins Inc,8904.26,Patricia Lopez,Tanner Avila,PO646418,INV861670,8904.26,8904.26,8904.26,none
100627,2024-06-10,10:31:00,2024-06-10 10:31:00,HR,5300,Professional Fees,Reyes-Glover,22921.63,Nicole Clarke,Alyssa Jackson,PO900672,INV475810,22921.63,22921.63,22921.63,none
103745,2024-06-10,10:59:00,2024-06-10 10:59:00,IT,5400,IT & Software,Harris PLC,39177.48,Elizabeth Shea,Lawrence Davis,PO226932,INV785443,39177.48,39177.48,39177.48,none
103602,2024-06-10,11:17:00,2024-06-10 11:17:00,Sales,5500,Utilities,Pearson PLC,40061.67,Sergio Arroyo,Gary Stone,PO418569,INV934815,40061.67,40061.67,40061.67,none
104920,2024-06-10,12:10:00,2024-06-10 12:10:00,Sales,5000,Raw Materials Expense,Torres-Mendoza,21412.16,Elizabeth Shea,Elizabeth Shea,PO588266,INV105351,21412.16,21412.16,21412.16,segregation_violation
103206,2024-06-10,12:57:00,2024-06-10 12:57:00,Marketing,5300,Professional Fees,Davidson-Frank,8188.34,Mary Harrison,Christine Gonzales,PO270439,INV208814,8188.34,8188.34,8188.34,none
100263,2024-06-10,13:32:00,2024-06-10 13:32:00,Sales,5000,Raw Materials Expense,"Flores, Hood and Brown",26330.78,Leslie Robinson,Donna Weber,PO58489,INV643092,26330.78,26330.78,26330.78,none
104939,2024-06-10,13:39:00,2024-06-10 13:39:00,IT,5200,Travel & Entertainment,"White, Tucker and Wolf",20139.75,Anita Harris,Sean Kelly,PO463816,INV254237,20139.75,20139.75,20139.75,duplicate_payment
104268,2024-06-10,13:40:00,2024-06-10 13:40:00,Sales,5500,Utilities,Francis-Burke,7096.03,Denise Elliott,Taylor Carroll,PO976942,INV591702,7096.03,7096.03,7096.03,none
103799,2024-06-10,15:03:00,2024-06-10 15:03:00,IT,5500,Utilities,Reyes-Glover,4197.96,Tanner Avila,Christina Miller,PO312328,INV561738,4197.96,4197.96,4197.96,none
100684,2024-06-10,15:10:00,2024-06-10 15:10:00,HR,5100,Office Supplies,Smith-Parker,7817.91,Sean Kelly,Dawn Hall,PO576048,INV468816,7817.91,7817.91,7817.91,none
104814,2024-06-10,15:42:00,2024-06-10 15:42:00,Marketing,5500,Utilities,"Mills, Crane and Kim",11511.66,Jeffrey Hancock,Mary Harrison,PO308529,INV457883,11511.66,12416.51,12416.51,three_way_mismatch
103311,2024-06-10,15:49:00,2024-06-10 15:49:00,HR,5300,Professional Fees,"Silva, Jones and Oliver",29632.23,Corey Jones,Elizabeth Shea,PO999292,INV456015,29632.23,29632.23,29632.23,none
104820,2024-06-10,16:08:00,2024-06-10 16:08:00,Sales,5000,Raw Materials Expense,Murphy Inc,11212.99,Christine Gonzales,Christine Gonzales,PO34904,INV779618,11212.99,11212.99,11212.99,segregation_violation
103835,2024-06-10,18:31:00,2024-06-10 18:31:00,Procurement,5200,Travel & Entertainment,Smith-Parker,26413.73,Alyssa Jackson,Gary Stone,PO123728,INV836515,26413.73,26413.73,26413.73,none
104309,2024-06-11,09:00:00,2024-06-11 09:00:00,Marketing,5100,Office Supplies,Gomez Ltd,13234.89,Michael Rivas,Patricia Perry,PO828763,INV280497,13234.89,13234.89,13234.89,none
103872,2024-06-11,09:29:00,2024-06-11 09:29:00,Operations,5400,IT & Software,Cowan-Powers,38288.28,Joy Hernandez,Autumn Reed,PO273683,INV520441,38288.28,38288.28,38288.28,none
102758,2024-06-11,10:13:00,2024-06-11 10:13:00,Sales,5100,Office Supplies,Willis Group,15923.02,Austin Cohen,Christopher Chung,PO952181,INV374811,15923.02,15923.02,15923.02,none
100471,2024-06-11,11:24:00,2024-06-11 11:24:00,HR,5000,Raw Materials Expense,Nichols LLC,9741.17,Autumn Reed,Brittany Jackson,PO962281,INV215901,9741.17,9741.17,9741.17,none
100861,2024-06-11,11:46:00,2024-06-11 11:46:00,HR,5400,IT & Software,Scott-Bailey,44304.57,Austin Cohen,Leslie Robinson,PO132560,INV806065,44304.57,44304.57,44304.57,none
103737,2024-06-11,12:04:00,2024-06-11 12:04:00,Marketing,5200,Travel & Entertainment,Francis-Burke,7381.5,Michael Rivas,Austin Cohen,PO610777,INV749175,7381.5,7381.5,7381.5,none
103103,2024-06-11,13:13:00,2024-06-11 13:13:00,Marketing,5100,Office Supplies,Harris PLC,21870.74,Austin Cohen,Elizabeth Boyle,PO148353,INV453789,21870.74,21870.74,21870.74,none
100397,2024-06-11,14:06:00,2024-06-11 14:06:00,IT,6000,Vendor Payments,"Martin, Brewer and Young",10441.95,Denise Elliott,Kyle King,PO193959,INV346139,10441.95,10441.95,10441.95,none
101682,2024-06-11,14:25:00,2024-06-11 14:25:00,Marketing,6000,Vendor Payments,Harris PLC,8124.96,Michael Fox,Gary Stone,PO580120,INV472238,8124.96,8124.96,8124.96,none
100942,2024-06-11,15:25:00,2024-06-11 15:25:00,Procurement,5100,Office Supplies,Mora-Lynn,30768.54,Timothy Johnson,Kyle King,PO382520,INV520670,30768.54,30768.54,30768.54,none
100499,2024-06-11,16:17:00,2024-06-11 16:17:00,Marketing,5200,Travel & Entertainment,"Robles, Moses and Morgan",7171.2,Kyle King,Elizabeth Boyle,PO386554,INV596520,7171.2,7171.2,7171.2,none
100147,2024-06-11,16:45:00,2024-06-11 16:45:00,Operations,5100,Office Supplies,"Durham, Bowen and Hess",24922.5,Michael Macdonald,Donna Weber,PO205377,INV586081,24922.5,24922.5,24922.5,none
100152,2024-06-11,16:55:00,2024-06-11 16:55:00,Finance,6000,Vendor Payments,Hopkins Inc,49953.81,Sergio Arroyo,Brittany Jackson,PO224303,INV124880,49953.81,49953.81,49953.81,none
102724,2024-06-11,17:00:00,2024-06-11 17:00:00,Sales,5300,Professional Fees,Pearson PLC,4452.61,Donna Weber,Janice Bush,PO820403,INV169140,4452.61,4452.61,4452.61,none
101647,2024-06-11,17:10:00,2024-06-11 17:10:00,IT,5300,Professional Fees,Scott-Bailey,8767.66,Patricia Lopez,Michael Macdonald,PO967307,INV682063,8767.66,8767.66,8767.66,none
104460,2024-06-11,17:13:00,2024-06-11 17:13:00,Finance,5000,Raw Materials Expense,Reyes-Glover,5660.89,Janice Bush,Jeffrey Hancock,PO154661,INV184881,5660.89,5660.89,5660.89,none
103018,2024-06-12,10:21:00,2024-06-12 10:21:00,Marketing,5300,Professional Fees,Torres-Mendoza,40323.39,Lindsey Lewis,Jeffrey Hancock,PO238748,INV82871,40323.39,40323.39,40323.39,none
101865,2024-06-12,10:22:00,2024-06-12 10:22:00,IT,5300,Professional Fees,"Mills, Crane and Kim",15754.67,Patricia Lopez,Corey Jones,PO634267,INV827182,15754.67,15754.67,15754.67,none
104209,2024-06-12,10:37:00,2024-06-12 10:37:00,Finance,5500,Utilities,Pearson PLC,22510.79,Brittany Jackson,Thomas Martin,PO299364,INV298813,22510.79,22510.79,22510.79,none
102249,2024-06-12,11:03:00,2024-06-12 11:03:00,Finance,5400,IT & Software,White-Thomas,3423.38,Thomas Martin,Christina Miller,PO595972,INV489632,3423.38,3423.38,3423.38,none
101573,2024-06-12,11:24:00,2024-06-12 11:24:00,Finance,6000,Vendor Payments,Becker-Martinez,10394.97,Nicole Chavez,Autumn Reed,PO309960,INV614197,10394.97,10394.97,10394.97,none
100308,2024-06-12,11:25:00,2024-06-12 11:25:00,Sales,5400,IT & Software,White-Thomas,14336.14,Christina Miller,Elizabeth Shea,PO830984,INV921968,14336.14,14336.14,14336.14,none
101966,2024-06-12,11:36:00,2024-06-12 11:36:00,IT,5500,Utilities,Jones Inc,13502.71,Kyle King,Autumn Reed,PO918055,INV221708,13502.71,13502.71,13502.71,none
101690,2024-06-12,11:48:00,2024-06-12 11:48:00,Sales,5400,IT & Software,Jones Ltd,10653.3,Austin Cohen,Denise Elliott,PO610591,INV977004,10653.3,10653.3,10653.3,none
104177,2024-06-12,11:55:00,2024-06-12 11:55:00,IT,5200,Travel & Entertainment,Stevens-Gibson,7593.04,Lindsey Lewis,Patricia Lopez,PO253427,INV852873,7593.04,7593.04,7593.04,none
103754,2024-06-12,13:07:00,2024-06-12 13:07:00,Procurement,5400,IT & Software,"Decker, Eaton and Arnold",9939.15,Autumn Reed,Elizabeth Boyle,PO403803,INV418175,9939.15,9939.15,9939.15,none
104200,2024-06-12,13:32:00,2024-06-12 13:32:00,Marketing,5400,IT & Software,Becker-Martinez,36001.17,Gary Mays,Lawrence Davis,PO863747,INV92590,36001.17,36001.17,36001.17,none
104967,2024-06-12,14:31:00,2024-06-12 14:31:00,Operations,5400,IT & Software,"Mills, Crane and Kim",15877.93,Brittany Jackson,Donald Ferguson,PO941409,INV594139,15877.93,15877.93,15877.93,duplicate_payment
101999,2024-06-12,14:40:00,2024-06-12 14:40:00,Marketing,5100,Office Supplies,Harris PLC,14187.86,Taylor Carroll,Gary Stone,PO489192,INV964068,14187.86,14187.86,14187.86,none
101452,2024-06-12,14:51:00,2024-06-12 14:51:00,Procurement,5400,IT & Software,Galvan Group,25409.82,Leslie Robinson,Kyle King,PO147995,INV845740,25409.82,25409.82,25409.82,none
100360,2024-06-12,15:26:00,2024-06-12 15:26:00,Finance,5500,Utilities,Schneider-Clark,9219.77,Brittany Jackson,Sergio Arroyo,PO101499,INV717334,9219.77,9219.77,9219.77,none
102781,2024-06-12,17:19:00,2024-06-12 17:19:00,HR,6000,Vendor Payments,White-Thomas,20203.19,Sergio Arroyo,Gary Mays,PO150177,INV70626,20203.19,20203.19,20203.19,none
102723,2024-06-12,17:36:00,2024-06-12 17:36:00,Operations,5400,IT & Software,Francis-Burke,9297.67,Denise Elliott,Elizabeth Shea,PO934747,INV614407,9297.67,9297.67,9297.67,none
103882,2024-06-12,17:55:00,2024-06-12 17:55:00,HR,5400,IT & Software,Torres-Mendoza,17303.8,Elizabeth Shea,Mary Harrison,PO855329,INV662241,17303.8,17303.8,17303.8,none
103977,2024-06-12,18:36:00,2024-06-12 18:36:00,Procurement,5000,Raw Materials Expense,"Yang, Weber and Nielsen",4546.08,Nicole Chavez,Gary Stone,PO214235,INV202162,4546.08,4546.08,4546.08,none
100785,2024-06-13,09:09:00,2024-06-13 09:09:00,Operations,5400,IT & Software,"Hernandez, Hopkins and Houston",7987.27,Gary Stone,Christina Miller,PO326971,INV417315,7987.27,7987.27,7987.27,none
103262,2024-06-13,09:20:00,2024-06-13 09:20:00,HR,5300,Professional Fees,Raymond-Lucas,12095.71,Jeffrey Hancock,Autumn Reed,PO665759,INV214014,12095.71,12095.71,12095.71,none
102795,2024-06-13,10:29:00,2024-06-13 10:29:00,Sales,5300,Professional Fees,Willis Group,5280.66,Donald Ferguson,Timothy Johnson,PO28426,INV148413,5280.66,5280.66,5280.66,none
100806,2024-06-13,10:42:00,2024-06-13 10:42:00,Marketing,5200,Travel & Entertainment,Miller LLC,2090.74,Mary Harrison,Lawrence Davis,PO7116,INV703969,2090.74,2090.74,2090.74,none
101766,2024-06-13,10:44:00,2024-06-13 10:44:00,Finance,5400,IT & Software,"Martin, Brewer and Young",43061.94,Thomas Martin,Leslie Robinson,PO208262,INV134674,43061.94,43061.94,43061.94,none
103746,2024-06-13,10:49:00,2024-06-13 10:49:00,Procurement,5500,Utilities,Harper-Hernandez,8333.44,Corey Jones,Michael Macdonald,PO840461,INV230457,8333.44,8333.44,8333.44,none
102191,2024-06-13,11:28:00,2024-06-13 11:28:00,Operations,6000,Vendor Payments,Galvan Group,8486.46,Leslie Robinson,Michael Fox,PO114333,INV254211,8486.46,8486.46,8486.46,none
102120,2024-06-13,11:46:00,2024-06-13 11:46:00,HR,5300,Professional Fees,White-Thomas,19442.38,Corey Jones,Anita Harris,PO906558,INV600283,19442.38,19442.38,19442.38,none
104650,2024-06-13,12:15:00,2024-06-13 12:15:00,Marketing,5100,Office Supplies,Torres-Mendoza,15871.6,Janice Bush,Taylor Carroll,PO476983,INV754058,15871.6,15871.6,15871.6,none
103813,2024-06-13,12:48:00,2024-06-13 12:48:00,Finance,5000,Raw Materials Expense,"White, Tucker and Wolf",14409.51,Janice Bush,Elizabeth Shea,PO953156,INV220156,14409.51,14409.51,14409.51,none
101000,2024-06-13,12:48:00,2024-06-13 12:48:00,Procurement,5500,Utilities,Smith-Parker,7884.37,Sergio Arroyo,Elizabeth Shea,PO951046,INV711424,7884.37,7884.37,7884.37,none
102398,2024-06-13,12:51:00,2024-06-13 12:51:00,IT,5500,Utilities,Humphrey-Berg,13350.05,Sergio Arroyo,Sean Kelly,PO290222,INV599300,13350.05,13350.05,13350.05,none
102218,2024-06-13,14:02:00,2024-06-13 14:02:00,HR,5400,IT & Software,"Jefferson, Sullivan and Young",15992.35,Mary Harrison,Gerald Freeman,PO953033,INV815702,15992.35,15992.35,15992.35,none
103371,2024-06-13,15:05:00,2024-06-13 15:05:00,Marketing,5400,IT & Software,Gomez Ltd,6559.18,Autumn Reed,Christine Gonzales,PO965995,INV635892,6559.18,6559.18,6559.18,none
103553,2024-06-13,15:28:00,2024-06-13 15:28:00,Finance,6000,Vendor Payments,Rogers Ltd,33253.38,Elizabeth Boyle,Leslie Robinson,PO889978,INV246260,33253.38,33253.38,33253.38,none
102055,2024-06-13,15:50:00,2024-06-13 15:50:00,IT,5500,Utilities,Murphy Inc,12045.76,Patricia Perry,Brittany Jackson,PO365700,INV430588,12045.76,12045.76,12045.76,none
100662,2024-06-13,15:58:00,2024-06-13 15:58:00,IT,5200,Travel & Entertainment,"Hernandez, Hopkins and Houston",10752.0,Lawrence Davis,Michael Rivas,PO826421,INV702099,10752.0,10752.0,10752.0,none
101692,2024-06-13,16:14:00,2024-06-13 16:14:00,HR,5300,Professional Fees,Schneider-Clark,7766.46,Nicole Clarke,Gary Stone,PO62867,INV149693,7766.46,7766.46,7766.46,none
102064,2024-06-13,16:14:00,2024-06-13 16:14:00,Finance,6000,Vendor Payments,"Hernandez, Hopkins and Houston",12612.04,Gary Mays,Patricia Lopez,PO490692,INV558067,12612.04,12612.04,12612.04,none
103751,2024-06-13,16:16:00,2024-06-13 16:16:00,Finance,5400,IT & Software,Pearson PLC,30497.71,Donald Ferguson,Austin Cohen,PO136301,INV368708,30497.71,30497.71,30497.71,none
103898,2024-06-13,16:38:00,2024-06-13 16:38:00,HR,5000,Raw Materials Expense,"Howard, Tucker and Flores",15365.33,Timothy Johnson,Nicole Chavez,PO252584,INV233580,15365.33,15365.33,15365.33,none
100595,2024-06-13,17:12:00,2024-06-13 17:12:00,HR,5100,Office Supplies,Scott-Bailey,37590.85,Dawn Hall,Autumn Reed,PO962529,INV735681,37590.85,37590.85,37590.85,none
103651,2024-06-13,18:38:00,2024-06-13 18:38:00,Procurement,5300,Professional Fees,Scott-Bailey,2849.48,Gary Stone,Lawrence Davis,PO968716,INV953116,2849.48,2849.48,2849.48,none
102288,2024-06-13,18:58:00,2024-06-13 18:58:00,HR,6000,Vendor Payments,"Duncan, Graham and Stark",21300.96,Leslie Robinson,Elizabeth Shea,PO712324,INV923411,21300.96,21300.96,21300.96,none
100185,2024-06-14,09:11:00,2024-06-14 09:11:00,Procurement,5200,Travel & Entertainment,"Flores, Hood and Brown",32371.63,Lawrence Davis,Taylor Carroll,PO446713,INV517733,32371.63,32371.63,32371.63,none
104085,2024-06-14,09:34:00,2024-06-14 09:34:00,Finance,5300,Professional Fees,Miller LLC,22440.58,Nicole Clarke,Patricia Lopez,PO895609,INV942700,22440.58,22440.58,22440.58,none
101944,2024-06-14,10:40:00,2024-06-14 10:40:00,Finance,5400,IT & Software,"Dixon, Jackson and Benjamin",18714.29,Timothy Johnson,Donna Weber,PO516840,INV805500,18714.29,18714.29,18714.29,none
100793,2024-06-14,11:40:00,2024-06-14 11:40:00,IT,5100,Office Supplies,Smith-Wise,22722.33,Brittany Jackson,Michael Fox,PO111334,INV224716,22722.33,22722.33,22722.33,none
103456,2024-06-14,12:17:00,2024-06-14 12:17:00,Marketing,5500,Utilities,Rogers Ltd,17200.39,Nicole Chavez,Brittany Jackson,PO868357,INV485969,17200.39,17200.39,17200.39,none
103310,2024-06-14,14:39:00,2024-06-14 14:39:00,Operations,5100,Office Supplies,"Flores, Hood and Brown",19941.17,Elizabeth Shea,Austin Cohen,PO1850,INV61865,19941.17,19941.17,19941.17,none
104235,2024-06-14,14:39:00,2024-06-14 14:39:00,Sales,6000,Vendor Payments,"Yang, Weber and Nielsen",9308.33,Sean Kelly,Sergio Arroyo,PO909495,INV563552,9308.33,9308.33,9308.33,none
103856,2024-06-14,14:48:00,2024-06-14 14:48:00,Finance,5200,Travel & Entertainment,Francis-Burke,27094.04,Joy Hernandez,Kyle King,PO991056,INV762609,27094.04,27094.04,27094.04,none
100891,2024-06-14,14:57:00,2024-06-14 14:57:00,IT,5400,IT & Software,Humphrey-Berg,7093.69,Donna Weber,Jeffrey Hancock,PO36714,INV578921,7093.69,7093.69,7093.69,none
104075,2024-06-14,14:58:00,2024-06-14 14:58:00,HR,5000,Raw Materials Expense,"Yang, Weber and Nielsen",17350.43,Christopher Chung,Sean Kelly,PO797197,INV562308,17350.43,17350.43,17350.43,none
102850,2024-06-14,15:11:00,2024-06-14 15:11:00,HR,5200,Travel & Entertainment,"Decker, Eaton and Arnold",6826.3,James Dennis,Patricia Lopez,PO80853,INV326412,6826.3,6826.3,6826.3,none
103281,2024-06-14,16:13:00,2024-06-14 16:13:00,Marketing,5200,Travel & Entertainment,Smith-Parker,13844.8,Jeffrey Hancock,Denise Elliott,PO247619,INV925624,13844.8,13844.8,13844.8,none
102099,2024-06-14,17:23:00,2024-06-14 17:23:00,Operations,5300,Professional Fees,White-Thomas,20849.69,Michael Rivas,Elizabeth Shea,PO352329,INV111174,20849.69,20849.69,20849.69,none
101387,2024-06-14,17:40:00,2024-06-14 17:40:00,Sales,5000,Raw Materials Expense,Harris PLC,9361.32,Christina Miller,Jeffrey Hancock,PO252089,INV924806,9361.32,9361.32,9361.32,none
100129,2024-06-14,18:16:00,2024-06-14 18:16:00,Operations,5000,Raw Materials Expense,Evans Ltd,19891.48,Donna Weber,Alyssa Jackson,PO579572,INV398562,19891.48,19891.48,19891.48,none
102304,2024-06-14,18:48:00,2024-06-14 18:48:00,Sales,5200,Travel & Entertainment,Davidson-Frank,6136.62,Donna Weber,Michael Fox,PO614240,INV512343,6136.62,6136.62,6136.62,none
104236,2024-06-14,18:53:00,2024-06-14 18:53:00,Operations,5300,Professional Fees,Jones Ltd,20264.86,Denise Elliott,Alyssa Jackson,PO674219,INV597635,20264.86,20264.86,20264.86,none
103044,2024-06-14,18:55:00,2024-06-14 18:55:00,Operations,5200,Travel & Entertainment,Torres-Mendoza,15615.61,Sean Kelly,Janice Bush,PO239927,INV543856,15615.61,15615.61,15615.61,none
105032,2024-06-15,13:39:00,2024-06-15 13:39:00,IT,5200,Travel & Entertainment,"White, Tucker and Wolf",20139.75,Anita Harris,Sean Kelly,PO463816,INV254237,20139.75,20139.75,20139.75,duplicate_payment
103689,2024-06-17,09:12:00,2024-06-17 09:12:00,Marketing,5400,IT & Software,Becker-Martinez,6385.6,Denise Elliott,Joy Hernandez,PO282371,INV146385,6385.6,6385.6,6385.6,none
101780,2024-06-17,09:15:00,2024-06-17 09:15:00,Marketing,5000,Raw Materials Expense,Tucker Group,9117.21,Gary Mays,Sean Kelly,PO559529,INV909081,9117.21,9117.21,9117.21,none
104412,2024-06-17,09:16:00,2024-06-17 09:16:00,Procurement,6000,Vendor Payments,"Silva, Jones and Oliver",31864.33,Corey Jones,Kyle King,PO496366,INV347413,31864.33,31864.33,31864.33,none
103532,2024-06-17,10:08:00,2024-06-17 10:08:00,Marketing,5000,Raw Materials Expense,White-Thomas,13794.08,Alyssa Jackson,Christina Miller,PO362023,INV20569,13794.08,13794.08,13794.08,none
101489,2024-06-17,10:23:00,2024-06-17 10:23:00,Finance,5000,Raw Materials Expense,Galvan Group,3322.35,Austin Cohen,Sean Kelly,PO363829,INV102227,3322.35,3322.35,3322.35,none
100231,2024-06-17,10:35:00,2024-06-17 10:35:00,Finance,5500,Utilities,Evans Ltd,30100.64,Lindsey Lewis,Christine Gonzales,PO244267,INV7855,30100.64,30100.64,30100.64,none
101919,2024-06-17,10:58:00,2024-06-17 10:58:00,HR,5100,Office Supplies,Rogers Ltd,14380.37,Timothy Johnson,Michael Fox,PO966,INV420023,14380.37,14380.37,14380.37,none
102932,2024-06-17,12:02:00,2024-06-17 12:02:00,Marketing,5300,Professional Fees,"Decker, Eaton and Arnold",6064.25,Donna Weber,Gary Stone,PO903182,INV987466,6064.25,6064.25,6064.25,none
103505,2024-06-17,14:58:00,2024-06-17 14:58:00,Finance,6000,Vendor Payments,"Martin, Brewer and Young",6374.67,Anita Harris,Sergio Arroyo,PO282350,INV869689,6374.67,6374.67,6374.67,none
104628,2024-06-17,15:16:00,2024-06-17 15:16:00,Marketing,5500,Utilities,Hughes-Nichols,33245.15,Brittany Jackson,Michael Fox,PO779861,INV824922,33245.15,33245.15,33245.15,none
103145,2024-06-17,15:17:00,2024-06-17 15:17:00,Finance,5000,Raw Materials Expense,Rivera-Charles,8813.97,Sean Kelly,Christopher Chung,PO665611,INV621365,8813.97,8813.97,8813.97,none
104731,2024-06-17,15:36:00,2024-06-17 15:36:00,Procurement,6000,Vendor Payments,Jones Ltd,7834.48,Patricia Lopez,Leslie Robinson,PO612740,INV110374,7834.48,7834.48,7834.48,none
104914,2024-06-17,15:42:00,2024-06-17 15:42:00,Operations,5400,IT & Software,Torres-Mendoza,35113.19,James Dennis,Sean Kelly,PO166989,INV251132,35113.19,35113.19,35113.19,unusual_amount
100133,2024-06-17,15:44:00,2024-06-17 15:44:00,Operations,5200,Travel & Entertainment,"Yang, Weber and Nielsen",11533.99,Jeffrey Hancock,Patricia Lopez,PO781402,INV448597,11533.99,11533.99,11533.99,none
103297,2024-06-17,16:19:00,2024-06-17 16:19:00,HR,5400,IT & Software,Larson PLC,22245.29,Leslie Robinson,Donna Weber,PO464926,INV924689,22245.29,22245.29,22245.29,none
103388,2024-06-17,17:47:00,2024-06-17 17:47:00,Finance,6000,Vendor Payments,"Howard, Tucker and Flores",8761.4,Austin Cohen,Michael Rivas,PO723802,INV672740,8761.4,8761.4,8761.4,none
101142,2024-06-17,18:47:00,2024-06-17 18:47:00,HR,5200,Travel & Entertainment,Francis-Burke,15501.22,Donald Ferguson,Michael Rivas,PO62731,INV99824,15501.22,15501.22,15501.22,none
103667,2024-06-17,18:51:00,2024-06-17 18:51:00,HR,5500,Utilities,Ballard-Jenkins,19134.8,Tanner Avila,Christopher Chung,PO570995,INV813683,19134.8,19134.8,19134.8,none
101517,2024-06-18,09:10:00,2024-06-18 09:10:00,Marketing,5500,Utilities,Raymond-Lucas,7541.13,Austin Cohen,Gary Mays,PO476391,INV703684,7541.13,7541.13,7541.13,none
104042,2024-06-18,09:26:00,2024-06-18 09:26:00,Sales,5000,Raw Materials Expense,Becker-Martinez,22557.78,Christopher Chung,Gary Mays,PO62060,INV416221,22557.78,22557.78,22557.78,none
102714,2024-06-18,09:38:00,2024-06-18 09:38:00,HR,6000,Vendor Payments,"Jefferson, Sullivan and Young",9165.13,Gerald Freeman,Elizabeth Shea,PO530376,INV342229,9165.13,9165.13,9165.13,none
104427,2024-06-18,09:55:00,2024-06-18 09:55:00,Operations,5000,Raw Materials Expense,"Morton, Reynolds and Anderson",36138.7,Donna Weber,Denise Elliott,PO533399,INV526274,36138.7,36138.7,36138.7,none
100508,2024-06-18,10:02:00,2024-06-18 10:02:00,Sales,5500,Utilities,"Hernandez, Hopkins and Houston",20911.21,Elizabeth Shea,Donald Ferguson,PO999542,INV603483,20911.21,20911.21,20911.21,none
100030,2024-06-18,10:32:00,2024-06-18 10:32:00,IT,5000,Raw Materials Expense,"Gardner, Perry and Cruz",28002.39,Nicole Chavez,Donna Weber,PO509377,INV624712,28002.39,28002.39,28002.39,none
100561,2024-06-18,12:03:00,2024-06-18 12:03:00,HR,5500,Utilities,"Smith, Montgomery and Reyes",18727.82,Kyle King,Donna Weber,PO107118,INV188755,18727.82,18727.82,18727.82,none
102786,2024-06-18,12:42:00,2024-06-18 12:42:00,Sales,5300,Professional Fees,Rivera-Charles,19680.76,Gerald Freeman,Lindsey Lewis,PO752084,INV627352,19680.76,19680.76,19680.76,none
104154,2024-06-18,13:25:00,2024-06-18 13:25:00,IT,6000,Vendor Payments,Rogers Ltd,5523.36,Nicole Chavez,Austin Cohen,PO646688,INV708472,5523.36,5523.36,5523.36,none
101401,2024-06-18,14:15:00,2024-06-18 14:15:00,Marketing,5300,Professional Fees,Willis Group,11598.01,Patricia Perry,Thomas Martin,PO718167,INV84312,11598.01,11598.01,11598.01,none
100587,2024-06-18,14:16:00,2024-06-18 14:16:00,Finance,5100,Office Supplies,Pearson PLC,8742.53,Michael Fox,Tanner Avila,PO622406,INV660693,8742.53,8742.53,8742.53,none
100660,2024-06-18,14:18:00,2024-06-18 14:18:00,Finance,5100,Office Supplies,"Cherry, Martin and Compton",27218.3,Gary Mays,Christine Gonzales,PO220186,INV805839,27218.3,27218.3,27218.3,none
104513,2024-06-18,15:25:00,2024-06-18 15:25:00,Marketing,5000,Raw Materials Expense,"Martin, Brewer and Young",21486.69,Christina Miller,Taylor Carroll,PO651208,INV792126,21486.69,21486.69,21486.69,none
101722,2024-06-18,15:37:00,2024-06-18 15:37:00,Operations,5400,IT & Software,"White, Tucker and Wolf",20661.68,Michael Rivas,Dawn Hall,PO644628,INV879879,20661.68,20661.68,20661.68,none
101564,2024-06-18,16:09:00,2024-06-18 16:09:00,HR,5300,Professional Fees,Mays-Ortega,8287.56,Gerald Freeman,Elizabeth Boyle,PO984975,INV321777,8287.56,8287.56,8287.56,none
104508,2024-06-18,17:56:00,2024-06-18 17:56:00,Procurement,5200,Travel & Entertainment,"Duncan, Graham and Stark",23279.76,Patricia Lopez,Donna Weber,PO110940,INV896594,23279.76,23279.76,23279.76,none
102840,2024-06-18,18:01:00,2024-06-18 18:01:00,Operations,5300,Professional Fees,Mora-Lynn,19088.0,Jeffrey Hancock,Elizabeth Boyle,PO52733,INV78291,19088.0,19088.0,19088.0,none
103001,2024-06-19,09:09:00,2024-06-19 09:09:00,Marketing,5500,Utilities,Miller LLC,12914.65,Nicole Chavez,Donna Weber,PO553476,INV172256,12914.65,12914.65,12914.65,none
102500,2024-06-19,09:26:00,2024-06-19 09:26:00,Finance,5400,IT & Software,Torres-Mendoza,29487.18,Anita Harris,Donna Weber,PO754735,INV613086,29487.18,29487.18,29487.18,none
100232,2024-06-19,10:37:00,2024-06-19 10:37:00,IT,5300,Professional Fees,Powers Group,9551.01,Michael Rivas,Mary Harrison,PO575975,INV503302,9551.01,9551.01,9551.01,none
101412,2024-06-19,11:45:00,2024-06-19 11:45:00,Operations,5400,IT & Software,Evans Ltd,25746.4,Corey Jones,Nicole Chavez,PO194547,INV951619,25746.4,25746.4,25746.4,none
103476,2024-06-19,12:00:00,2024-06-19 12:00:00,Marketing,5000,Raw Materials Expense,Jones Inc,27368.06,Mary Harrison,Donald Ferguson,PO684520,INV528678,27368.06,27368.06,27368.06,none
104206,2024-06-19,13:54:00,2024-06-19 13:54:00,HR,5100,Office Supplies,"Morton, Reynolds and Anderson",28267.79,Kyle King,Janice Bush,PO605432,INV946012,28267.79,28267.79,28267.79,none
102783,2024-06-19,13:55:00,2024-06-19 13:55:00,Marketing,5300,Professional Fees,Powers Group,57000.55,Lawrence Davis,Thomas Martin,PO578192,INV287363,57000.55,57000.55,57000.55,none
103011,2024-06-19,14:06:00,2024-06-19 14:06:00,Marketing,5000,Raw Materials Expense,Evans Ltd,13222.83,Donna Weber,Janice Bush,PO687990,INV441240,13222.83,13222.83,13222.83,none
105038,2024-06-19,14:31:00,2024-06-19 14:31:00,Operations,5400,IT & Software,"Mills, Crane and Kim",15877.93,Brittany Jackson,Donald Ferguson,PO941409,INV594139,15877.93,15877.93,15877.93,duplicate_payment
101926,2024-06-19,14:57:00,2024-06-19 14:57:00,Marketing,5100,Office Supplies,Willis Group,13181.37,Mary Harrison,Thomas Martin,PO224688,INV750638,13181.37,13181.37,13181.37,none
102870,2024-06-19,15:22:00,2024-06-19 15:22:00,Marketing,5500,Utilities,Larson PLC,8288.62,Janice Bush,James Dennis,PO129607,INV743853,8288.62,8288.62,8288.62,none
101711,2024-06-19,16:09:00,2024-06-19 16:09:00,Finance,5500,Utilities,Rivera-Charles,2129.23,Gerald Freeman,Leslie Robinson,PO638580,INV820169,2129.23,2129.23,2129.23,none
100915,2024-06-19,16:56:00,2024-06-19 16:56:00,Procurement,5500,Utilities,"Durham, Bowen and Hess",44047.42,Taylor Carroll,Donald Ferguson,PO242648,INV307776,44047.42,44047.42,44047.42,none
104655,2024-06-19,16:57:00,2024-06-19 16:57:00,Sales,5200,Travel & Entertainment,"Nelson, Duncan and Smith",8365.2,Michael Macdonald,Anita Harris,PO471554,INV5030,8365.2,8365.2,8365.2,none
102251,2024-06-19,17:02:00,2024-06-19 17:02:00,Finance,5500,Utilities,Torres-Mendoza,10423.7,Anita Harris,Donald Ferguson,PO308839,INV780356,10423.7,10423.7,10423.7,none
104367,2024-06-19,17:14:00,2024-06-19 17:14:00,Finance,5500,Utilities,Powers Group,15354.11,Dawn Hall,Sergio Arroyo,PO93202,INV745427,15354.11,15354.11,15354.11,none
100145,2024-06-19,17:48:00,2024-06-19 17:48:00,Sales,5300,Professional Fees,Galvan Group,12683.1,Corey Jones,Christine Gonzales,PO177746,INV300595,12683.1,12683.1,12683.1,none
101308,2024-06-19,17:50:00,2024-06-19 17:50:00,Procurement,5300,Professional Fees,"Decker, Eaton and Arnold",28677.77,Christopher Chung,Lindsey Lewis,PO789365,INV1892,28677.77,28677.77,28677.77,none
103613,2024-06-19,17:50:00,2024-06-19 17:50:00,Finance,5300,Professional Fees,Cowan-Powers,24226.39,Lindsey Lewis,Sergio Arroyo,PO170402,INV304408,24226.39,24226.39,24226.39,none
100406,2024-06-19,18:24:00,2024-06-19 18:24:00,Procurement,5100,Office Supplies,"Morton, Reynolds and Anderson",21122.58,Autumn Reed,Michael Macdonald,PO460089,INV181915,21122.58,21122.58,21122.58,none
104610,2024-06-19,18:55:00,2024-06-19 18:55:00,Operations,6000,Vendor Payments,Willis Group,10230.67,Sergio Arroyo,Timothy Johnson,PO49346,INV752889,10230.67,10230.67,10230.67,none
100586,2024-06-20,10:14:00,2024-06-20 10:14:00,Sales,5500,Utilities,Murphy Inc,19994.91,Janice Bush,Patricia Lopez,PO591009,INV619016,19994.91,19994.91,19994.91,none
102538,2024-06-20,11:11:00,2024-06-20 11:11:00,Sales,5400,IT & Software,Larson PLC,5501.27,Lawrence Davis,Donald Ferguson,PO519192,INV43137,5501.27,5501.27,5501.27,none
104117,2024-06-20,12:08:00,2024-06-20 12:08:00,Operations,5500,Utilities,Mays-Ortega,10388.79,Corey Jones,Tanner Avila,PO857049,INV657729,10388.79,10388.79,10388.79,none
102318,2024-06-20,12:20:00,2024-06-20 12:20:00,HR,5300,Professional Fees,Hughes-Nichols,20645.21,Leslie Robinson,Mary Harrison,PO954775,INV907726,20645.21,20645.21,20645.21,none
101307,2024-06-20,13:15:00,2024-06-20 13:15:00,Operations,5300,Professional Fees,Stevens-Gibson,1667.12,Thomas Martin,Taylor Carroll,PO189282,INV412864,1667.12,1667.12,1667.12,none
100759,2024-06-20,13:23:00,2024-06-20 13:23:00,Finance,5300,Professional Fees,Harper-Hernandez,3625.73,Jeffrey Hancock,Anita Harris,PO312031,INV20376,3625.73,3625.73,3625.73,none
102644,2024-06-20,14:26:00,2024-06-20 14:26:00,Sales,5000,Raw Materials Expense,"Decker, Eaton and Arnold",10919.51,Alyssa Jackson,Gary Stone,PO403707,INV697353,10919.51,10919.51,10919.51,none
101945,2024-06-20,14:41:00,2024-06-20 14:41:00,Finance,6000,Vendor Payments,White-Thomas,19728.83,Autumn Reed,Patricia Lopez,PO922075,INV196422,19728.83,19728.83,19728.83,none
102636,2024-06-20,15:07:00,2024-06-20 15:07:00,Procurement,6000,Vendor Payments,"Jefferson, Sullivan and Young",23870.32,Timothy Johnson,Jeffrey Hancock,PO780859,INV678996,23870.32,23870.32,23870.32,none
100482,2024-06-20,15:17:00,2024-06-20 15:17:00,Marketing,6000,Vendor Payments,Cowan-Powers,15627.39,Austin Cohen,Thomas Martin,PO647972,INV634499,15627.39,15627.39,15627.39,none
104703,2024-06-20,16:38:00,2024-06-20 16:38:00,IT,5000,Raw Materials Expense,Mora-Lynn,40174.32,Lindsey Lewis,Jeffrey Hancock,PO942061,INV954824,40174.32,40174.32,40174.32,none
104216,2024-06-20,17:56:00,2024-06-20 17:56:00,IT,5100,Office Supplies,"Duncan, Graham and Stark",5958.3,Gary Stone,Nicole Chavez,PO959444,INV646413,5958.3,5958.3,5958.3,none
101323,2024-06-20,18:19:00,2024-06-20 18:19:00,IT,5200,Travel & Entertainment,"Durham, Bowen and Hess",12287.17,Timothy Johnson,Sean Kelly,PO151928,INV403197,12287.17,12287.17,12287.17,none
102453,2024-06-20,18:29:00,2024-06-20 18:29:00,HR,5200,Travel & Entertainment,"Jefferson, Sullivan and Young",36034.52,Alyssa Jackson,Kyle King,PO66912,INV122820,36034.52,36034.52,36034.52,none
103662,2024-06-21,09:14:00,2024-06-21 09:14:00,Finance,5300,Professional Fees,Torres-Mendoza,8151.42,Tanner Avila,Donna Weber,PO480768,INV530696,8151.42,8151.42,8151.42,none
104935,2024-06-21,09:25:00,2024-06-21 09:25:00,Sales,5000,Raw Materials Expense,Smith-Parker,100000.0,Alyssa Jackson,Jeffrey Hancock,PO905003,INV29914,100000.0,100000.0,100000.0,round_number
104288,2024-06-21,10:27:00,2024-06-21 10:27:00,Operations,5100,Office Supplies,"Jefferson, Sullivan and Young",14459.38,Lawrence Davis,Mary Harrison,PO443299,INV714251,14459.38,14459.38,14459.38,none
103268,2024-06-21,10:56:00,2024-06-21 10:56:00,Marketing,5300,Professional Fees,Harris PLC,5398.83,Donald Ferguson,Joy Hernandez,PO928121,INV572624,5398.83,5398.83,5398.83,none
101890,2024-06-21,11:02:00,2024-06-21 11:02:00,Marketing,5300,Professional Fees,Murphy Inc,8920.56,Michael Macdonald,Michael Fox,PO880683,INV218682,8920.56,8920.56,8920.56,none
102109,2024-06-21,11:16:00,2024-06-21 11:16:00,Finance,5500,Utilities,Miller LLC,21806.36,Christina Miller,Christopher Chung,PO507541,INV223352,21806.36,21806.36,21806.36,none
102278,2024-06-21,12:01:00,2024-06-21 12:01:00,Procurement,5000,Raw Materials Expense,Gross-Morrison,8490.72,Corey Jones,Denise Elliott,PO336532,INV141569,8490.72,8490.72,8490.72,none
102646,2024-06-21,12:31:00,2024-06-21 12:31:00,Operations,5500,Utilities,"Brown, Baker and Alvarado",12151.08,Dawn Hall,Thomas Martin,PO890419,INV526723,12151.08,12151.08,12151.08,none
100526,2024-06-21,13:20:00,2024-06-21 13:20:00,IT,5500,Utilities,Gross-Morrison,9733.64,Timothy Johnson,Jeffrey Hancock,PO727090,INV84805,9733.64,9733.64,9733.64,none
103586,2024-06-21,13:21:00,2024-06-21 13:21:00,Marketing,5000,Raw Materials Expense,"Mills, Crane and Kim",18434.4,Mary Harrison,James Dennis,PO718064,INV563234,18434.4,18434.4,18434.4,none
101974,2024-06-21,13:49:00,2024-06-21 13:49:00,HR,5500,Utilities,Humphrey-Berg,28291.18,Michael Rivas,Alyssa Jackson,PO722169,INV4836,28291.18,28291.18,28291.18,none
101803,2024-06-21,13:51:00,2024-06-21 13:51:00,HR,6000,Vendor Payments,"Howard, Tucker and Flores",6646.81,Thomas Martin,Mary Harrison,PO983610,INV411685,6646.81,6646.81,6646.81,none
104792,2024-06-21,14:01:00,2024-06-21 14:01:00,IT,5000,Raw Materials Expense,Tucker Group,8637.77,Dawn Hall,Patricia Perry,PO953866,INV485240,8637.77,8637.77,8637.77,none
101838,2024-06-21,14:37:00,2024-06-21 14:37:00,HR,5100,Office Supplies,Stewart-Russell,15963.28,Patricia Perry,Austin Cohen,PO86465,INV265573,15963.28,15963.28,15963.28,none
100999,2024-06-21,15:20:00,2024-06-21 15:20:00,HR,5100,Office Supplies,Rivera-Charles,9872.83,Leslie Robinson,Alyssa Jackson,PO378226,INV316195,9872.83,9872.83,9872.83,none
104721,2024-06-21,15:48:00,2024-06-21 15:48:00,Marketing,5300,Professional Fees,Humphrey-Berg,2783.27,Corey Jones,Austin Cohen,PO394647,INV143021,2783.27,2783.27,2783.27,none
102733,2024-06-21,16:11:00,2024-06-21 16:11:00,Procurement,5500,Utilities,Hopkins Inc,3970.79,Elizabeth Boyle,Patricia Lopez,PO241530,INV311572,3970.79,3970.79,3970.79,none
101588,2024-06-21,16:50:00,2024-06-21 16:50:00,HR,5500,Utilities,"Morton, Reynolds and Anderson",9065.07,Corey Jones,Michael Macdonald,PO515804,INV661819,9065.07,9065.07,9065.07,none
102186,2024-06-21,16:59:00,2024-06-21 16:59:00,Procurement,5300,Professional Fees,Raymond-Lucas,8463.3,Taylor Carroll,Denise Elliott,PO738372,INV75150,8463.3,8463.3,8463.3,none
100309,2024-06-21,17:53:00,2024-06-21 17:53:00,HR,5500,Utilities,Harper-Hernandez,21575.92,Michael Fox,Taylor Carroll,PO79572,INV274408,21575.92,21575.92,21575.92,none
103357,2024-06-21,18:00:00,2024-06-21 18:00:00,Operations,6000,Vendor Payments,Galvan Group,37075.45,Donald Ferguson,Patricia Perry,PO779318,INV301005,37075.45,37075.45,37075.45,none
100290,2024-06-21,18:02:00,2024-06-21 18:02:00,Sales,5100,Office Supplies,Schneider-Clark,5733.59,Mary Harrison,Taylor Carroll,PO677855,INV93510,5733.59,5733.59,5733.59,none
104199,2024-06-21,18:29:00,2024-06-21 18:29:00,HR,5500,Utilities,Young Inc,15586.35,Michael Rivas,Corey Jones,PO661215,INV989756,15586.35,15586.35,15586.35,none
102716,2024-06-21,18:32:00,2024-06-21 18:32:00,Finance,5500,Utilities,Tucker Group,4538.83,Michael Fox,Mary Harrison,PO639608,INV69874,4538.83,4538.83,4538.83,none
103027,2024-06-21,18:39:00,2024-06-21 18:39:00,IT,5400,IT & Software,Becker-Martinez,15163.71,Jeffrey Hancock,Lawrence Davis,PO202549,INV488619,15163.71,15163.71,15163.71,none
103491,2024-06-21,18:50:00,2024-06-21 18:50:00,IT,5300,Professional Fees,"Gardner, Perry and Cruz",4691.31,Michael Fox,James Dennis,PO27273,INV884853,4691.31,4691.31,4691.31,none
104930,2024-06-23,18:21:00,2024-06-23 18:21:00,Operations,5400,IT & Software,"Smith, Montgomery and Reyes",4830.56,Christine Gonzales,Michael Rivas,PO276529,INV874544,4830.56,4830.56,4830.56,weekend_posting
104407,2024-06-24,09:28:00,2024-06-24 09:28:00,Operations,5400,IT & Software,Tucker Group,52156.01,Janice Bush,Christopher Chung,PO877562,INV443976,52156.01,52156.01,52156.01,none
104271,2024-06-24,09:42:00,2024-06-24 09:42:00,IT,5100,Office Supplies,"Smith, Montgomery and Reyes",24070.96,Autumn Reed,Elizabeth Boyle,PO540503,INV423496,24070.96,24070.96,24070.96,none
104561,2024-06-24,10:42:00,2024-06-24 10:42:00,HR,6000,Vendor Payments,Harper-Hernandez,23642.78,Thomas Martin,Nicole Clarke,PO995947,INV807344,23642.78,23642.78,23642.78,none
102175,2024-06-24,11:06:00,2024-06-24 11:06:00,Operations,5300,Professional Fees,"Smith, Montgomery and Reyes",14463.58,Corey Jones,Elizabeth Shea,PO676157,INV105973,14463.58,14463.58,14463.58,none
102254,2024-06-24,11:22:00,2024-06-24 11:22:00,Operations,5200,Travel & Entertainment,Humphrey-Berg,39770.82,Christina Miller,Tanner Avila,PO632130,INV651408,39770.82,39770.82,39770.82,none
100765,2024-06-24,12:20:00,2024-06-24 12:20:00,Operations,6000,Vendor Payments,Becker-Martinez,983.51,Nicole Chavez,Jeffrey Hancock,PO701422,INV45553,983.51,983.51,983.51,none
100583,2024-06-24,12:43:00,2024-06-24 12:43:00,IT,5000,Raw Materials Expense,"Nelson, Duncan and Smith",15983.58,Sean Kelly,Leslie Robinson,PO128020,INV942208,15983.58,15983.58,15983.58,none
104272,2024-06-24,12:56:00,2024-06-24 12:56:00,Sales,5400,IT & Software,Jones Inc,7660.72,Michael Fox,Gary Mays,PO395313,INV843854,7660.72,7660.72,7660.72,none
100641,2024-06-24,13:28:00,2024-06-24 13:28:00,IT,6000,Vendor Payments,"Decker, Eaton and Arnold",28820.43,Gary Stone,Michael Macdonald,PO867926,INV681223,28820.43,28820.43,28820.43,none
102059,2024-06-24,13:34:00,2024-06-24 13:34:00,HR,5300,Professional Fees,Gomez Ltd,19651.53,Jeffrey Hancock,Lindsey Lewis,PO563034,INV567204,19651.53,19651.53,19651.53,none
101287,2024-06-24,13:48:00,2024-06-24 13:48:00,Operations,5100,Office Supplies,Davidson-Frank,21132.44,Christina Miller,Elizabeth Boyle,PO339862,INV314725,21132.44,21132.44,21132.44,none
103282,2024-06-24,14:14:00,2024-06-24 14:14:00,Finance,5400,IT & Software,Ballard-Jenkins,3397.73,Timothy Johnson,Sean Kelly,PO392187,INV655806,3397.73,3397.73,3397.73,none
103761,2024-06-24,15:08:00,2024-06-24 15:08:00,HR,5100,Office Supplies,"Silva, Jones and Oliver",6237.83,Gary Mays,Michael Rivas,PO620195,INV612205,6237.83,6237.83,6237.83,none
100421,2024-06-24,16:50:00,2024-06-24 16:50:00,Marketing,5500,Utilities,Lopez Ltd,27537.01,Christine Gonzales,Michael Fox,PO722528,INV683367,27537.01,27537.01,27537.01,none
103082,2024-06-24,17:44:00,2024-06-24 17:44:00,Sales,5200,Travel & Entertainment,Young Inc,5952.7,Michael Macdonald,Elizabeth Shea,PO791549,INV510614,5952.7,5952.7,5952.7,none
102768,2024-06-25,09:34:00,2024-06-25 09:34:00,Sales,5100,Office Supplies,Stewart-Russell,12424.39,Janice Bush,Anita Harris,PO249610,INV245904,12424.39,12424.39,12424.39,none
101239,2024-06-25,09:52:00,2024-06-25 09:52:00,IT,5500,Utilities,Larson PLC,12047.87,Michael Fox,Christopher Chung,PO684693,INV95503,12047.87,12047.87,12047.87,none
101956,2024-06-25,10:30:00,2024-06-25 10:30:00,Marketing,5200,Travel & Entertainment,Rogers Ltd,7079.81,Corey Jones,Gerald Freeman,PO951887,INV207938,7079.81,7079.81,7079.81,none
100347,2024-06-25,10:34:00,2024-06-25 10:34:00,Sales,5400,IT & Software,Rivera-Charles,23279.12,Donna Weber,Alyssa Jackson,PO745745,INV92458,23279.12,23279.12,23279.12,none
100939,2024-06-25,10:37:00,2024-06-25 10:37:00,IT,5200,Travel & Entertainment,"Morton, Reynolds and Anderson",20314.6,Sean Kelly,Michael Fox,PO732474,INV313438,20314.6,20314.6,20314.6,none
101423,2024-06-25,11:17:00,2024-06-25 11:17:00,IT,6000,Vendor Payments,Reyes-Glover,13868.23,Jeffrey Hancock,Timothy Johnson,PO112028,INV15078,13868.23,13868.23,13868.23,none
102024,2024-06-25,11:37:00,2024-06-25 11:37:00,Marketing,5400,IT & Software,Gross-Morrison,1808.62,Corey Jones,Gerald Freeman,PO456836,INV668117,1808.62,1808.62,1808.62,none
102998,2024-06-25,11:38:00,2024-06-25 11:38:00,HR,5400,IT & Software,Smith-Parker,8767.94,Gary Mays,Tanner Avila,PO84191,INV383475,8767.94,8767.94,8767.94,none
104981,2024-06-25,11:39:00,2024-06-25 11:39:00,Sales,5300,Professional Fees,"Duncan, Graham and Stark",11934.54,Sergio Arroyo,Patricia Lopez,PO713296,INV658988,11934.54,11934.54,11934.54,duplicate_payment
103121,2024-06-25,11:46:00,2024-06-25 11:46:00,IT,5500,Utilities,"Durham, Bowen and Hess",23716.08,Nicole Clarke,Lawrence Davis,PO51702,INV836866,23716.08,23716.08,23716.08,none
101321,2024-06-25,12:12:00,2024-06-25 12:12:00,Sales,5400,IT & Software,Mays-Ortega,9029.85,Janice Bush,Lindsey Lewis,PO434994,INV856055,9029.85,9029.85,9029.85,none
101504,2024-06-25,12:47:00,2024-06-25 12:47:00,Marketing,5500,Utilities,Rogers Ltd,16577.48,Tanner Avila,Janice Bush,PO247548,INV141795,16577.48,16577.48,16577.48,none
100596,2024-06-25,13:08:00,2024-06-25 13:08:00,Procurement,5500,Utilities,Rogers Ltd,16288.4,Lawrence Davis,James Dennis,PO140598,INV298614,16288.4,16288.4,16288.4,none
101062,2024-06-25,14:19:00,2024-06-25 14:19:00,Marketing,5300,Professional Fees,Humphrey-Berg,38096.91,Brittany Jackson,Dawn Hall,PO949163,INV679707,38096.91,38096.91,38096.91,none
102423,2024-06-25,14:24:00,2024-06-25 14:24:00,IT,6000,Vendor Payments,"Jefferson, Sullivan and Young",9053.46,Brittany Jackson,Timothy Johnson,PO636674,INV476414,9053.46,9053.46,9053.46,none
100065,2024-06-25,14:27:00,2024-06-25 14:27:00,HR,5200,Travel & Entertainment,"Brown, Baker and Alvarado",16674.11,Jeffrey Hancock,Mary Harrison,PO50291,INV70861,16674.11,16674.11,16674.11,none
103427,2024-06-25,14:37:00,2024-06-25 14:37:00,HR,5000,Raw Materials Expense,Hopkins Inc,54274.8,Elizabeth Shea,Patricia Perry,PO974641,INV476171,54274.8,54274.8,54274.8,none
104658,2024-06-25,15:01:00,2024-06-25 15:01:00,Marketing,5100,Office Supplies,Harper-Hernandez,6749.95,Austin Cohen,Janice Bush,PO272482,INV523913,6749.95,6749.95,6749.95,none
103717,2024-06-25,15:39:00,2024-06-25 15:39:00,HR,5400,IT & Software,Harris PLC,16995.79,Patricia Lopez,Gary Mays,PO838785,INV177719,16995.79,16995.79,16995.79,none
102671,2024-06-25,15:56:00,2024-06-25 15:56:00,HR,6000,Vendor Payments,"Jefferson, Sullivan and Young",20872.84,Patricia Perry,Autumn Reed,PO27646,INV314470,20872.84,20872.84,20872.84,none
101038,2024-06-25,16:31:00,2024-06-25 16:31:00,Operations,5200,Travel & Entertainment,Gomez Ltd,4914.57,Nicole Chavez,Brittany Jackson,PO382000,INV597467,4914.57,4914.57,4914.57,none
100700,2024-06-25,16:50:00,2024-06-25 16:50:00,Operations,5100,Office Supplies,Nichols LLC,20615.35,Kyle King,Christine Gonzales,PO406545,INV893668,20615.35,20615.35,20615.35,none
101781,2024-06-26,10:26:00,2024-06-26 10:26:00,Operations,5000,Raw Materials Expense,Stevens-Gibson,5662.52,Sean Kelly,Donna Weber,PO328301,INV226395,5662.52,5662.52,5662.52,none
104408,2024-06-26,11:48:00,2024-06-26 11:48:00,Finance,5100,Office Supplies,"Duncan, Graham and Stark",17503.68,Thomas Martin,Timothy Johnson,PO788990,INV868691,17503.68,17503.68,17503.68,none
101940,2024-06-26,13:13:00,2024-06-26 13:13:00,Sales,5400,IT & Software,Smith-Parker,6673.31,Gary Mays,Alyssa Jackson,PO869852,INV340015,6673.31,6673.31,6673.31,none
100734,2024-06-26,13:14:00,2024-06-26 13:14:00,Marketing,5400,IT & Software,Becker-Martinez,17439.43,Timothy Johnson,Christine Gonzales,PO165723,INV725089,17439.43,17439.43,17439.43,none
102113,2024-06-26,13:28:00,2024-06-26 13:28:00,Procurement,5000,Raw Materials Expense,Larson PLC,10257.54,Patricia Perry,Elizabeth Shea,PO840053,INV601306,10257.54,10257.54,10257.54,none
104551,2024-06-26,14:16:00,2024-06-26 14:16:00,HR,5300,Professional Fees,Gross-Morrison,16806.77,Nicole Clarke,Jeffrey Hancock,PO980913,INV940173,16806.77,16806.77,16806.77,none
100622,2024-06-26,15:09:00,2024-06-26 15:09:00,Operations,5500,Utilities,Scott-Bailey,48838.58,Lawrence Davis,Nicole Clarke,PO106838,INV908715,48838.58,48838.58,48838.58,none
101043,2024-06-26,15:28:00,2024-06-26 15:28:00,Operations,5500,Utilities,Galvan Group,24082.76,Elizabeth Shea,Nicole Clarke,PO916843,INV940164,24082.76,24082.76,24082.76,none
104516,2024-06-26,15:44:00,2024-06-26 15:44:00,HR,5400,IT & Software,"Robles, Moses and Morgan",14976.87,Christina Miller,Alyssa Jackson,PO161227,INV530573,14976.87,14976.87,14976.87,none
103163,2024-06-26,15:44:00,2024-06-26 15:44:00,Finance,5000,Raw Materials Expense,Harris PLC,19048.21,Leslie Robinson,Kyle King,PO841005,INV123020,19048.21,19048.21,19048.21,none
101796,2024-06-26,15:45:00,2024-06-26 15:45:00,IT,5400,IT & Software,Ballard-Jenkins,28029.29,Jeffrey Hancock,Lindsey Lewis,PO575649,INV230786,28029.29,28029.29,28029.29,none
103299,2024-06-26,15:55:00,2024-06-26 15:55:00,Operations,5200,Travel & Entertainment,Harper-Hernandez,39235.0,Jeffrey Hancock,Sean Kelly,PO153683,INV294854,39235.0,39235.0,39235.0,none
101990,2024-06-26,16:09:00,2024-06-26 16:09:00,HR,5000,Raw Materials Expense,"Duncan, Graham and Stark",3647.19,Christopher Chung,Elizabeth Boyle,PO541370,INV87062,3647.19,3647.19,3647.19,none
102717,2024-06-26,16:40:00,2024-06-26 16:40:00,HR,5500,Utilities,Rivera-Charles,16137.97,Donald Ferguson,Michael Fox,PO48500,INV142184,16137.97,16137.97,16137.97,none
102139,2024-06-26,16:54:00,2024-06-26 16:54:00,HR,5500,Utilities,Stewart-Russell,17413.11,Taylor Carroll,Michael Macdonald,PO649265,INV765474,17413.11,17413.11,17413.11,none
103462,2024-06-26,17:56:00,2024-06-26 17:56:00,Sales,5300,Professional Fees,Lopez Ltd,17277.54,Donna Weber,Sergio Arroyo,PO461784,INV927895,17277.54,17277.54,17277.54,none
103467,2024-06-26,18:01:00,2024-06-26 18:01:00,Operations,5000,Raw Materials Expense,"Martin, Brewer and Young",10430.23,Patricia Lopez,Christopher Chung,PO482815,INV75999,10430.23,10430.23,10430.23,none
102921,2024-06-26,18:46:00,2024-06-26 18:46:00,Marketing,5300,Professional Fees,"Duncan, Graham and Stark",8509.01,James Dennis,Alyssa Jackson,PO227630,INV124071,8509.01,8509.01,8509.01,none
104986,2024-06-27,03:07:00,2024-06-27 03:07:00,Procurement,5100,Office Supplies,Harper-Hernandez,7899.32,Gary Stone,Lawrence Davis,PO681951,INV221588,7899.32,7899.32,7899.32,odd_hour_posting
100248,2024-06-27,09:26:00,2024-06-27 09:26:00,Operations,5000,Raw Materials Expense,Becker-Martinez,21671.13,James Dennis,Anita Harris,PO106503,INV674916,21671.13,21671.13,21671.13,none
100350,2024-06-27,10:11:00,2024-06-27 10:11:00,IT,5500,Utilities,"Silva, Jones and Oliver",44127.0,Sergio Arroyo,Elizabeth Shea,PO60159,INV900239,44127.0,44127.0,44127.0,none
101180,2024-06-27,10:13:00,2024-06-27 10:13:00,Marketing,5500,Utilities,"Silva, Jones and Oliver",23689.16,Denise Elliott,Austin Cohen,PO375061,INV171246,23689.16,23689.16,23689.16,none
102078,2024-06-27,10:20:00,2024-06-27 10:20:00,HR,6000,Vendor Payments,"Brown, Baker and Alvarado",47998.42,Elizabeth Shea,Janice Bush,PO561115,INV431195,47998.42,47998.42,47998.42,none
102315,2024-06-27,10:37:00,2024-06-27 10:37:00,Sales,5100,Office Supplies,"Nelson, Duncan and Smith",16744.7,Nicole Clarke,Autumn Reed,PO916409,INV356220,16744.7,16744.7,16744.7,none
104900,2024-06-27,11:11:00,2024-06-27 11:11:00,HR,5400,IT & Software,Jones Ltd,5622.17,Donna Weber,Elizabeth Shea,PO163589,INV791240,5622.17,5622.17,5622.17,duplicate_payment
103272,2024-06-27,11:29:00,2024-06-27 11:29:00,Procurement,5500,Utilities,Galvan Group,15629.67,Christina Miller,James Dennis,PO3376,INV246547,15629.67,15629.67,15629.67,none
102145,2024-06-27,11:54:00,2024-06-27 11:54:00,Marketing,5400,IT & Software,Willis Group,26248.59,Elizabeth Boyle,Michael Macdonald,PO294362,INV973721,26248.59,26248.59,26248.59,none
100839,2024-06-27,12:20:00,2024-06-27 12:20:00,HR,5000,Raw Materials Expense,"Mills, Crane and Kim",3894.32,Michael Macdonald,Alyssa Jackson,PO931774,INV173596,3894.32,3894.32,3894.32,none
104478,2024-06-27,12:39:00,2024-06-27 12:39:00,Operations,6000,Vendor Payments,"Yang, Weber and Nielsen",18642.05,Sergio Arroyo,Donald Ferguson,PO8313,INV503390,18642.05,18642.05,18642.05,none
102792,2024-06-27,12:44:00,2024-06-27 12:44:00,HR,5400,IT & Software,"Silva, Jones and Oliver",22869.43,Sean Kelly,Alyssa Jackson,PO193260,INV44879,22869.43,22869.43,22869.43,none
104759,2024-06-27,12:46:00,2024-06-27 12:46:00,Marketing,5100,Office Supplies,Mays-Ortega,8429.03,Christine Gonzales,Thomas Martin,PO726022,INV701191,8429.03,8429.03,8429.03,none
102395,2024-06-27,13:12:00,2024-06-27 13:12:00,Finance,5200,Travel & Entertainment,Becker-Martinez,10816.98,Lawrence Davis,Timothy Johnson,PO46215,INV408935,10816.98,10816.98,10816.98,none
101083,2024-06-27,13:44:00,2024-06-27 13:44:00,Marketing,5100,Office Supplies,"Robles, Moses and Morgan",17274.63,Thomas Martin,Nicole Clarke,PO105474,INV915986,17274.63,17274.63,17274.63,none
101091,2024-06-27,14:10:00,2024-06-27 14:10:00,Procurement,5100,Office Supplies,"Durham, Bowen and Hess",8579.03,Gary Stone,Taylor Carroll,PO116264,INV978855,8579.03,8579.03,8579.03,none
101581,2024-06-27,14:54:00,2024-06-27 14:54:00,Operations,5100,Office Supplies,Becker-Martinez,5408.07,Austin Cohen,Lindsey Lewis,PO276790,INV548935,5408.07,5408.07,5408.07,none
102749,2024-06-27,15:10:00,2024-06-27 15:10:00,Sales,5100,Office Supplies,"Durham, Bowen and Hess",35169.01,Christina Miller,Sergio Arroyo,PO528096,INV480429,35169.01,35169.01,35169.01,none
104157,2024-06-27,15:24:00,2024-06-27 15:24:00,Finance,5000,Raw Materials Expense,Cowan-Powers,21176.09,Lawrence Davis,Nicole Chavez,PO988498,INV206125,21176.09,21176.09,21176.09,none
101460,2024-06-27,15:25:00,2024-06-27 15:25:00,HR,5300,Professional Fees,"Duncan, Graham and Stark",14717.96,Tanner Avila,Nicole Clarke,PO997346,INV226282,14717.96,14717.96,14717.96,none
104555,2024-06-27,15:28:00,2024-06-27 15:28:00,Procurement,5400,IT & Software,"Smith, Montgomery and Reyes",5566.66,Denise Elliott,Sergio Arroyo,PO288109,INV828745,5566.66,5566.66,5566.66,none
101440,2024-06-27,15:59:00,2024-06-27 15:59:00,Operations,5100,Office Supplies,Evans Ltd,7159.88,Nicole Clarke,Kyle King,PO36742,INV316757,7159.88,7159.88,7159.88,none
103159,2024-06-27,16:51:00,2024-06-27 16:51:00,Procurement,5100,Office Supplies,"Mills, Crane and Kim",14752.38,Timothy Johnson,Nicole Chavez,PO341510,INV445878,14752.38,14752.38,14752.38,none
103787,2024-06-27,16:59:00,2024-06-27 16:59:00,IT,5400,IT & Software,Mora-Lynn,5286.46,Donna Weber,Denise Elliott,PO133640,INV133010,5286.46,5286.46,5286.46,none
104787,2024-06-27,17:53:00,2024-06-27 17:53:00,Sales,5000,Raw Materials Expense,Scott-Bailey,13479.53,Donna Weber,Denise Elliott,PO193881,INV200168,13479.53,13479.53,13479.53,none
101492,2024-06-27,18:55:00,2024-06-27 18:55:00,Marketing,6000,Vendor Payments,Francis-Burke,17601.8,Jeffrey Hancock,Sergio Arroyo,PO570984,INV801574,17601.8,17601.8,17601.8,none
100202,2024-06-28,09:11:00,2024-06-28 09:11:00,Sales,5200,Travel & Entertainment,"Smith, Montgomery and Reyes",16376.4,Michael Fox,Christine Gonzales,PO373775,INV596932,16376.4,16376.4,16376.4,none
102897,2024-06-28,10:04:00,2024-06-28 10:04:00,Sales,5500,Utilities,"Robles, Moses and Morgan",26603.22,Brittany Jackson,Donna Weber,PO530742,INV425114,26603.22,26603.22,26603.22,none
104240,2024-06-28,10:34:00,2024-06-28 10:34:00,Procurement,6000,Vendor Payments,Tucker Group,35224.6,Timothy Johnson,Christine Gonzales,PO673087,INV565394,35224.6,35224.6,35224.6,none
104824,2024-06-28,12:04:00,2024-06-28 12:04:00,Operations,5000,Raw Materials Expense,"Gardner, Perry and Cruz",10318.96,Gerald Freeman,Gerald Freeman,PO505472,INV937155,10318.96,10318.96,10318.96,segregation_violation
101284,2024-06-28,12:37:00,2024-06-28 12:37:00,Operations,5200,Travel & Entertainment,Evans Ltd,3554.88,Michael Rivas,Kyle King,PO991010,INV89142,3554.88,3554.88,3554.88,none
100464,2024-06-28,12:40:00,2024-06-28 12:40:00,Procurement,5400,IT & Software,Willis Group,15968.11,Gerald Freeman,Anita Harris,PO727923,INV827666,15968.11,15968.11,15968.11,none
103480,2024-06-28,15:09:00,2024-06-28 15:09:00,Procurement,5400,IT & Software,Gross-Morrison,35443.67,Michael Macdonald,Brittany Jackson,PO481125,INV860520,35443.67,35443.67,35443.67,none
104567,2024-06-28,15:49:00,2024-06-28 15:49:00,HR,5300,Professional Fees,Cowan-Powers,5808.64,Alyssa Jackson,Anita Harris,PO863469,INV991530,5808.64,5808.64,5808.64,none
102812,2024-06-28,15:53:00,2024-06-28 15:53:00,Marketing,6000,Vendor Payments,"Nelson, Duncan and Smith",14725.42,Leslie Robinson,Brittany Jackson,PO988137,INV824270,14725.42,14725.42,14725.42,none
102213,2024-06-28,16:12:00,2024-06-28 16:12:00,HR,5000,Raw Materials Expense,Lopez Ltd,866.26,Christopher Chung,Michael Rivas,PO83636,INV194494,866.26,866.26,866.26,none
101641,2024-06-28,16:26:00,2024-06-28 16:26:00,Procurement,5100,Office Supplies,"Durham, Bowen and Hess",41246.58,Corey Jones,Austin Cohen,PO915606,INV665577,41246.58,41246.58,41246.58,none
101716,2024-06-28,17:16:00,2024-06-28 17:16:00,Procurement,5000,Raw Materials Expense,"Morton, Reynolds and Anderson",20813.82,Christopher Chung,Anita Harris,PO107062,INV492255,20813.82,20813.82,20813.82,none
100445,2024-06-28,17:17:00,2024-06-28 17:17:00,Sales,6000,Vendor Payments,Young Inc,13079.27,Lindsey Lewis,Timothy Johnson,PO870640,INV801216,13079.27,13079.27,13079.27,none
100063,2024-06-28,17:25:00,2024-06-28 17:25:00,Finance,5200,Travel & Entertainment,"Silva, Jones and Oliver",12235.99,Nicole Chavez,Patricia Perry,PO417076,INV721212,12235.99,12235.99,12235.99,none
104905,2024-06-29,11:32:00,2024-06-29 11:32:00,Finance,5500,Utilities,Gross-Morrison,3422.92,Lindsey Lewis,Christina Miller,PO406783,INV350227,3422.92,3422.92,3422.92,weekend_posting
105042,2024-06-29,11:39:00,2024-06-29 11:39:00,Sales,5300,Professional Fees,"Duncan, Graham and Stark",11934.54,Sergio Arroyo,Patricia Lopez,PO713296,INV658988,11934.54,11934.54,11934.54,duplicate_payment
100825,2024-07-01,11:08:00,2024-07-01 11:08:00,HR,5100,Office Supplies,Jones Inc,12453.88,Donna Weber,Corey Jones,PO375132,INV615574,12453.88,12453.88,12453.88,none
103106,2024-07-01,11:09:00,2024-07-01 11:09:00,IT,5500,Utilities,"Mills, Crane and Kim",14818.8,Nicole Clarke,Sergio Arroyo,PO531632,INV316639,14818.8,14818.8,14818.8,none
101222,2024-07-01,11:11:00,2024-07-01 11:11:00,HR,5000,Raw Materials Expense,"Jefferson, Sullivan and Young",15890.15,Christine Gonzales,Michael Rivas,PO621995,INV114850,15890.15,15890.15,15890.15,none
102793,2024-07-01,11:15:00,2024-07-01 11:15:00,IT,5500,Utilities,Stewart-Russell,17798.94,Dawn Hall,Joy Hernandez,PO884468,INV587545,17798.94,17798.94,17798.94,none
103327,2024-07-01,11:19:00,2024-07-01 11:19:00,Operations,5100,Office Supplies,Torres-Mendoza,2092.74,Dawn Hall,Gary Mays,PO600477,INV175649,2092.74,2092.74,2092.74,none
104535,2024-07-01,12:05:00,2024-07-01 12:05:00,HR,5300,Professional Fees,"Duncan, Graham and Stark",2405.02,Denise Elliott,Donald Ferguson,PO229568,INV777003,2405.02,2405.02,2405.02,none
103988,2024-07-01,12:27:00,2024-07-01 12:27:00,Sales,5200,Travel & Entertainment,"White, Tucker and Wolf",21909.4,Lindsey Lewis,Taylor Carroll,PO141386,INV269963,21909.4,21909.4,21909.4,none
102237,2024-07-01,12:47:00,2024-07-01 12:47:00,Marketing,6000,Vendor Payments,Gomez Ltd,12784.46,Christopher Chung,Donald Ferguson,PO674575,INV79817,12784.46,12784.46,12784.46,none
104540,2024-07-01,14:04:00,2024-07-01 14:04:00,Operations,5200,Travel & Entertainment,"Duncan, Graham and Stark",16154.37,James Dennis,Patricia Perry,PO621705,INV493092,16154.37,16154.37,16154.37,none
104833,2024-07-01,14:54:00,2024-07-01 14:54:00,Procurement,5200,Travel & Entertainment,Powers Group,7238.14,Patricia Perry,Taylor Carroll,PO522363,INV581588,7238.14,7238.14,7238.14,duplicate_payment
104501,2024-07-01,15:10:00,2024-07-01 15:10:00,HR,5100,Office Supplies,Lopez Ltd,74780.38,Donald Ferguson,Christina Miller,PO742700,INV793276,74780.38,74780.38,74780.38,none
103922,2024-07-01,15:32:00,2024-07-01 15:32:00,Sales,5100,Office Supplies,"Martin, Brewer and Young",12560.29,Michael Fox,Gary Stone,PO22004,INV995366,12560.29,12560.29,12560.29,none
103990,2024-07-01,15:53:00,2024-07-01 15:53:00,IT,5500,Utilities,Humphrey-Berg,22836.35,Patricia Lopez,Nicole Clarke,PO659011,INV784478,22836.35,22836.35,22836.35,none
102028,2024-07-01,16:29:00,2024-07-01 16:29:00,Finance,5400,IT & Software,Miller LLC,4604.63,Austin Cohen,Gary Mays,PO639131,INV853486,4604.63,4604.63,4604.63,none
103933,2024-07-01,17:18:00,2024-07-01 17:18:00,Sales,5500,Utilities,"Mills, Crane and Kim",22265.05,Christine Gonzales,Timothy Johnson,PO50776,INV529349,22265.05,22265.05,22265.05,none
102860,2024-07-01,17:32:00,2024-07-01 17:32:00,HR,5100,Office Supplies,Hughes-Nichols,5246.69,Austin Cohen,Anita Harris,PO58737,INV16032,5246.69,5246.69,5246.69,none
104355,2024-07-01,17:47:00,2024-07-01 17:47:00,HR,6000,Vendor Payments,Harris PLC,20558.43,Christopher Chung,Tanner Avila,PO201150,INV783655,20558.43,20558.43,20558.43,none
103953,2024-07-01,18:48:00,2024-07-01 18:48:00,Marketing,5200,Travel & Entertainment,Pearson PLC,7323.7,Brittany Jackson,Christopher Chung,PO980097,INV899241,7323.7,7323.7,7323.7,none
104886,2024-07-02,09:20:00,2024-07-02 09:20:00,HR,5100,Office Supplies,Powers Group,2640.18,Jeffrey Hancock,Thomas Martin,PO66362,INV212047,2640.18,2640.18,2640.18,duplicate_payment
100435,2024-07-02,09:31:00,2024-07-02 09:31:00,Sales,5100,Office Supplies,"Yang, Weber and Nielsen",8728.02,Alyssa Jackson,Lindsey Lewis,PO904728,INV614848,8728.02,8728.02,8728.02,none
101327,2024-07-02,09:35:00,2024-07-02 09:35:00,Marketing,5000,Raw Materials Expense,Humphrey-Berg,10002.74,Autumn Reed,Donald Ferguson,PO246943,INV455948,10002.74,10002.74,10002.74,none
103147,2024-07-02,11:03:00,2024-07-02 11:03:00,HR,5200,Travel & Entertainment,"Hernandez, Hopkins and Houston",4556.47,Janice Bush,Nicole Clarke,PO941744,INV597521,4556.47,4556.47,4556.47,none
105023,2024-07-02,11:11:00,2024-07-02 11:11:00,HR,5400,IT & Software,Jones Ltd,5622.17,Donna Weber,Elizabeth Shea,PO163589,INV791240,5622.17,5622.17,5622.17,duplicate_payment
102691,2024-07-02,11:12:00,2024-07-02 11:12:00,Operations,5100,Office Supplies,Reyes-Glover,9135.1,Elizabeth Shea,Christopher Chung,PO307301,INV586218,9135.1,9135.1,9135.1,none
101294,2024-07-02,12:05:00,2024-07-02 12:05:00,Procurement,5100,Office Supplies,Pearson PLC,5392.95,Thomas Martin,Patricia Perry,PO451469,INV705796,5392.95,5392.95,5392.95,none
100599,2024-07-02,12:10:00,2024-07-02 12:10:00,Operations,5500,Utilities,Tucker Group,13439.56,Christopher Chung,Christina Miller,PO882495,INV270068,13439.56,13439.56,13439.56,none
104097,2024-07-02,12:37:00,2024-07-02 12:37:00,Procurement,5300,Professional Fees,Jones Ltd,5027.79,Sergio Arroyo,Patricia Lopez,PO127870,INV799882,5027.79,5027.79,5027.79,none
103646,2024-07-02,13:49:00,2024-07-02 13:49:00,Finance,5300,Professional Fees,Smith-Parker,9273.71,Autumn Reed,Patricia Lopez,PO914034,INV485474,9273.71,9273.71,9273.71,none
103441,2024-07-02,14:00:00,2024-07-02 14:00:00,IT,5300,Professional Fees,Hopkins Inc,24363.54,Denise Elliott,Autumn Reed,PO45390,INV49113,24363.54,24363.54,24363.54,none
101292,2024-07-02,15:11:00,2024-07-02 15:11:00,Procurement,5200,Travel & Entertainment,Mays-Ortega,18678.62,Brittany Jackson,Mary Harrison,PO264207,INV937065,18678.62,18678.62,18678.62,none
100608,2024-07-02,15:18:00,2024-07-02 15:18:00,Sales,6000,Vendor Payments,Murphy Inc,23496.93,Joy Hernandez,Leslie Robinson,PO462427,INV699577,23496.93,23496.93,23496.93,none
102272,2024-07-02,16:23:00,2024-07-02 16:23:00,Procurement,5400,IT & Software,Murphy Inc,29517.3,Elizabeth Boyle,Anita Harris,PO433183,INV575332,29517.3,29517.3,29517.3,none
100614,2024-07-02,16:39:00,2024-07-02 16:39:00,Sales,5500,Utilities,Willis Group,19391.95,Gerald Freeman,Christine Gonzales,PO688710,INV751607,19391.95,19391.95,19391.95,none
100672,2024-07-02,17:06:00,2024-07-02 17:06:00,Marketing,5500,Utilities,"Nelson, Duncan and Smith",5374.79,Donna Weber,Donald Ferguson,PO304837,INV646834,5374.79,5374.79,5374.79,none
102673,2024-07-02,17:43:00,2024-07-02 17:43:00,Marketing,6000,Vendor Payments,Lopez Ltd,9556.43,Kyle King,Taylor Carroll,PO816713,INV444085,9556.43,9556.43,9556.43,none
100161,2024-07-02,18:18:00,2024-07-02 18:18:00,Operations,6000,Vendor Payments,Smith-Wise,34945.26,Jeffrey Hancock,Michael Rivas,PO468791,INV328628,34945.26,34945.26,34945.26,none
104060,2024-07-02,18:37:00,2024-07-02 18:37:00,Finance,6000,Vendor Payments,Lopez Ltd,7425.79,Joy Hernandez,Leslie Robinson,PO520871,INV785514,7425.79,7425.79,7425.79,none
103947,2024-07-02,18:47:00,2024-07-02 18:47:00,HR,5100,Office Supplies,White-Thomas,19375.17,Michael Macdonald,Christina Miller,PO432998,INV939258,19375.17,19375.17,19375.17,none
100257,2024-07-03,10:33:00,2024-07-03 10:33:00,Sales,5500,Utilities,Schneider-Clark,13267.83,Donald Ferguson,Sergio Arroyo,PO497402,INV826030,13267.83,13267.83,13267.83,none
103421,2024-07-03,11:05:00,2024-07-03 11:05:00,Marketing,6000,Vendor Payments,"Robles, Moses and Morgan",858.59,Elizabeth Shea,Leslie Robinson,PO981081,INV292717,858.59,858.59,858.59,none
103959,2024-07-03,13:24:00,2024-07-03 13:24:00,Marketing,5100,Office Supplies,"Gardner, Perry and Cruz",14235.51,Nicole Chavez,Gary Stone,PO60157,INV828102,14235.51,14235.51,14235.51,none
102975,2024-07-03,14:32:00,2024-07-03 14:32:00,HR,5200,Travel & Entertainment,"Robles, Moses and Morgan",21160.26,Elizabeth Shea,Nicole Chavez,PO466552,INV985581,21160.26,21160.26,21160.26,none
103625,2024-07-03,15:12:00,2024-07-03 15:12:00,Marketing,5200,Travel & Entertainment,Mays-Ortega,28932.78,Lindsey Lewis,Taylor Carroll,PO261158,INV615195,28932.78,28932.78,28932.78,none
101075,2024-07-03,15:40:00,2024-07-03 15:40:00,Finance,5300,Professional Fees,"Cherry, Martin and Compton",48773.65,Elizabeth Shea,Dawn Hall,PO187370,INV29084,48773.65,48773.65,48773.65,none
102322,2024-07-03,16:03:00,2024-07-03 16:03:00,IT,5500,Utilities,Young Inc,8354.45,Timothy Johnson,Michael Fox,PO607776,INV496542,8354.45,8354.45,8354.45,none
100821,2024-07-03,16:28:00,2024-07-03 16:28:00,HR,5100,Office Supplies,"Dixon, Jackson and Benjamin",16477.59,Janice Bush,Michael Rivas,PO239323,INV712919,16477.59,16477.59,16477.59,none
100282,2024-07-03,17:36:00,2024-07-03 17:36:00,Sales,6000,Vendor Payments,Tucker Group,7447.98,Lawrence Davis,Christina Miller,PO625723,INV171279,7447.98,7447.98,7447.98,none
104492,2024-07-03,18:35:00,2024-07-03 18:35:00,IT,5500,Utilities,Jones Inc,16747.11,Lindsey Lewis,Tanner Avila,PO806192,INV534102,16747.11,16747.11,16747.11,none
103062,2024-07-03,18:38:00,2024-07-03 18:38:00,Sales,5500,Utilities,"Silva, Jones and Oliver",12244.21,Joy Hernandez,Austin Cohen,PO431365,INV268143,12244.21,12244.21,12244.21,none
102530,2024-07-04,10:06:00,2024-07-04 10:06:00,Sales,5400,IT & Software,Evans Ltd,4997.51,Taylor Carroll,Jeffrey Hancock,PO172855,INV52105,4997.51,4997.51,4997.51,none
101829,2024-07-04,10:22:00,2024-07-04 10:22:00,Procurement,5500,Utilities,"Decker, Eaton and Arnold",6302.99,Alyssa Jackson,Michael Macdonald,PO596428,INV331268,6302.99,6302.99,6302.99,none
102131,2024-07-04,12:55:00,2024-07-04 12:55:00,Procurement,5000,Raw Materials Expense,Scott-Bailey,32198.09,Taylor Carroll,Mary Harrison,PO759795,INV910914,32198.09,32198.09,32198.09,none
101809,2024-07-04,13:42:00,2024-07-04 13:42:00,Finance,5400,IT & Software,Gross-Morrison,16369.39,Donna Weber,Patricia Perry,PO866827,INV439751,16369.39,16369.39,16369.39,none
103889,2024-07-04,14:36:00,2024-07-04 14:36:00,HR,5100,Office Supplies,Powers Group,6336.0,Denise Elliott,Kyle King,PO431143,INV642463,6336.0,6336.0,6336.0,none
103638,2024-07-04,16:26:00,2024-07-04 16:26:00,Sales,5300,Professional Fees,Smith-Wise,11075.41,Brittany Jackson,Sergio Arroyo,PO820044,INV734988,11075.41,11075.41,11075.41,none
102606,2024-07-04,17:17:00,2024-07-04 17:17:00,Sales,5300,Professional Fees,"Howard, Tucker and Flores",30185.37,Christopher Chung,Donald Ferguson,PO955913,INV748194,30185.37,30185.37,30185.37,none
100303,2024-07-04,17:18:00,2024-07-04 17:18:00,Operations,5000,Raw Materials Expense,Smith-Parker,14885.77,Janice Bush,Leslie Robinson,PO606092,INV906638,14885.77,14885.77,14885.77,none
104968,2024-07-04,17:19:00,2024-07-04 17:19:00,Marketing,6000,Vendor Payments,Jones Ltd,38291.43,Michael Fox,Michael Macdonald,PO142518,INV871976,38291.43,38291.43,38291.43,duplicate_payment
101303,2024-07-04,17:48:00,2024-07-04 17:48:00,Procurement,5500,Utilities,Nichols LLC,19701.43,Anita Harris,Christina Miller,PO200516,INV517282,19701.43,19701.43,19701.43,none
101464,2024-07-04,18:06:00,2024-07-04 18:06:00,Sales,6000,Vendor Payments,Pearson PLC,17136.89,Leslie Robinson,Autumn Reed,PO530470,INV552340,17136.89,17136.89,17136.89,none
102271,2024-07-04,18:43:00,2024-07-04 18:43:00,IT,5500,Utilities,Reyes-Glover,33324.56,Elizabeth Boyle,Taylor Carroll,PO823221,INV331307,33324.56,33324.56,33324.56,none
100136,2024-07-04,18:48:00,2024-07-04 18:48:00,Marketing,5400,IT & Software,Jones Ltd,9529.04,Michael Macdonald,Lindsey Lewis,PO206003,INV311787,9529.04,9529.04,9529.04,none
103797,2024-07-05,09:04:00,2024-07-05 09:04:00,Sales,5200,Travel & Entertainment,Stevens-Gibson,18520.07,Nicole Chavez,Brittany Jackson,PO404918,INV146279,18520.07,18520.07,18520.07,none
104556,2024-07-05,09:10:00,2024-07-05 09:10:00,IT,5500,Utilities,"Robles, Moses and Morgan",3658.2,Denise Elliott,Joy Hernandez,PO291574,INV582919,3658.2,3658.2,3658.2,none
100630,2024-07-05,09:52:00,2024-07-05 09:52:00,HR,5400,IT & Software,Young Inc,17741.54,Anita Harris,Christopher Chung,PO263529,INV375919,17741.54,17741.54,17741.54,none
104876,2024-07-05,10:02:00,2024-07-05 10:02:00,Finance,5200,Travel & Entertainment,Reyes-Glover,2970.1,Thomas Martin,Joy Hernandez,PO501355,INV9939,2970.1,2970.1,2970.1,duplicate_payment
100525,2024-07-05,10:23:00,2024-07-05 10:23:00,IT,5100,Office Supplies,Miller LLC,15854.98,Austin Cohen,Sergio Arroyo,PO867361,INV335705,15854.98,15854.98,15854.98,none
102339,2024-07-05,10:38:00,2024-07-05 10:38:00,Sales,5500,Utilities,"Durham, Bowen and Hess",3300.11,Lindsey Lewis,Michael Fox,PO821602,INV219987,3300.11,3300.11,3300.11,none
103983,2024-07-05,11:33:00,2024-07-05 11:33:00,Sales,5400,IT & Software,Jones Inc,28840.65,Leslie Robinson,Lawrence Davis,PO416811,INV176212,28840.65,28840.65,28840.65,none
104205,2024-07-05,11:49:00,2024-07-05 11:49:00,Operations,5500,Utilities,Tucker Group,19587.44,Michael Macdonald,Alyssa Jackson,PO144192,INV982531,19587.44,19587.44,19587.44,none
102780,2024-07-05,12:50:00,2024-07-05 12:50:00,HR,5100,Office Supplies,"Decker, Eaton and Arnold",22897.69,Gerald Freeman,Christopher Chung,PO6054,INV300797,22897.69,22897.69,22897.69,none
103771,2024-07-05,13:18:00,2024-07-05 13:18:00,HR,5300,Professional Fees,Hopkins Inc,46803.13,Autumn Reed,Nicole Clarke,PO705284,INV257257,46803.13,46803.13,46803.13,none
101533,2024-07-05,14:19:00,2024-07-05 14:19:00,HR,5000,Raw Materials Expense,Mora-Lynn,5233.46,Patricia Lopez,Gary Stone,PO179069,INV488713,5233.46,5233.46,5233.46,none
100067,2024-07-05,15:04:00,2024-07-05 15:04:00,Operations,5000,Raw Materials Expense,Nichols LLC,2212.84,Sergio Arroyo,Leslie Robinson,PO98889,INV602380,2212.84,2212.84,2212.84,none
104929,2024-07-05,15:18:00,2024-07-05 15:18:00,Sales,5400,IT & Software,Willis Group,16441.37,Lawrence Davis,Michael Fox,PO611890,INV232167,16441.37,16441.37,16441.37,duplicate_payment
101697,2024-07-05,15:28:00,2024-07-05 15:28:00,HR,5000,Raw Materials Expense,Becker-Martinez,12891.91,Elizabeth Shea,Lawrence Davis,PO886816,INV248793,12891.91,12891.91,12891.91,none
102789,2024-07-05,15:46:00,2024-07-05 15:46:00,Marketing,5500,Utilities,Torres-Mendoza,28236.65,Jeffrey Hancock,Denise Elliott,PO238146,INV780045,28236.65,28236.65,28236.65,none
102905,2024-07-05,16:48:00,2024-07-05 16:48:00,Marketing,6000,Vendor Payments,"Robles, Moses and Morgan",3100.27,Michael Fox,Christopher Chung,PO773080,INV822337,3100.27,3100.27,3100.27,none
104261,2024-07-05,17:30:00,2024-07-05 17:30:00,Marketing,5500,Utilities,Stevens-Gibson,15627.85,Anita Harris,Nicole Clarke,PO201227,INV858660,15627.85,15627.85,15627.85,none
104842,2024-07-05,17:41:00,2024-07-05 17:41:00,Operations,5000,Raw Materials Expense,Mora-Lynn,100000.0,Autumn Reed,Austin Cohen,PO417551,INV104338,100000.0,100000.0,100000.0,round_number
102023,2024-07-05,17:47:00,2024-07-05 17:47:00,Marketing,5100,Office Supplies,"Nelson, Duncan and Smith",13907.61,Michael Fox,Denise Elliott,PO346640,INV886939,13907.61,13907.61,13907.61,none
104913,2024-07-05,17:54:00,2024-07-05 17:54:00,HR,5500,Utilities,"Flores, Hood and Brown",18315.11,Sean Kelly,Sean Kelly,PO874793,INV264054,18315.11,18315.11,18315.11,segregation_violation
104593,2024-07-05,18:51:00,2024-07-05 18:51:00,IT,5000,Raw Materials Expense,Gross-Morrison,18257.76,Denise Elliott,Austin Cohen,PO460057,INV985262,18257.76,18257.76,18257.76,none
102608,2024-07-08,09:23:00,2024-07-08 09:23:00,Marketing,5200,Travel & Entertainment,Ballard-Jenkins,15021.64,James Dennis,Christopher Chung,PO283943,INV45366,15021.64,15021.64,15021.64,none
101923,2024-07-08,09:39:00,2024-07-08 09:39:00,Sales,5300,Professional Fees,Pearson PLC,29648.62,Sergio Arroyo,Jeffrey Hancock,PO547476,INV845482,29648.62,29648.62,29648.62,none
102005,2024-07-08,09:47:00,2024-07-08 09:47:00,Sales,5100,Office Supplies,Smith-Parker,4086.63,Corey Jones,Donald Ferguson,PO91662,INV403832,4086.63,4086.63,4086.63,none
103191,2024-07-08,09:56:00,2024-07-08 09:56:00,Procurement,5000,Raw Materials Expense,"Gardner, Perry and Cruz",3112.87,Sergio Arroyo,Sean Kelly,PO790404,INV877592,3112.87,3112.87,3112.87,none
101257,2024-07-08,10:38:00,2024-07-08 10:38:00,Sales,5300,Professional Fees,Smith-Wise,13708.87,Donna Weber,Patricia Lopez,PO601583,INV420847,13708.87,13708.87,13708.87,none
101051,2024-07-08,11:13:00,2024-07-08 11:13:00,Finance,5400,IT & Software,Tucker Group,34066.35,Alyssa Jackson,Michael Rivas,PO981001,INV535555,34066.35,34066.35,34066.35,none
103550,2024-07-08,12:16:00,2024-07-08 12:16:00,IT,5100,Office Supplies,"White, Tucker and Wolf",15306.23,Lindsey Lewis,Christine Gonzales,PO356418,INV703499,15306.23,15306.23,15306.23,none
101850,2024-07-08,12:18:00,2024-07-08 12:18:00,Procurement,5400,IT & Software,Galvan Group,5794.05,Leslie Robinson,Autumn Reed,PO36927,INV963509,5794.05,5794.05,5794.05,none
101293,2024-07-08,12:28:00,2024-07-08 12:28:00,Marketing,6000,Vendor Payments,Stevens-Gibson,8858.48,Autumn Reed,Elizabeth Shea,PO572433,INV964317,8858.48,8858.48,8858.48,none
102389,2024-07-08,13:25:00,2024-07-08 13:25:00,HR,5000,Raw Materials Expense,Stewart-Russell,25464.17,Denise Elliott,Donna Weber,PO279438,INV563879,25464.17,25464.17,25464.17,none
103711,2024-07-08,13:45:00,2024-07-08 13:45:00,IT,5400,IT & Software,"Hernandez, Hopkins and Houston",12373.42,Nicole Clarke,Lawrence Davis,PO71273,INV487951,12373.42,12373.42,12373.42,none
103359,2024-07-08,14:09:00,2024-07-08 14:09:00,Procurement,5300,Professional Fees,Jones Ltd,12874.95,Sean Kelly,Lindsey Lewis,PO802982,INV499397,12874.95,12874.95,12874.95,none
100010,2024-07-08,14:13:00,2024-07-08 14:13:00,Finance,5300,Professional Fees,"Martin, Brewer and Young",2227.32,Dawn Hall,Gerald Freeman,PO373633,INV207729,2227.32,2227.32,2227.32,none
101434,2024-07-08,14:20:00,2024-07-08 14:20:00,Marketing,5200,Travel & Entertainment,Evans Ltd,16946.82,Tanner Avila,Christopher Chung,PO872228,INV155026,16946.82,16946.82,16946.82,none
104559,2024-07-08,15:30:00,2024-07-08 15:30:00,Sales,5300,Professional Fees,Murphy Inc,10209.38,Gary Mays,Mary Harrison,PO504819,INV721735,10209.38,10209.38,10209.38,none
101886,2024-07-08,16:36:00,2024-07-08 16:36:00,Procurement,5300,Professional Fees,Miller LLC,18861.95,James Dennis,Anita Harris,PO649701,INV640211,18861.95,18861.95,18861.95,none
101030,2024-07-08,16:45:00,2024-07-08 16:45:00,Sales,6000,Vendor Payments,Stewart-Russell,5165.9,Kyle King,Patricia Lopez,PO976790,INV424819,5165.9,5165.9,5165.9,none
104237,2024-07-08,17:01:00,2024-07-08 17:01:00,Operations,5300,Professional Fees,Powers Group,18527.91,Thomas Martin,Sean Kelly,PO644551,INV196069,18527.91,18527.91,18527.91,none
100722,2024-07-08,17:35:00,2024-07-08 17:35:00,HR,6000,Vendor Payments,Larson PLC,10888.82,Corey Jones,Patricia Lopez,PO290310,INV610026,10888.82,10888.82,10888.82,none
103168,2024-07-08,18:29:00,2024-07-08 18:29:00,Operations,5100,Office Supplies,"Yang, Weber and Nielsen",4810.76,Gary Mays,Lindsey Lewis,PO699522,INV667008,4810.76,4810.76,4810.76,none
105017,2024-07-09,10:02:00,2024-07-09 10:02:00,Finance,5200,Travel & Entertainment,Reyes-Glover,2970.1,Thomas Martin,Joy Hernandez,PO501355,INV9939,2970.1,2970.1,2970.1,duplicate_payment
100797,2024-07-09,10:15:00,2024-07-09 10:15:00,Marketing,5500,Utilities,Smith-Wise,11406.9,Taylor Carroll,Denise Elliott,PO559626,INV241048,11406.9,11406.9,11406.9,none
104328,2024-07-09,10:48:00,2024-07-09 10:48:00,Sales,5100,Office Supplies,Jones Ltd,3903.03,Autumn Reed,Sergio Arroyo,PO623651,INV191126,3903.03,3903.03,3903.03,none
104783,2024-07-09,10:55:00,2024-07-09 10:55:00,Operations,5300,Professional Fees,Nichols LLC,17505.82,Christina Miller,Michael Macdonald,PO706160,INV848129,17505.82,17505.82,17505.82,none
101798,2024-07-09,11:02:00,2024-07-09 11:02:00,Finance,5500,Utilities,Larson PLC,7604.26,Gary Mays,Austin Cohen,PO459927,INV250456,7604.26,7604.26,7604.26,none
102419,2024-07-09,11:45:00,2024-07-09 11:45:00,Operations,6000,Vendor Payments,"Hernandez, Hopkins and Houston",10077.95,Taylor Carroll,Gary Mays,PO527028,INV12769,10077.95,10077.95,10077.95,none
100481,2024-07-09,11:47:00,2024-07-09 11:47:00,HR,6000,Vendor Payments,Mays-Ortega,18185.64,Michael Rivas,Gerald Freeman,PO509770,INV854724,18185.64,18185.64,18185.64,none
103065,2024-07-09,12:02:00,2024-07-09 12:02:00,Operations,5300,Professional Fees,"Howard, Tucker and Flores",39994.37,Elizabeth Shea,Jeffrey Hancock,PO219492,INV205142,39994.37,39994.37,39994.37,none
104299,2024-07-09,12:58:00,2024-07-09 12:58:00,IT,5100,Office Supplies,Willis Group,18759.71,Michael Fox,Lawrence Davis,PO729959,INV190863,18759.71,18759.71,18759.71,none
103245,2024-07-09,13:32:00,2024-07-09 13:32:00,Marketing,5100,Office Supplies,Jones Inc,16102.68,Patricia Lopez,Nicole Chavez,PO778620,INV97951,16102.68,16102.68,16102.68,none
102496,2024-07-09,14:00:00,2024-07-09 14:00:00,Marketing,5000,Raw Materials Expense,"Martin, Brewer and Young",6544.08,Dawn Hall,Christopher Chung,PO409279,INV271606,6544.08,6544.08,6544.08,none
104335,2024-07-09,14:31:00,2024-07-09 14:31:00,Marketing,5300,Professional Fees,Galvan Group,10499.47,James Dennis,Thomas Martin,PO230050,INV697095,10499.47,10499.47,10499.47,none
103720,2024-07-09,15:00:00,2024-07-09 15:00:00,Operations,5500,Utilities,Francis-Burke,20605.71,Alyssa Jackson,Patricia Lopez,PO969079,INV434922,20605.71,20605.71,20605.71,none
101819,2024-07-09,15:04:00,2024-07-09 15:04:00,Procurement,5400,IT & Software,Rivera-Charles,3334.51,Lawrence Davis,Gary Mays,PO119178,INV879946,3334.51,3334.51,3334.51,none
102954,2024-07-09,15:50:00,2024-07-09 15:50:00,HR,5000,Raw Materials Expense,Mays-Ortega,18757.82,Patricia Perry,Leslie Robinson,PO324496,INV794039,18757.82,18757.82,18757.82,none
101052,2024-07-09,16:34:00,2024-07-09 16:34:00,HR,5500,Utilities,"Brown, Baker and Alvarado",2909.15,Elizabeth Boyle,Dawn Hall,PO487992,INV313545,2909.15,2909.15,2909.15,none
101969,2024-07-09,16:45:00,2024-07-09 16:45:00,Marketing,6000,Vendor Payments,Becker-Martinez,16384.95,Alyssa Jackson,Joy Hernandez,PO615367,INV419371,16384.95,16384.95,16384.95,none
104080,2024-07-09,16:57:00,2024-07-09 16:57:00,Operations,5300,Professional Fees,"Decker, Eaton and Arnold",18172.47,James Dennis,Anita Harris,PO131001,INV685257,18172.47,18172.47,18172.47,none
104701,2024-07-09,17:31:00,2024-07-09 17:31:00,Marketing,5200,Travel & Entertainment,Powers Group,22591.62,Sergio Arroyo,Leslie Robinson,PO137484,INV755571,22591.62,22591.62,22591.62,none
103658,2024-07-09,17:47:00,2024-07-09 17:47:00,IT,5200,Travel & Entertainment,"Cherry, Martin and Compton",3810.58,Donald Ferguson,Sergio Arroyo,PO411733,INV165210,3810.58,3810.58,3810.58,none
103578,2024-07-10,09:28:00,2024-07-10 09:28:00,Sales,5400,IT & Software,Francis-Burke,2457.94,Michael Rivas,Taylor Carroll,PO341824,INV815599,2457.94,2457.94,2457.94,none
103211,2024-07-10,09:28:00,2024-07-10 09:28:00,Sales,5100,Office Supplies,Schneider-Clark,65766.36,Elizabeth Shea,Michael Fox,PO214784,INV768869,65766.36,65766.36,65766.36,none
104465,2024-07-10,09:33:00,2024-07-10 09:33:00,Sales,5200,Travel & Entertainment,Gross-Morrison,29805.18,Christopher Chung,Mary Harrison,PO821835,INV428176,29805.18,29805.18,29805.18,none
104153,2024-07-10,09:52:00,2024-07-10 09:52:00,Finance,6000,Vendor Payments,"Silva, Jones and Oliver",9082.12,Donald Ferguson,Timothy Johnson,PO50420,INV494393,9082.12,9082.12,9082.12,none
103405,2024-07-10,10:31:00,2024-07-10 10:31:00,Marketing,5400,IT & Software,Harris PLC,37702.32,Gary Mays,Patricia Lopez,PO760976,INV767054,37702.32,37702.32,37702.32,none
101612,2024-07-10,10:43:00,2024-07-10 10:43:00,Finance,5400,IT & Software,"Durham, Bowen and Hess",5236.29,Mary Harrison,Elizabeth Boyle,PO111966,INV769544,5236.29,5236.29,5236.29,none
103617,2024-07-10,10:50:00,2024-07-10 10:50:00,Sales,5200,Travel & Entertainment,"Morton, Reynolds and Anderson",12082.93,Gary Mays,Christopher Chung,PO825301,INV505791,12082.93,12082.93,12082.93,none
103800,2024-07-10,11:11:00,2024-07-10 11:11:00,Finance,5400,IT & Software,"Hernandez, Hopkins and Houston",6538.17,Sean Kelly,Lindsey Lewis,PO688134,INV79697,6538.17,6538.17,6538.17,none
100432,2024-07-10,11:32:00,2024-07-10 11:32:00,Procurement,5100,Office Supplies,"Morton, Reynolds and Anderson",27944.19,Austin Cohen,Leslie Robinson,PO337739,INV949760,27944.19,27944.19,27944.19,none
101356,2024-07-10,11:36:00,2024-07-10 11:36:00,Operations,5300,Professional Fees,"Durham, Bowen and Hess",12112.46,Janice Bush,Thomas Martin,PO209199,INV464002,12112.46,12112.46,12112.46,none
102104,2024-07-10,11:37:00,2024-07-10 11:37:00,HR,5200,Travel & Entertainment,Torres-Mendoza,16145.97,Elizabeth Shea,Christopher Chung,PO232474,INV642014,16145.97,16145.97,16145.97,none
101739,2024-07-10,11:39:00,2024-07-10 11:39:00,Finance,6000,Vendor Payments,"Decker, Eaton and Arnold",12835.85,Timothy Johnson,Christina Miller,PO375680,INV313785,12835.85,12835.85,12835.85,none
101426,2024-07-10,11:45:00,2024-07-10 11:45:00,Finance,5500,Utilities,Mora-Lynn,6559.23,Gerald Freeman,Leslie Robinson,PO142729,INV964428,6559.23,6559.23,6559.23,none
104477,2024-07-10,12:17:00,2024-07-10 12:17:00,Sales,5000,Raw Materials Expense,Lopez Ltd,13942.55,Christine Gonzales,Joy Hernandez,PO929816,INV492940,13942.55,13942.55,13942.55,none
100780,2024-07-10,12:26:00,2024-07-10 12:26:00,Finance,5400,IT & Software,"Gardner, Perry and Cruz",50828.82,Autumn Reed,Sean Kelly,PO705928,INV331433,50828.82,50828.82,50828.82,none
101642,2024-07-10,12:32:00,2024-07-10 12:32:00,Marketing,5500,Utilities,Stewart-Russell,29337.11,Kyle King,Autumn Reed,PO75571,INV670874,29337.11,29337.11,29337.11,none
103585,2024-07-10,14:22:00,2024-07-10 14:22:00,Sales,5200,Travel & Entertainment,Rivera-Charles,59862.1,Donna Weber,Gerald Freeman,PO274700,INV989547,59862.1,59862.1,59862.1,none
100305,2024-07-10,14:35:00,2024-07-10 14:35:00,HR,5000,Raw Materials Expense,Tucker Group,8093.87,Jeffrey Hancock,Michael Macdonald,PO624825,INV294162,8093.87,8093.87,8093.87,none
102340,2024-07-10,14:46:00,2024-07-10 14:46:00,Finance,5300,Professional Fees,Mays-Ortega,33305.54,Corey Jones,Janice Bush,PO372254,INV687954,33305.54,33305.54,33305.54,none
101398,2024-07-10,16:18:00,2024-07-10 16:18:00,Sales,5400,IT & Software,Reyes-Glover,20321.74,Lindsey Lewis,Denise Elliott,PO338655,INV920603,20321.74,20321.74,20321.74,none
102861,2024-07-10,16:59:00,2024-07-10 16:59:00,IT,5100,Office Supplies,Smith-Parker,9993.17,Alyssa Jackson,Joy Hernandez,PO742571,INV184678,9993.17,9993.17,9993.17,none
103965,2024-07-10,17:03:00,2024-07-10 17:03:00,Procurement,5400,IT & Software,Raymond-Lucas,10459.01,Lindsey Lewis,Sergio Arroyo,PO916662,INV424547,10459.01,10459.01,10459.01,none
101073,2024-07-10,17:46:00,2024-07-10 17:46:00,Finance,5500,Utilities,Hopkins Inc,2058.56,Corey Jones,Austin Cohen,PO567480,INV872127,2058.56,2058.56,2058.56,none
101644,2024-07-10,17:52:00,2024-07-10 17:52:00,Operations,5000,Raw Materials Expense,Rogers Ltd,9082.28,Thomas Martin,Gerald Freeman,PO237213,INV731170,9082.28,9082.28,9082.28,none
103028,2024-07-10,18:21:00,2024-07-10 18:21:00,Sales,5400,IT & Software,"Howard, Tucker and Flores",10337.0,Christine Gonzales,Lawrence Davis,PO168096,INV479729,10337.0,10337.0,10337.0,none
101183,2024-07-10,18:59:00,2024-07-10 18:59:00,Marketing,5300,Professional Fees,Hopkins Inc,22670.51,Jeffrey Hancock,Christine Gonzales,PO902265,INV599341,22670.51,22670.51,22670.51,none
103951,2024-07-11,09:07:00,2024-07-11 09:07:00,Operations,5200,Travel & Entertainment,Mora-Lynn,21883.88,Michael Fox,Elizabeth Shea,PO437954,INV813799,21883.88,21883.88,21883.88,none
105020,2024-07-11,09:20:00,2024-07-11 09:20:00,HR,5100,Office Supplies,Powers Group,2640.18,Jeffrey Hancock,Thomas Martin,PO66362,INV212047,2640.18,2640.18,2640.18,duplicate_payment
103655,2024-07-11,10:34:00,2024-07-11 10:34:00,HR,5200,Travel & Entertainment,Cowan-Powers,26449.1,Gary Mays,Corey Jones,PO482449,INV261942,26449.1,26449.1,26449.1,none
101468,2024-07-11,10:49:00,2024-07-11 10:49:00,Operations,5300,Professional Fees,"Morton, Reynolds and Anderson",5759.78,Taylor Carroll,Patricia Lopez,PO372065,INV95352,5759.78,5759.78,5759.78,none
102811,2024-07-11,11:01:00,2024-07-11 11:01:00,Finance,5100,Office Supplies,Lopez Ltd,55136.69,Taylor Carroll,Patricia Perry,PO295506,INV278191,55136.69,55136.69,55136.69,none
102944,2024-07-11,12:02:00,2024-07-11 12:02:00,Marketing,5300,Professional Fees,Hopkins Inc,16211.66,Elizabeth Shea,Gary Stone,PO689840,INV593640,16211.66,16211.66,16211.66,none
101857,2024-07-11,12:43:00,2024-07-11 12:43:00,IT,5000,Raw Materials Expense,"Decker, Eaton and Arnold",12194.81,Elizabeth Shea,Taylor Carroll,PO577195,INV640602,12194.81,12194.81,12194.81,none
103954,2024-07-11,13:51:00,2024-07-11 13:51:00,Sales,5500,Utilities,"White, Tucker and Wolf",16847.25,Nicole Clarke,Alyssa Jackson,PO178291,INV698020,16847.25,16847.25,16847.25,none
100409,2024-07-11,13:52:00,2024-07-11 13:52:00,IT,5500,Utilities,"Martin, Brewer and Young",8960.13,Nicole Clarke,Timothy Johnson,PO729426,INV404582,8960.13,8960.13,8960.13,none
102661,2024-07-11,13:53:00,2024-07-11 13:53:00,IT,5300,Professional Fees,Miller LLC,21422.33,Mary Harrison,Sean Kelly,PO851239,INV419271,21422.33,21422.33,21422.33,none
103707,2024-07-11,14:08:00,2024-07-11 14:08:00,Marketing,5300,Professional Fees,Rogers Ltd,19254.06,Elizabeth Shea,Michael Fox,PO604668,INV571094,19254.06,19254.06,19254.06,none
100316,2024-07-11,14:11:00,2024-07-11 14:11:00,Sales,5400,IT & Software,"Yang, Weber and Nielsen",34951.0,Corey Jones,Sergio Arroyo,PO482481,INV623443,34951.0,34951.0,34951.0,none
104188,2024-07-11,14:45:00,2024-07-11 14:45:00,Procurement,5500,Utilities,"Nelson, Duncan and Smith",12807.51,Timothy Johnson,Corey Jones,PO995341,INV933522,12807.51,12807.51,12807.51,none
100234,2024-07-11,14:52:00,2024-07-11 14:52:00,HR,5500,Utilities,Reyes-Glover,12685.01,Michael Fox,Sean Kelly,PO858171,INV434999,12685.01,12685.01,12685.01,none
105007,2024-07-11,14:54:00,2024-07-11 14:54:00,Procurement,5200,Travel & Entertainment,Powers Group,7238.14,Patricia Perry,Taylor Carroll,PO522363,INV581588,7238.14,7238.14,7238.14,duplicate_payment
103341,2024-07-11,15:16:00,2024-07-11 15:16:00,Operations,5100,Office Supplies,"Nelson, Duncan and Smith",17676.99,Taylor Carroll,Sean Kelly,PO724997,INV707624,17676.99,17676.99,17676.99,none
101957,2024-07-11,16:45:00,2024-07-11 16:45:00,HR,5500,Utilities,Gross-Morrison,17550.56,Gary Mays,Nicole Clarke,PO808385,INV683954,17550.56,17550.56,17550.56,none
101996,2024-07-11,17:08:00,2024-07-11 17:08:00,Finance,5400,IT & Software,Pearson PLC,13840.39,Nicole Clarke,Lawrence Davis,PO385073,INV158336,13840.39,13840.39,13840.39,none
103146,2024-07-11,18:13:00,2024-07-11 18:13:00,Procurement,5400,IT & Software,"Robles, Moses and Morgan",3589.98,Donald Ferguson,Timothy Johnson,PO659610,INV20904,3589.98,3589.98,3589.98,none
103457,2024-07-11,18:38:00,2024-07-11 18:38:00,Operations,5300,Professional Fees,"Jefferson, Sullivan and Young",33953.34,Alyssa Jackson,Elizabeth Boyle,PO380092,INV5285,33953.34,33953.34,33953.34,none
100846,2024-07-11,18:57:00,2024-07-11 18:57:00,Operations,5400,IT & Software,Scott-Bailey,47136.84,Denise Elliott,Thomas Martin,PO962057,INV274187,47136.84,47136.84,47136.84,none
104090,2024-07-12,09:10:00,2024-07-12 09:10:00,Procurement,5300,Professional Fees,"White, Tucker and Wolf",23650.69,Nicole Clarke,Timothy Johnson,PO715646,INV92815,23650.69,23650.69,23650.69,none
102581,2024-07-12,09:10:00,2024-07-12 09:10:00,IT,5000,Raw Materials Expense,Harper-Hernandez,22344.34,Gerald Freeman,Nicole Clarke,PO546171,INV664017,22344.34,22344.34,22344.34,none
100413,2024-07-12,10:28:00,2024-07-12 10:28:00,IT,5200,Travel & Entertainment,"Decker, Eaton and Arnold",17271.63,Michael Rivas,Denise Elliott,PO345777,INV75462,17271.63,17271.63,17271.63,none
102192,2024-07-12,10:31:00,2024-07-12 10:31:00,Marketing,5100,Office Supplies,Powers Group,17946.17,Tanner Avila,Kyle King,PO330781,INV437640,17946.17,17946.17,17946.17,none
103339,2024-07-12,11:37:00,2024-07-12 11:37:00,Operations,5300,Professional Fees,Reyes-Glover,33713.95,Corey Jones,Alyssa Jackson,PO723444,INV341807,33713.95,33713.95,33713.95,none
102623,2024-07-12,13:26:00,2024-07-12 13:26:00,Marketing,5500,Utilities,"Jefferson, Sullivan and Young",6726.08,Donald Ferguson,Nicole Clarke,PO291450,INV38505,6726.08,6726.08,6726.08,none
100349,2024-07-12,15:05:00,2024-07-12 15:05:00,IT,5500,Utilities,Willis Group,18575.3,Michael Macdonald,Dawn Hall,PO360657,INV417826,18575.3,18575.3,18575.3,none
100711,2024-07-12,15:08:00,2024-07-12 15:08:00,Operations,5400,IT & Software,"Nelson, Duncan and Smith",18646.03,Nicole Chavez,Lawrence Davis,PO611311,INV61402,18646.03,18646.03,18646.03,none
104296,2024-07-12,16:11:00,2024-07-12 16:11:00,Operations,5200,Travel & Entertainment,Miller LLC,2446.39,Dawn Hall,Anita Harris,PO175633,INV578217,2446.39,2446.39,2446.39,none
102025,2024-07-12,16:41:00,2024-07-12 16:41:00,Marketing,5400,IT & Software,"Yang, Weber and Nielsen",10449.83,Joy Hernandez,Dawn Hall,PO998229,INV351892,10449.83,10449.83,10449.83,none
104789,2024-07-12,16:44:00,2024-07-12 16:44:00,Marketing,5100,Office Supplies,"Jefferson, Sullivan and Young",12789.64,Leslie Robinson,Jeffrey Hancock,PO107671,INV975386,12789.64,12789.64,12789.64,none
105039,2024-07-12,17:19:00,2024-07-12 17:19:00,Marketing,6000,Vendor Payments,Jones Ltd,38291.43,Michael Fox,Michael Macdonald,PO142518,INV871976,38291.43,38291.43,38291.43,duplicate_payment
104415,2024-07-12,17:27:00,2024-07-12 17:27:00,Sales,5200,Travel & Entertainment,Powers Group,27566.21,Mary Harrison,Kyle King,PO801456,INV554208,27566.21,27566.21,27566.21,none
104344,2024-07-12,17:35:00,2024-07-12 17:35:00,HR,5300,Professional Fees,"Robles, Moses and Morgan",4911.85,Thomas Martin,James Dennis,PO349431,INV817221,4911.85,4911.85,4911.85,none
102966,2024-07-12,17:46:00,2024-07-12 17:46:00,HR,5100,Office Supplies,Powers Group,15046.83,Janice Bush,Denise Elliott,PO436133,INV295952,15046.83,15046.83,15046.83,none
103071,2024-07-12,18:02:00,2024-07-12 18:02:00,Marketing,5500,Utilities,Pearson PLC,12128.72,Nicole Chavez,Nicole Clarke,PO311814,INV681124,12128.72,12128.72,12128.72,none
104642,2024-07-12,18:13:00,2024-07-12 18:13:00,Procurement,5300,Professional Fees,"Morton, Reynolds and Anderson",2605.95,Christopher Chung,Michael Rivas,PO899076,INV646782,2605.95,2605.95,2605.95,none
101115,2024-07-12,18:43:00,2024-07-12 18:43:00,Procurement,5300,Professional Fees,Murphy Inc,7524.83,Nicole Clarke,Taylor Carroll,PO803407,INV228468,7524.83,7524.83,7524.83,none
100594,2024-07-15,09:02:00,2024-07-15 09:02:00,Operations,5500,Utilities,Mora-Lynn,9439.7,Kyle King,Alyssa Jackson,PO532194,INV389630,9439.7,9439.7,9439.7,none
102688,2024-07-15,09:10:00,2024-07-15 09:10:00,HR,6000,Vendor Payments,Reyes-Glover,6991.79,Nicole Clarke,Corey Jones,PO744559,INV798408,6991.79,6991.79,6991.79,none
103600,2024-07-15,10:57:00,2024-07-15 10:57:00,IT,6000,Vendor Payments,Ballard-Jenkins,7413.01,Kyle King,Michael Rivas,PO262491,INV888410,7413.01,7413.01,7413.01,none
101963,2024-07-15,11:27:00,2024-07-15 11:27:00,Procurement,5100,Office Supplies,"Morton, Reynolds and Anderson",17744.26,Tanner Avila,Donald Ferguson,PO682414,INV911153,17744.26,17744.26,17744.26,none
102290,2024-07-15,11:39:00,2024-07-15 11:39:00,Operations,5000,Raw Materials Expense,"Yang, Weber and Nielsen",3494.07,Christina Miller,Jeffrey Hancock,PO844953,INV319194,3494.07,3494.07,3494.07,none
103280,2024-07-15,11:39:00,2024-07-15 11:39:00,Finance,5500,Utilities,Mays-Ortega,23492.52,Kyle King,Janice Bush,PO963056,INV309332,23492.52,23492.52,23492.52,none
100391,2024-07-15,11:50:00,2024-07-15 11:50:00,Marketing,6000,Vendor Payments,"Dixon, Jackson and Benjamin",22761.82,Sergio Arroyo,Christopher Chung,PO261340,INV927972,22761.82,22761.82,22761.82,none
103749,2024-07-15,12:16:00,2024-07-15 12:16:00,HR,5400,IT & Software,"Howard, Tucker and Flores",25021.55,Donald Ferguson,Patricia Perry,PO592896,INV746281,25021.55,25021.55,25021.55,none
102411,2024-07-15,12:34:00,2024-07-15 12:34:00,HR,5400,IT & Software,"Yang, Weber and Nielsen",8951.57,James Dennis,Gerald Freeman,PO122612,INV414962,8951.57,8951.57,8951.57,none
102558,2024-07-15,12:35:00,2024-07-15 12:35:00,Sales,5000,Raw Materials Expense,Miller LLC,8061.51,Lawrence Davis,Christina Miller,PO450432,INV556724,8061.51,8061.51,8061.51,none
100963,2024-07-15,12:42:00,2024-07-15 12:42:00,Marketing,5100,Office Supplies,Harper-Hernandez,12920.0,Nicole Clarke,Michael Macdonald,PO30749,INV920774,12920.0,12920.0,12920.0,none
103538,2024-07-15,13:48:00,2024-07-15 13:48:00,Marketing,5400,IT & Software,Jones Ltd,7069.44,Austin Cohen,Brittany Jackson,PO887675,INV654318,7069.44,7069.44,7069.44,none
103390,2024-07-15,13:49:00,2024-07-15 13:49:00,Sales,5000,Raw Materials Expense,Willis Group,13364.59,Tanner Avila,Sean Kelly,PO163167,INV429408,13364.59,13364.59,13364.59,none
100948,2024-07-15,14:14:00,2024-07-15 14:14:00,Operations,5400,IT & Software,Mora-Lynn,16978.34,Janice Bush,Alyssa Jackson,PO109407,INV496670,16978.34,16978.34,16978.34,none
100433,2024-07-15,15:11:00,2024-07-15 15:11:00,Operations,5300,Professional Fees,Evans Ltd,19604.82,Elizabeth Shea,Timothy Johnson,PO974110,INV968819,19604.82,19604.82,19604.82,none
105030,2024-07-15,15:18:00,2024-07-15 15:18:00,Sales,5400,IT & Software,Willis Group,16441.37,Lawrence Davis,Michael Fox,PO611890,INV232167,16441.37,16441.37,16441.37,duplicate_payment
104836,2024-07-15,15:22:00,2024-07-15 15:22:00,Marketing,5000,Raw Materials Expense,"Morton, Reynolds and Anderson",29451.04,Mary Harrison,Gary Mays,PO691564,INV402007,29451.04,35160.66,35160.66,three_way_mismatch
103042,2024-07-15,15:28:00,2024-07-15 15:28:00,Sales,5000,Raw Materials Expense,Lopez Ltd,1585.54,Austin Cohen,Donald Ferguson,PO31694,INV629779,1585.54,1585.54,1585.54,none
101577,2024-07-15,15:35:00,2024-07-15 15:35:00,Marketing,5500,Utilities,"Duncan, Graham and Stark",38662.72,Elizabeth Shea,Michael Rivas,PO943548,INV360817,38662.72,38662.72,38662.72,none
100640,2024-07-15,15:38:00,2024-07-15 15:38:00,HR,5400,IT & Software,"Cherry, Martin and Compton",13247.06,Elizabeth Boyle,Joy Hernandez,PO607284,INV491055,13247.06,13247.06,13247.06,none
101764,2024-07-15,15:59:00,2024-07-15 15:59:00,Marketing,5100,Office Supplies,Miller LLC,25357.08,Lawrence Davis,Jeffrey Hancock,PO396853,INV413344,25357.08,25357.08,25357.08,none
101801,2024-07-15,16:02:00,2024-07-15 16:02:00,Marketing,5400,IT & Software,"Dixon, Jackson and Benjamin",18001.88,Nicole Clarke,Thomas Martin,PO328108,INV338080,18001.88,18001.88,18001.88,none
100559,2024-07-15,16:36:00,2024-07-15 16:36:00,HR,5200,Travel & Entertainment,"Cherry, Martin and Compton",1198.39,Michael Macdonald,Michael Rivas,PO322726,INV49754,1198.39,1198.39,1198.39,none
100879,2024-07-15,17:39:00,2024-07-15 17:39:00,Operations,5500,Utilities,Humphrey-Berg,11224.63,Donald Ferguson,Sergio Arroyo,PO487836,INV382884,11224.63,11224.63,11224.63,none
101544,2024-07-15,17:49:00,2024-07-15 17:49:00,HR,5000,Raw Materials Expense,Hughes-Nichols,3382.14,Alyssa Jackson,Joy Hernandez,PO402425,INV343881,3382.14,3382.14,3382.14,none
102663,2024-07-15,18:15:00,2024-07-15 18:15:00,Sales,5400,IT & Software,"Flores, Hood and Brown",6867.55,Dawn Hall,Taylor Carroll,PO936035,INV615240,6867.55,6867.55,6867.55,none
103516,2024-07-15,18:42:00,2024-07-15 18:42:00,Operations,5100,Office Supplies,Hughes-Nichols,3569.98,Austin Cohen,Michael Macdonald,PO553036,INV815967,3569.98,3569.98,3569.98,none
102416,2024-07-15,18:48:00,2024-07-15 18:48:00,Marketing,5000,Raw Materials Expense,Harris PLC,15522.87,Alyssa Jackson,Anita Harris,PO369670,INV820666,15522.87,15522.87,15522.87,none
102953,2024-07-16,10:00:00,2024-07-16 10:00:00,IT,5400,IT & Software,Schneider-Clark,5642.28,Janice Bush,Corey Jones,PO291188,INV180467,5642.28,5642.28,5642.28,none
103697,2024-07-16,10:10:00,2024-07-16 10:10:00,Procurement,5300,Professional Fees,"Robles, Moses and Morgan",8923.04,Timothy Johnson,Austin Cohen,PO640819,INV229563,8923.04,8923.04,8923.04,none
100249,2024-07-16,10:23:00,2024-07-16 10:23:00,Procurement,5300,Professional Fees,Ballard-Jenkins,33551.96,Dawn Hall,Lawrence Davis,PO520362,INV589923,33551.96,33551.96,33551.96,none
102153,2024-07-16,10:54:00,2024-07-16 10:54:00,Finance,5400,IT & Software,"Howard, Tucker and Flores",10171.94,Kyle King,Elizabeth Shea,PO215249,INV763611,10171.94,10171.94,10171.94,none
103101,2024-07-16,10:59:00,2024-07-16 10:59:00,IT,5400,IT & Software,"Mills, Crane and Kim",4543.33,Gary Stone,Patricia Lopez,PO913356,INV664365,4543.33,4543.33,4543.33,none
102875,2024-07-16,11:10:00,2024-07-16 11:10:00,Procurement,5100,Office Supplies,Larson PLC,25860.66,Christopher Chung,Jeffrey Hancock,PO136959,INV224199,25860.66,25860.66,25860.66,none
101567,2024-07-16,11:22:00,2024-07-16 11:22:00,Procurement,5100,Office Supplies,"Jefferson, Sullivan and Young",18328.01,James Dennis,Alyssa Jackson,PO800593,INV413760,18328.01,18328.01,18328.01,none
104538,2024-07-16,11:27:00,2024-07-16 11:27:00,Procurement,5500,Utilities,"Martin, Brewer and Young",25677.27,Patricia Perry,Sergio Arroyo,PO230994,INV595303,25677.27,25677.27,25677.27,none
100815,2024-07-16,12:12:00,2024-07-16 12:12:00,Procurement,5000,Raw Materials Expense,Scott-Bailey,15791.66,James Dennis,Janice Bush,PO838556,INV645815,15791.66,15791.66,15791.66,none
104485,2024-07-16,12:16:00,2024-07-16 12:16:00,Procurement,5100,Office Supplies,Galvan Group,43127.82,Nicole Chavez,Gary Stone,PO363289,INV519675,43127.82,43127.82,43127.82,none
101674,2024-07-16,13:38:00,2024-07-16 13:38:00,Marketing,5200,Travel & Entertainment,White-Thomas,3492.41,James Dennis,Sean Kelly,PO456867,INV381226,3492.41,3492.41,3492.41,none
104910,2024-07-16,14:18:00,2024-07-16 14:18:00,Marketing,5100,Office Supplies,Pearson PLC,41587.17,Tanner Avila,James Dennis,PO723563,INV522110,41587.17,46142.78,46142.78,three_way_mismatch
101913,2024-07-16,16:22:00,2024-07-16 16:22:00,Procurement,5100,Office Supplies,Larson PLC,40133.71,Kyle King,Brittany Jackson,PO448342,INV557358,40133.71,40133.71,40133.71,none
102737,2024-07-16,17:20:00,2024-07-16 17:20:00,Procurement,5500,Utilities,Francis-Burke,4253.77,Joy Hernandez,Michael Rivas,PO62408,INV841508,4253.77,4253.77,4253.77,none
103858,2024-07-16,17:28:00,2024-07-16 17:28:00,Operations,5300,Professional Fees,Cowan-Powers,2127.95,Autumn Reed,Thomas Martin,PO903655,INV312205,2127.95,2127.95,2127.95,none
102391,2024-07-16,18:44:00,2024-07-16 18:44:00,Finance,6000,Vendor Payments,Smith-Wise,5114.97,Christina Miller,Nicole Clarke,PO75771,INV264149,5114.97,5114.97,5114.97,none
103094,2024-07-16,18:49:00,2024-07-16 18:49:00,HR,5300,Professional Fees,"Durham, Bowen and Hess",18188.68,Gary Stone,Michael Macdonald,PO477854,INV852737,18188.68,18188.68,18188.68,none
103448,2024-07-17,09:34:00,2024-07-17 09:34:00,HR,6000,Vendor Payments,Smith-Parker,17913.15,Anita Harris,Donna Weber,PO412340,INV201197,17913.15,17913.15,17913.15,none
104916,2024-07-17,10:56:00,2024-07-17 10:56:00,IT,5000,Raw Materials Expense,Stevens-Gibson,33014.93,Anita Harris,Leslie Robinson,PO383983,INV47092,33014.93,33014.93,33014.93,unusual_amount
102515,2024-07-17,12:34:00,2024-07-17 12:34:00,IT,5400,IT & Software,Cowan-Powers,25031.96,Donald Ferguson,Dawn Hall,PO521708,INV797202,25031.96,25031.96,25031.96,none
102405,2024-07-17,14:07:00,2024-07-17 14:07:00,Finance,5000,Raw Materials Expense,Mora-Lynn,22164.72,Nicole Clarke,Mary Harrison,PO359560,INV164729,22164.72,22164.72,22164.72,none
104436,2024-07-17,14:26:00,2024-07-17 14:26:00,Operations,6000,Vendor Payments,Smith-Wise,4440.86,Lindsey Lewis,James Dennis,PO486454,INV555184,4440.86,4440.86,4440.86,none
102262,2024-07-17,14:40:00,2024-07-17 14:40:00,IT,5100,Office Supplies,Young Inc,31083.49,Lindsey Lewis,Jeffrey Hancock,PO671260,INV81865,31083.49,31083.49,31083.49,none
104470,2024-07-17,15:02:00,2024-07-17 15:02:00,Procurement,5200,Travel & Entertainment,Rivera-Charles,13441.43,Gary Mays,Donald Ferguson,PO283968,INV647430,13441.43,13441.43,13441.43,none
103251,2024-07-17,15:18:00,2024-07-17 15:18:00,Sales,6000,Vendor Payments,"Yang, Weber and Nielsen",3649.83,Joy Hernandez,Elizabeth Boyle,PO971181,INV308618,3649.83,3649.83,3649.83,none
104171,2024-07-17,15:42:00,2024-07-17 15:42:00,Marketing,5400,IT & Software,Hughes-Nichols,17944.8,Patricia Perry,Gerald Freeman,PO580654,INV718284,17944.8,17944.8,17944.8,none
101786,2024-07-17,15:44:00,2024-07-17 15:44:00,IT,5500,Utilities,"Jefferson, Sullivan and Young",31351.32,Janice Bush,Corey Jones,PO802971,INV629717,31351.32,31351.32,31351.32,none
100230,2024-07-17,15:49:00,2024-07-17 15:49:00,HR,5100,Office Supplies,Humphrey-Berg,43103.12,Dawn Hall,Patricia Perry,PO671575,INV522430,43103.12,43103.12,43103.12,none
100650,2024-07-17,15:50:00,2024-07-17 15:50:00,Sales,5400,IT & Software,"Flores, Hood and Brown",4748.78,Patricia Perry,Lindsey Lewis,PO171242,INV824699,4748.78,4748.78,4748.78,none
102227,2024-07-17,16:23:00,2024-07-17 16:23:00,Operations,5300,Professional Fees,Scott-Bailey,38094.66,Alyssa Jackson,Anita Harris,PO597690,INV247008,38094.66,38094.66,38094.66,none
103031,2024-07-17,16:30:00,2024-07-17 16:30:00,Marketing,5400,IT & Software,Gomez Ltd,38887.62,Nicole Chavez,Janice Bush,PO865877,INV904132,38887.62,38887.62,38887.62,none
100810,2024-07-17,16:33:00,2024-07-17 16:33:00,Operations,5100,Office Supplies,Jones Inc,8672.45,Donna Weber,Timothy Johnson,PO587517,INV544318,8672.45,8672.45,8672.45,none
103998,2024-07-17,16:59:00,2024-07-17 16:59:00,Finance,5500,Utilities,"Decker, Eaton and Arnold",13989.14,Denise Elliott,Michael Fox,PO815679,INV455161,13989.14,13989.14,13989.14,none
103848,2024-07-17,17:03:00,2024-07-17 17:03:00,Operations,5000,Raw Materials Expense,"Duncan, Graham and Stark",20190.38,Sergio Arroyo,Patricia Perry,PO940805,INV803955,20190.38,20190.38,20190.38,none
100277,2024-07-17,17:07:00,2024-07-17 17:07:00,Procurement,5000,Raw Materials Expense,Pearson PLC,33518.73,Patricia Lopez,Christina Miller,PO574631,INV805496,33518.73,33518.73,33518.73,none
100872,2024-07-17,17:48:00,2024-07-17 17:48:00,Procurement,5100,Office Supplies,Nichols LLC,23413.57,Sergio Arroyo,Kyle King,PO203750,INV675601,23413.57,23413.57,23413.57,none
102967,2024-07-17,18:29:00,2024-07-17 18:29:00,HR,5400,IT & Software,Davidson-Frank,11963.47,Kyle King,Gerald Freeman,PO414280,INV295705,11963.47,11963.47,11963.47,none
100989,2024-07-18,10:40:00,2024-07-18 10:40:00,HR,5000,Raw Materials Expense,"Dixon, Jackson and Benjamin",33647.14,Leslie Robinson,Elizabeth Boyle,PO658250,INV856373,33647.14,33647.14,33647.14,none
100991,2024-07-18,10:50:00,2024-07-18 10:50:00,Procurement,5500,Utilities,"Nelson, Duncan and Smith",32546.17,Lawrence Davis,Christina Miller,PO286661,INV307958,32546.17,32546.17,32546.17,none
104183,2024-07-18,12:00:00,2024-07-18 12:00:00,Sales,5500,Utilities,Scott-Bailey,21913.27,Corey Jones,Joy Hernandez,PO786994,INV513427,21913.27,21913.27,21913.27,none
102201,2024-07-18,12:23:00,2024-07-18 12:23:00,Finance,5000,Raw Materials Expense,White-Thomas,16502.41,Lawrence Davis,Christine Gonzales,PO266324,INV276012,16502.41,16502.41,16502.41,none
104375,2024-07-18,12:49:00,2024-07-18 12:49:00,Marketing,5400,IT & Software,Murphy Inc,17034.79,Elizabeth Boyle,James Dennis,PO271886,INV956268,17034.79,17034.79,17034.79,none
104363,2024-07-18,12:51:00,2024-07-18 12:51:00,Finance,5100,Office Supplies,"Flores, Hood and Brown",29954.33,Gerald Freeman,Austin Cohen,PO851016,INV648403,29954.33,29954.33,29954.33,none
101383,2024-07-18,13:28:00,2024-07-18 13:28:00,Operations,5500,Utilities,Gomez Ltd,8924.81,Joy Hernandez,Jeffrey Hancock,PO789877,INV453317,8924.81,8924.81,8924.81,none
102620,2024-07-18,13:40:00,2024-07-18 13:40:00,Procurement,5200,Travel & Entertainment,Miller LLC,19637.49,Michael Rivas,Donald Ferguson,PO613425,INV129710,19637.49,19637.49,19637.49,none
104514,2024-07-18,14:40:00,2024-07-18 14:40:00,IT,5200,Travel & Entertainment,Young Inc,21095.55,Donna Weber,Austin Cohen,PO36321,INV851530,21095.55,21095.55,21095.55,none
100088,2024-07-18,14:42:00,2024-07-18 14:42:00,Sales,5200,Travel & Entertainment,Mora-Lynn,15832.57,Nicole Clarke,Thomas Martin,PO747478,INV71009,15832.57,15832.57,15832.57,none
102961,2024-07-18,15:17:00,2024-07-18 15:17:00,Procurement,5500,Utilities,"Brown, Baker and Alvarado",15639.95,Tanner Avila,Alyssa Jackson,PO417277,INV25334,15639.95,15639.95,15639.95,none
104164,2024-07-18,15:51:00,2024-07-18 15:51:00,IT,5000,Raw Materials Expense,Mora-Lynn,45054.55,Donald Ferguson,Austin Cohen,PO749293,INV470614,45054.55,45054.55,45054.55,none
102719,2024-07-18,16:12:00,2024-07-18 16:12:00,Sales,5100,Office Supplies,White-Thomas,32137.1,Sergio Arroyo,Kyle King,PO960529,INV270335,32137.1,32137.1,32137.1,none
104047,2024-07-18,18:18:00,2024-07-18 18:18:00,HR,5400,IT & Software,Becker-Martinez,17194.79,Christine Gonzales,Alyssa Jackson,PO162795,INV233428,17194.79,17194.79,17194.79,none
104996,2024-07-18,18:59:00,2024-07-18 18:59:00,Operations,5300,Professional Fees,"Nelson, Duncan and Smith",75000.0,Donna Weber,Mary Harrison,PO746933,INV116747,75000.0,75000.0,75000.0,round_number
104208,2024-07-19,09:05:00,2024-07-19 09:05:00,Marketing,5000,Raw Materials Expense,"Smith, Montgomery and Reyes",26494.59,Denise Elliott,Thomas Martin,PO876920,INV155481,26494.59,26494.59,26494.59,none
101656,2024-07-19,10:31:00,2024-07-19 10:31:00,Procurement,5300,Professional Fees,"Durham, Bowen and Hess",12605.73,Dawn Hall,Gary Mays,PO399380,INV696957,12605.73,12605.73,12605.73,none
101360,2024-07-19,10:34:00,2024-07-19 10:34:00,HR,5400,IT & Software,"Silva, Jones and Oliver",33795.12,Kyle King,Brittany Jackson,PO643576,INV692531,33795.12,33795.12,33795.12,none
102490,2024-07-19,12:22:00,2024-07-19 12:22:00,Operations,5500,Utilities,"Brown, Baker and Alvarado",13128.02,Dawn Hall,Gerald Freeman,PO723995,INV52531,13128.02,13128.02,13128.02,none
102731,2024-07-19,12:55:00,2024-07-19 12:55:00,Sales,5500,Utilities,Galvan Group,30998.03,Sean Kelly,Gary Stone,PO67271,INV968388,30998.03,30998.03,30998.03,none
100691,2024-07-19,12:57:00,2024-07-19 12:57:00,HR,5400,IT & Software,Smith-Wise,50525.0,Denise Elliott,Brittany Jackson,PO755903,INV807403,50525.0,50525.0,50525.0,none
104649,2024-07-19,13:34:00,2024-07-19 13:34:00,Finance,5500,Utilities,"Dixon, Jackson and Benjamin",34137.77,Autumn Reed,Christine Gonzales,PO899297,INV765549,34137.77,34137.77,34137.77,none
102736,2024-07-19,14:23:00,2024-07-19 14:23:00,Sales,6000,Vendor Payments,Ballard-Jenkins,7559.46,Jeffrey Hancock,Sean Kelly,PO840220,INV549300,7559.46,7559.46,7559.46,none
102639,2024-07-19,14:39:00,2024-07-19 14:39:00,Operations,5000,Raw Materials Expense,"Cherry, Martin and Compton",13584.62,Mary Harrison,Gary Mays,PO515128,INV212879,13584.62,13584.62,13584.62,none
102679,2024-07-19,15:04:00,2024-07-19 15:04:00,Marketing,5100,Office Supplies,Rogers Ltd,1617.21,Autumn Reed,Joy Hernandez,PO252500,INV364416,1617.21,1617.21,1617.21,none
103411,2024-07-19,15:46:00,2024-07-19 15:46:00,Procurement,5000,Raw Materials Expense,Evans Ltd,12276.45,Christopher Chung,Lawrence Davis,PO489775,INV118428,12276.45,12276.45,12276.45,none
102480,2024-07-19,16:06:00,2024-07-19 16:06:00,Procurement,6000,Vendor Payments,"Robles, Moses and Morgan",24782.8,Leslie Robinson,Gerald Freeman,PO387143,INV35152,24782.8,24782.8,24782.8,none
101868,2024-07-19,16:27:00,2024-07-19 16:27:00,Finance,5200,Travel & Entertainment,Hopkins Inc,35133.32,Elizabeth Boyle,Tanner Avila,PO615148,INV377383,35133.32,35133.32,35133.32,none
102498,2024-07-19,17:37:00,2024-07-19 17:37:00,IT,5500,Utilities,"Durham, Bowen and Hess",28291.43,Christina Miller,Gary Stone,PO412534,INV279783,28291.43,28291.43,28291.43,none
104253,2024-07-19,18:23:00,2024-07-19 18:23:00,Marketing,5500,Utilities,Reyes-Glover,11438.52,Gary Stone,Elizabeth Boyle,PO835067,INV63090,11438.52,11438.52,11438.52,none
102013,2024-07-22,09:23:00,2024-07-22 09:23:00,Procurement,5300,Professional Fees,Smith-Wise,10628.62,Lindsey Lewis,Michael Fox,PO542347,INV72070,10628.62,10628.62,10628.62,none
100213,2024-07-22,09:27:00,2024-07-22 09:27:00,HR,6000,Vendor Payments,Schneider-Clark,12741.31,Christine Gonzales,Nicole Chavez,PO203921,INV90867,12741.31,12741.31,12741.31,none
100769,2024-07-22,10:06:00,2024-07-22 10:06:00,IT,5500,Utilities,Reyes-Glover,20755.72,Gary Mays,Gerald Freeman,PO662362,INV531320,20755.72,20755.72,20755.72,none
100383,2024-07-22,10:23:00,2024-07-22 10:23:00,HR,5200,Travel & Entertainment,Mays-Ortega,11369.5,Christine Gonzales,Gary Stone,PO288421,INV122912,11369.5,11369.5,11369.5,none
100569,2024-07-22,10:43:00,2024-07-22 10:43:00,Finance,5500,Utilities,Raymond-Lucas,7957.3,Gary Stone,Brittany Jackson,PO35063,INV93687,7957.3,7957.3,7957.3,none
101140,2024-07-22,11:15:00,2024-07-22 11:15:00,Procurement,5300,Professional Fees,White-Thomas,29085.85,Dawn Hall,Donald Ferguson,PO70198,INV515985,29085.85,29085.85,29085.85,none
104197,2024-07-22,11:26:00,2024-07-22 11:26:00,IT,5500,Utilities,Jones Inc,7110.51,Donna Weber,Donald Ferguson,PO480608,INV563537,7110.51,7110.51,7110.51,none
101061,2024-07-22,11:45:00,2024-07-22 11:45:00,HR,5400,IT & Software,Ballard-Jenkins,11335.12,Lindsey Lewis,Brittany Jackson,PO889018,INV94091,11335.12,11335.12,11335.12,none
100721,2024-07-22,12:26:00,2024-07-22 12:26:00,HR,5300,Professional Fees,Smith-Parker,15916.79,Dawn Hall,Gary Stone,PO156219,INV622272,15916.79,15916.79,15916.79,none
100747,2024-07-22,12:48:00,2024-07-22 12:48:00,Sales,6000,Vendor Payments,Becker-Martinez,14510.37,Christina Miller,Gary Stone,PO507707,INV704541,14510.37,14510.37,14510.37,none
104084,2024-07-22,13:17:00,2024-07-22 13:17:00,IT,5300,Professional Fees,Davidson-Frank,10319.03,Mary Harrison,Gerald Freeman,PO696949,INV490698,10319.03,10319.03,10319.03,none
104696,2024-07-22,13:33:00,2024-07-22 13:33:00,IT,5300,Professional Fees,Humphrey-Berg,27227.53,Michael Fox,Brittany Jackson,PO476030,INV26921,27227.53,27227.53,27227.53,none
100873,2024-07-22,13:49:00,2024-07-22 13:49:00,IT,5000,Raw Materials Expense,Raymond-Lucas,30943.25,Patricia Perry,Anita Harris,PO812602,INV424209,30943.25,30943.25,30943.25,none
102106,2024-07-22,14:00:00,2024-07-22 14:00:00,Sales,5500,Utilities,"Brown, Baker and Alvarado",3194.23,Lawrence Davis,Gerald Freeman,PO68173,INV972391,3194.23,3194.23,3194.23,none
100393,2024-07-22,14:01:00,2024-07-22 14:01:00,Marketing,5000,Raw Materials Expense,"Duncan, Graham and Stark",9116.65,Taylor Carroll,Mary Harrison,PO677040,INV293478,9116.65,9116.65,9116.65,none
100408,2024-07-22,14:18:00,2024-07-22 14:18:00,Finance,5200,Travel & Entertainment,Evans Ltd,40149.38,Leslie Robinson,Nicole Clarke,PO741467,INV203745,40149.38,40149.38,40149.38,none
102909,2024-07-22,14:38:00,2024-07-22 14:38:00,Operations,5200,Travel & Entertainment,"Smith, Montgomery and Reyes",28592.04,Patricia Perry,Lindsey Lewis,PO733436,INV737817,28592.04,28592.04,28592.04,none
102334,2024-07-22,15:01:00,2024-07-22 15:01:00,Procurement,5500,Utilities,"Smith, Montgomery and Reyes",2533.1,Denise Elliott,James Dennis,PO661481,INV880369,2533.1,2533.1,2533.1,none
103792,2024-07-22,15:10:00,2024-07-22 15:10:00,Sales,5200,Travel & Entertainment,"Cherry, Martin and Compton",25432.47,Patricia Perry,Christine Gonzales,PO261178,INV35842,25432.47,25432.47,25432.47,none
101408,2024-07-22,15:10:00,2024-07-22 15:10:00,Marketing,6000,Vendor Payments,Smith-Wise,6371.73,Donald Ferguson,Brittany Jackson,PO356707,INV31285,6371.73,6371.73,6371.73,none
101617,2024-07-22,15:12:00,2024-07-22 15:12:00,Marketing,5300,Professional Fees,Jones Inc,14872.03,Donald Ferguson,Leslie Robinson,PO390382,INV515963,14872.03,14872.03,14872.03,none
103190,2024-07-22,15:14:00,2024-07-22 15:14:00,Finance,5400,IT & Software,"Morton, Reynolds and Anderson",16065.47,Leslie Robinson,Gary Stone,PO157590,INV876276,16065.47,16065.47,16065.47,none
103294,2024-07-22,15:18:00,2024-07-22 15:18:00,Procurement,5100,Office Supplies,Gross-Morrison,15176.37,Elizabeth Shea,Corey Jones,PO640205,INV659428,15176.37,15176.37,15176.37,none
103517,2024-07-22,16:01:00,2024-07-22 16:01:00,Marketing,5300,Professional Fees,Larson PLC,9209.09,Christine Gonzales,Corey Jones,PO487563,INV124235,9209.09,9209.09,9209.09,none
103269,2024-07-22,16:06:00,2024-07-22 16:06:00,IT,5400,IT & Software,Becker-Martinez,21653.54,Kyle King,Patricia Lopez,PO388823,INV949982,21653.54,21653.54,21653.54,none
104634,2024-07-22,17:09:00,2024-07-22 17:09:00,Marketing,5200,Travel & Entertainment,Larson PLC,8708.76,Sean Kelly,Jeffrey Hancock,PO662542,INV659020,8708.76,8708.76,8708.76,none
102114,2024-07-22,17:12:00,2024-07-22 17:12:00,Operations,5400,IT & Software,Reyes-Glover,12595.86,Christina Miller,Patricia Lopez,PO287256,INV594270,12595.86,12595.86,12595.86,none
104702,2024-07-22,17:45:00,2024-07-22 17:45:00,Sales,5100,Office Supplies,"Smith, Montgomery and Reyes",21575.24,Janice Bush,Gary Mays,PO618547,INV916177,21575.24,21575.24,21575.24,none
104341,2024-07-22,17:47:00,2024-07-22 17:47:00,Sales,5200,Travel & Entertainment,Ballard-Jenkins,19368.74,James Dennis,Austin Cohen,PO133773,INV570086,19368.74,19368.74,19368.74,none
100770,2024-07-22,17:48:00,2024-07-22 17:48:00,Procurement,5300,Professional Fees,Larson PLC,30402.76,Lindsey Lewis,Thomas Martin,PO462068,INV804005,30402.76,30402.76,30402.76,none
103117,2024-07-22,17:51:00,2024-07-22 17:51:00,Finance,5100,Office Supplies,Smith-Parker,7273.91,Austin Cohen,James Dennis,PO648658,INV426367,7273.91,7273.91,7273.91,none
104088,2024-07-22,18:06:00,2024-07-22 18:06:00,Procurement,5500,Utilities,"Duncan, Graham and Stark",11624.14,Christopher Chung,Lawrence Davis,PO183585,INV90280,11624.14,11624.14,11624.14,none
103030,2024-07-22,18:27:00,2024-07-22 18:27:00,Operations,5400,IT & Software,Smith-Parker,12154.91,Autumn Reed,Donna Weber,PO499874,INV413400,12154.91,12154.91,12154.91,none
103624,2024-07-23,09:16:00,2024-07-23 09:16:00,Sales,6000,Vendor Payments,"Smith, Montgomery and Reyes",12747.37,Alyssa Jackson,Donna Weber,PO817915,INV311440,12747.37,12747.37,12747.37,none
104509,2024-07-23,09:51:00,2024-07-23 09:51:00,Marketing,5500,Utilities,"Jefferson, Sullivan and Young",11390.72,Denise Elliott,Sergio Arroyo,PO91133,INV653450,11390.72,11390.72,11390.72,none
101188,2024-07-23,10:01:00,2024-07-23 10:01:00,Procurement,5300,Professional Fees,Murphy Inc,37083.16,Patricia Lopez,Michael Rivas,PO656079,INV974442,37083.16,37083.16,37083.16,none
101732,2024-07-23,10:57:00,2024-07-23 10:57:00,Operations,5200,Travel & Entertainment,"Decker, Eaton and Arnold",32608.99,Brittany Jackson,Alyssa Jackson,PO450851,INV484998,32608.99,32608.99,32608.99,none
100076,2024-07-23,12:09:00,2024-07-23 12:09:00,IT,5400,IT & Software,Raymond-Lucas,3963.3,Brittany Jackson,Christina Miller,PO300492,INV36719,3963.3,3963.3,3963.3,none
103768,2024-07-23,12:11:00,2024-07-23 12:11:00,Finance,5400,IT & Software,Gomez Ltd,1764.28,Christopher Chung,Gerald Freeman,PO18407,INV110981,1764.28,1764.28,1764.28,none
103566,2024-07-23,12:28:00,2024-07-23 12:28:00,Marketing,5000,Raw Materials Expense,Becker-Martinez,5402.2,Gary Mays,Donald Ferguson,PO278806,INV69995,5402.2,5402.2,5402.2,none
100835,2024-07-23,13:05:00,2024-07-23 13:05:00,Operations,5400,IT & Software,Pearson PLC,6607.3,Lindsey Lewis,Sean Kelly,PO593089,INV94646,6607.3,6607.3,6607.3,none
102859,2024-07-23,13:19:00,2024-07-23 13:19:00,Marketing,6000,Vendor Payments,"Durham, Bowen and Hess",7382.84,Nicole Chavez,Janice Bush,PO740672,INV869883,7382.84,7382.84,7382.84,none
103630,2024-07-23,13:25:00,2024-07-23 13:25:00,Operations,5300,Professional Fees,Schneider-Clark,16218.42,Donna Weber,Christopher Chung,PO612359,INV133117,16218.42,16218.42,16218.42,none
103488,2024-07-23,13:51:00,2024-07-23 13:51:00,Finance,5200,Travel & Entertainment,Smith-Parker,26706.81,Patricia Lopez,Thomas Martin,PO949508,INV10647,26706.81,26706.81,26706.81,none
102276,2024-07-23,14:00:00,2024-07-23 14:00:00,Sales,6000,Vendor Payments,"Yang, Weber and Nielsen",11480.54,Brittany Jackson,Denise Elliott,PO418989,INV304589,11480.54,11480.54,11480.54,none
100741,2024-07-23,14:04:00,2024-07-23 14:04:00,Marketing,5200,Travel & Entertainment,"Decker, Eaton and Arnold",13940.54,Patricia Perry,Donald Ferguson,PO871963,INV306372,13940.54,13940.54,13940.54,none
100016,2024-07-23,14:14:00,2024-07-23 14:14:00,Finance,5500,Utilities,"Nelson, Duncan and Smith",15012.06,Tanner Avila,Taylor Carroll,PO338006,INV724276,15012.06,15012.06,15012.06,none
100027,2024-07-23,14:28:00,2024-07-23 14:28:00,HR,6000,Vendor Payments,Scott-Bailey,12674.23,Leslie Robinson,Elizabeth Boyle,PO50072,INV919001,12674.23,12674.23,12674.23,none
102140,2024-07-23,15:42:00,2024-07-23 15:42:00,Operations,5400,IT & Software,"Silva, Jones and Oliver",39241.47,Joy Hernandez,Donna Weber,PO301183,INV202497,39241.47,39241.47,39241.47,none
104145,2024-07-23,16:00:00,2024-07-23 16:00:00,Procurement,5500,Utilities,"Robles, Moses and Morgan",26819.47,Kyle King,Christina Miller,PO735176,INV238624,26819.47,26819.47,26819.47,none
101212,2024-07-23,16:32:00,2024-07-23 16:32:00,IT,5400,IT & Software,Powers Group,11965.35,Donna Weber,Christina Miller,PO437237,INV554695,11965.35,11965.35,11965.35,none
104312,2024-07-23,16:48:00,2024-07-23 16:48:00,Procurement,5100,Office Supplies,Evans Ltd,23096.56,Elizabeth Boyle,Joy Hernandez,PO702508,INV13919,23096.56,23096.56,23096.56,none
103719,2024-07-23,17:32:00,2024-07-23 17:32:00,Sales,5200,Travel & Entertainment,Torres-Mendoza,13013.48,Janice Bush,Corey Jones,PO429942,INV206779,13013.48,13013.48,13013.48,none
104376,2024-07-23,17:42:00,2024-07-23 17:42:00,Procurement,5400,IT & Software,"Decker, Eaton and Arnold",3789.39,Autumn Reed,Nicole Clarke,PO586721,INV357015,3789.39,3789.39,3789.39,none
101777,2024-07-23,18:03:00,2024-07-23 18:03:00,Marketing,5400,IT & Software,"Robles, Moses and Morgan",39528.33,Mary Harrison,Christina Miller,PO35587,INV985416,39528.33,39528.33,39528.33,none
104637,2024-07-24,09:08:00,2024-07-24 09:08:00,Sales,6000,Vendor Payments,"Silva, Jones and Oliver",9228.73,Christopher Chung,Gerald Freeman,PO424315,INV726770,9228.73,9228.73,9228.73,none
101981,2024-07-24,09:11:00,2024-07-24 09:11:00,HR,5500,Utilities,Reyes-Glover,45126.35,Christopher Chung,Michael Fox,PO695471,INV242778,45126.35,45126.35,45126.35,none
104893,2024-07-24,09:14:00,2024-07-24 09:14:00,Operations,5500,Utilities,Galvan Group,18772.51,Janice Bush,Donald Ferguson,PO690225,INV538626,18772.51,23402.46,23402.46,three_way_mismatch
103141,2024-07-24,09:32:00,2024-07-24 09:32:00,Procurement,5500,Utilities,Rivera-Charles,15775.83,James Dennis,Kyle King,PO457115,INV273773,15775.83,15775.83,15775.83,none
103854,2024-07-24,11:00:00,2024-07-24 11:00:00,HR,5100,Office Supplies,Harris PLC,29831.14,Donald Ferguson,Kyle King,PO555487,INV904330,29831.14,29831.14,29831.14,none
104230,2024-07-24,11:37:00,2024-07-24 11:37:00,Marketing,6000,Vendor Payments,"Martin, Brewer and Young",11738.07,Gerald Freeman,Corey Jones,PO547628,INV117895,11738.07,11738.07,11738.07,none
102912,2024-07-24,11:48:00,2024-07-24 11:48:00,Marketing,5300,Professional Fees,Mora-Lynn,22797.66,Corey Jones,Nicole Clarke,PO710763,INV962477,22797.66,22797.66,22797.66,none
104785,2024-07-24,12:19:00,2024-07-24 12:19:00,Finance,5300,Professional Fees,"Brown, Baker and Alvarado",19831.72,Christine Gonzales,Mary Harrison,PO84371,INV815435,19831.72,19831.72,19831.72,none
104577,2024-07-24,13:06:00,2024-07-24 13:06:00,Finance,5200,Travel & Entertainment,Jones Ltd,23891.18,Christina Miller,Christopher Chung,PO737880,INV289116,23891.18,23891.18,23891.18,none
102119,2024-07-24,13:24:00,2024-07-24 13:24:00,Operations,6000,Vendor Payments,Raymond-Lucas,30143.74,Gary Stone,Lindsey Lewis,PO799048,INV989439,30143.74,30143.74,30143.74,none
100753,2024-07-24,13:28:00,2024-07-24 13:28:00,Sales,5300,Professional Fees,"Smith, Montgomery and Reyes",10646.14,Dawn Hall,Brittany Jackson,PO241060,INV408877,10646.14,10646.14,10646.14,none
104198,2024-07-24,14:35:00,2024-07-24 14:35:00,Procurement,5000,Raw Materials Expense,Ballard-Jenkins,10184.31,Donna Weber,Denise Elliott,PO58077,INV853925,10184.31,10184.31,10184.31,none
102884,2024-07-24,14:49:00,2024-07-24 14:49:00,Finance,5200,Travel & Entertainment,Larson PLC,17069.82,Christina Miller,Jeffrey Hancock,PO958726,INV319333,17069.82,17069.82,17069.82,none
104687,2024-07-24,15:59:00,2024-07-24 15:59:00,Operations,5000,Raw Materials Expense,White-Thomas,20828.58,Donald Ferguson,Christopher Chung,PO513071,INV523611,20828.58,20828.58,20828.58,none
104334,2024-07-24,15:59:00,2024-07-24 15:59:00,HR,5200,Travel & Entertainment,Gross-Morrison,69441.76,Jeffrey Hancock,Denise Elliott,PO529981,INV27618,69441.76,69441.76,69441.76,none
103672,2024-07-24,16:01:00,2024-07-24 16:01:00,Marketing,5400,IT & Software,Mora-Lynn,10138.11,Nicole Chavez,Janice Bush,PO989955,INV746342,10138.11,10138.11,10138.11,none
100117,2024-07-24,16:04:00,2024-07-24 16:04:00,Sales,5000,Raw Materials Expense,Murphy Inc,6860.49,Corey Jones,Austin Cohen,PO92759,INV756342,6860.49,6860.49,6860.49,none
104381,2024-07-24,17:04:00,2024-07-24 17:04:00,IT,6000,Vendor Payments,"Robles, Moses and Morgan",11231.35,Donald Ferguson,Tanner Avila,PO869288,INV778454,11231.35,11231.35,11231.35,none
101950,2024-07-24,18:01:00,2024-07-24 18:01:00,Operations,5300,Professional Fees,Miller LLC,5012.95,Gary Stone,Timothy Johnson,PO969275,INV805431,5012.95,5012.95,5012.95,none
101270,2024-07-24,18:02:00,2024-07-24 18:02:00,Procurement,6000,Vendor Payments,Galvan Group,5469.2,Taylor Carroll,Elizabeth Boyle,PO525071,INV485773,5469.2,5469.2,5469.2,none
101101,2024-07-24,18:06:00,2024-07-24 18:06:00,IT,5000,Raw Materials Expense,"Mills, Crane and Kim",10209.8,Denise Elliott,Michael Macdonald,PO339512,INV45601,10209.8,10209.8,10209.8,none
102073,2024-07-24,18:18:00,2024-07-24 18:18:00,Operations,5400,IT & Software,Miller LLC,8651.23,Tanner Avila,Thomas Martin,PO380835,INV369019,8651.23,8651.23,8651.23,none
102565,2024-07-24,18:36:00,2024-07-24 18:36:00,IT,6000,Vendor Payments,Cowan-Powers,33939.23,Timothy Johnson,Leslie Robinson,PO819723,INV970790,33939.23,33939.23,33939.23,none
103973,2024-07-25,09:03:00,2024-07-25 09:03:00,Sales,5500,Utilities,Pearson PLC,15328.28,Leslie Robinson,Autumn Reed,PO465025,INV964132,15328.28,15328.28,15328.28,none
104582,2024-07-25,09:09:00,2024-07-25 09:09:00,Marketing,5300,Professional Fees,Humphrey-Berg,24894.19,Christina Miller,Jeffrey Hancock,PO944053,INV253483,24894.19,24894.19,24894.19,none
102188,2024-07-25,09:22:00,2024-07-25 09:22:00,Finance,5100,Office Supplies,Humphrey-Berg,15852.79,Denise Elliott,Michael Rivas,PO189309,INV820732,15852.79,15852.79,15852.79,none
100985,2024-07-25,10:34:00,2024-07-25 10:34:00,Finance,5300,Professional Fees,Smith-Parker,19707.08,Autumn Reed,Joy Hernandez,PO392136,INV6171,19707.08,19707.08,19707.08,none
100560,2024-07-25,11:39:00,2024-07-25 11:39:00,HR,5300,Professional Fees,"Brown, Baker and Alvarado",23707.02,Patricia Lopez,Patricia Perry,PO483280,INV906133,23707.02,23707.02,23707.02,none
102420,2024-07-25,12:13:00,2024-07-25 12:13:00,Procurement,5400,IT & Software,Harper-Hernandez,15396.95,Brittany Jackson,Gerald Freeman,PO414028,INV215395,15396.95,15396.95,15396.95,none
100302,2024-07-25,14:02:00,2024-07-25 14:02:00,Procurement,5300,Professional Fees,Tucker Group,23255.55,Michael Rivas,Brittany Jackson,PO643852,INV189376,23255.55,23255.55,23255.55,none
100581,2024-07-25,14:43:00,2024-07-25 14:43:00,Sales,5400,IT & Software,Torres-Mendoza,15980.03,Lawrence Davis,Lindsey Lewis,PO394812,INV137691,15980.03,15980.03,15980.03,none
103991,2024-07-25,14:52:00,2024-07-25 14:52:00,Marketing,5000,Raw Materials Expense,"Duncan, Graham and Stark",11350.81,Patricia Lopez,Kyle King,PO747591,INV955550,11350.81,11350.81,11350.81,none
103976,2024-07-25,15:30:00,2024-07-25 15:30:00,IT,5000,Raw Materials Expense,Jones Inc,15519.46,Patricia Perry,Denise Elliott,PO173468,INV441701,15519.46,15519.46,15519.46,none
102274,2024-07-25,16:55:00,2024-07-25 16:55:00,Procurement,5500,Utilities,"Howard, Tucker and Flores",38739.46,Michael Macdonald,Corey Jones,PO444134,INV827388,38739.46,38739.46,38739.46,none
104527,2024-07-25,17:47:00,2024-07-25 17:47:00,Procurement,6000,Vendor Payments,Larson PLC,16467.33,Michael Rivas,Joy Hernandez,PO871333,INV223712,16467.33,16467.33,16467.33,none
104438,2024-07-25,17:49:00,2024-07-25 17:49:00,Finance,5100,Office Supplies,"Martin, Brewer and Young",9918.72,Taylor Carroll,Michael Rivas,PO774011,INV588448,9918.72,9918.72,9918.72,none
102734,2024-07-25,18:14:00,2024-07-25 18:14:00,Finance,5300,Professional Fees,Hughes-Nichols,14707.25,Sean Kelly,Gerald Freeman,PO45792,INV763364,14707.25,14707.25,14707.25,none
103796,2024-07-26,09:08:00,2024-07-26 09:08:00,Operations,5000,Raw Materials Expense,Powers Group,7121.24,Alyssa Jackson,Denise Elliott,PO289709,INV515281,7121.24,7121.24,7121.24,none
103090,2024-07-26,09:23:00,2024-07-26 09:23:00,Marketing,5200,Travel & Entertainment,"Durham, Bowen and Hess",7666.84,Joy Hernandez,Nicole Clarke,PO359805,INV823844,7666.84,7666.84,7666.84,none
101473,2024-07-26,09:25:00,2024-07-26 09:25:00,Procurement,5500,Utilities,Becker-Martinez,3947.7,Sergio Arroyo,Patricia Lopez,PO527285,INV41127,3947.7,3947.7,3947.7,none
103738,2024-07-26,10:00:00,2024-07-26 10:00:00,IT,5100,Office Supplies,Smith-Wise,2153.59,Mary Harrison,Elizabeth Boyle,PO564269,INV869344,2153.59,2153.59,2153.59,none
104928,2024-07-26,10:57:00,2024-07-26 10:57:00,Marketing,5300,Professional Fees,"Yang, Weber and Nielsen",111051.7,Thomas Martin,Gerald Freeman,PO288636,INV43312,111051.7,111051.7,111051.7,unusual_amount
103615,2024-07-26,11:01:00,2024-07-26 11:01:00,Marketing,5200,Travel & Entertainment,"Smith, Montgomery and Reyes",5811.45,Tanner Avila,Nicole Clarke,PO418813,INV954133,5811.45,5811.45,5811.45,none
102732,2024-07-26,11:16:00,2024-07-26 11:16:00,Sales,5400,IT & Software,White-Thomas,26775.34,Sean Kelly,Jeffrey Hancock,PO82096,INV831659,26775.34,26775.34,26775.34,none
104572,2024-07-26,12:19:00,2024-07-26 12:19:00,Marketing,5400,IT & Software,"Durham, Bowen and Hess",11991.63,Lindsey Lewis,Christina Miller,PO298523,INV992682,11991.63,11991.63,11991.63,none
103288,2024-07-26,13:04:00,2024-07-26 13:04:00,HR,5200,Travel & Entertainment,Hopkins Inc,24064.43,Mary Harrison,Sean Kelly,PO583214,INV247785,24064.43,24064.43,24064.43,none
102587,2024-07-26,13:24:00,2024-07-26 13:24:00,HR,5100,Office Supplies,"Robles, Moses and Morgan",7185.28,Thomas Martin,Gary Mays,PO619535,INV939142,7185.28,7185.28,7185.28,none
102441,2024-07-26,13:33:00,2024-07-26 13:33:00,HR,5200,Travel & Entertainment,"Flores, Hood and Brown",6876.07,Taylor Carroll,Sean Kelly,PO682391,INV556731,6876.07,6876.07,6876.07,none
103004,2024-07-26,13:34:00,2024-07-26 13:34:00,Marketing,5100,Office Supplies,Harris PLC,7349.14,Joy Hernandez,Lindsey Lewis,PO76959,INV1203,7349.14,7349.14,7349.14,none
102632,2024-07-26,14:14:00,2024-07-26 14:14:00,Procurement,5500,Utilities,Hopkins Inc,18208.0,Leslie Robinson,Christina Miller,PO599111,INV865403,18208.0,18208.0,18208.0,none
103493,2024-07-26,15:16:00,2024-07-26 15:16:00,HR,6000,Vendor Payments,Harris PLC,55137.37,Sergio Arroyo,Thomas Martin,PO948898,INV705480,55137.37,55137.37,55137.37,none
100385,2024-07-26,15:24:00,2024-07-26 15:24:00,Marketing,5500,Utilities,Torres-Mendoza,31287.52,Donna Weber,Jeffrey Hancock,PO920750,INV60813,31287.52,31287.52,31287.52,none
103458,2024-07-26,15:28:00,2024-07-26 15:28:00,HR,5200,Travel & Entertainment,Powers Group,4206.95,Timothy Johnson,Gary Stone,PO150583,INV656362,4206.95,4206.95,4206.95,none
102226,2024-07-26,15:56:00,2024-07-26 15:56:00,Sales,6000,Vendor Payments,"Martin, Brewer and Young",11326.09,Christine Gonzales,Gary Mays,PO459427,INV119403,11326.09,11326.09,11326.09,none
101748,2024-07-26,16:11:00,2024-07-26 16:11:00,Marketing,5400,IT & Software,"Hernandez, Hopkins and Houston",14995.52,Kyle King,Lindsey Lewis,PO224120,INV685636,14995.52,14995.52,14995.52,none
102823,2024-07-26,16:36:00,2024-07-26 16:36:00,Sales,5000,Raw Materials Expense,"Mills, Crane and Kim",18408.84,Thomas Martin,Brittany Jackson,PO64451,INV724372,18408.84,18408.84,18408.84,none
101053,2024-07-26,16:49:00,2024-07-26 16:49:00,Sales,5400,IT & Software,"Morton, Reynolds and Anderson",7122.03,Austin Cohen,Thomas Martin,PO394477,INV396522,7122.03,7122.03,7122.03,none
102706,2024-07-26,17:49:00,2024-07-26 17:49:00,IT,5000,Raw Materials Expense,Gross-Morrison,5585.66,Nicole Clarke,Lawrence Davis,PO180402,INV929196,5585.66,5585.66,5585.66,none
100732,2024-07-26,18:12:00,2024-07-26 18:12:00,Finance,6000,Vendor Payments,Gross-Morrison,12837.86,Christine Gonzales,Michael Macdonald,PO612061,INV99361,12837.86,12837.86,12837.86,none
103805,2024-07-26,18:13:00,2024-07-26 18:13:00,HR,5400,IT & Software,Gross-Morrison,42525.8,Tanner Avila,Michael Fox,PO54745,INV37656,42525.8,42525.8,42525.8,none
103587,2024-07-26,18:32:00,2024-07-26 18:32:00,Marketing,5500,Utilities,Hopkins Inc,32658.99,Donna Weber,Lawrence Davis,PO637067,INV293918,32658.99,32658.99,32658.99,none
104825,2024-07-27,10:10:00,2024-07-27 10:10:00,Procurement,5200,Travel & Entertainment,Francis-Burke,9328.37,Kyle King,Thomas Martin,PO21926,INV457053,9328.37,9328.37,9328.37,weekend_posting
104834,2024-07-27,14:23:00,2024-07-27 14:23:00,Operations,5300,Professional Fees,Cowan-Powers,21833.95,James Dennis,Timothy Johnson,PO694029,INV705086,21833.95,21833.95,21833.95,weekend_posting
100447,2024-07-29,09:17:00,2024-07-29 09:17:00,Marketing,5400,IT & Software,White-Thomas,18158.08,Jeffrey Hancock,Denise Elliott,PO916808,INV327810,18158.08,18158.08,18158.08,none
102363,2024-07-29,10:00:00,2024-07-29 10:00:00,Finance,5400,IT & Software,Miller LLC,17956.74,Alyssa Jackson,Gary Mays,PO574828,INV200670,17956.74,17956.74,17956.74,none
101513,2024-07-29,10:58:00,2024-07-29 10:58:00,Sales,5000,Raw Materials Expense,Nichols LLC,45911.76,Christina Miller,Denise Elliott,PO918535,INV853584,45911.76,45911.76,45911.76,none
104898,2024-07-29,11:28:00,2024-07-29 11:28:00,IT,5200,Travel & Entertainment,Torres-Mendoza,41916.7,Christopher Chung,Michael Rivas,PO636006,INV565006,41916.7,41916.7,41916.7,unusual_amount
104763,2024-07-29,11:54:00,2024-07-29 11:54:00,Operations,5100,Office Supplies,"Jefferson, Sullivan and Young",2080.87,Tanner Avila,Austin Cohen,PO175890,INV939893,2080.87,2080.87,2080.87,none
101866,2024-07-29,12:01:00,2024-07-29 12:01:00,IT,5300,Professional Fees,Stewart-Russell,18411.92,Elizabeth Shea,Nicole Clarke,PO751035,INV158493,18411.92,18411.92,18411.92,none
104386,2024-07-29,12:11:00,2024-07-29 12:11:00,Marketing,6000,Vendor Payments,Scott-Bailey,7290.07,James Dennis,Lindsey Lewis,PO443219,INV533384,7290.07,7290.07,7290.07,none
101719,2024-07-29,12:42:00,2024-07-29 12:42:00,HR,5500,Utilities,"Martin, Brewer and Young",39154.55,Thomas Martin,Gerald Freeman,PO160374,INV269053,39154.55,39154.55,39154.55,none
102574,2024-07-29,14:06:00,2024-07-29 14:06:00,Finance,5400,IT & Software,Hughes-Nichols,8803.57,Autumn Reed,Christina Miller,PO148228,INV33099,8803.57,8803.57,8803.57,none
103110,2024-07-29,14:56:00,2024-07-29 14:56:00,IT,5100,Office Supplies,"Silva, Jones and Oliver",2606.07,Thomas Martin,Sergio Arroyo,PO259189,INV652801,2606.07,2606.07,2606.07,none
104455,2024-07-29,15:02:00,2024-07-29 15:02:00,Sales,5200,Travel & Entertainment,"White, Tucker and Wolf",29380.84,Leslie Robinson,Elizabeth Shea,PO242148,INV895943,29380.84,29380.84,29380.84,none
102550,2024-07-29,15:42:00,2024-07-29 15:42:00,Sales,5500,Utilities,Willis Group,34958.32,Austin Cohen,Brittany Jackson,PO218138,INV890361,34958.32,34958.32,34958.32,none
100284,2024-07-29,15:52:00,2024-07-29 15:52:00,Operations,5500,Utilities,Scott-Bailey,8208.34,Corey Jones,Sergio Arroyo,PO178418,INV1327,8208.34,8208.34,8208.34,none
104017,2024-07-29,17:14:00,2024-07-29 17:14:00,Procurement,5400,IT & Software,Harris PLC,7324.25,Alyssa Jackson,Thomas Martin,PO194148,INV883207,7324.25,7324.25,7324.25,none
101045,2024-07-29,18:21:00,2024-07-29 18:21:00,Marketing,5100,Office Supplies,Harper-Hernandez,2978.95,Joy Hernandez,Christopher Chung,PO439060,INV545153,2978.95,2978.95,2978.95,none
103715,2024-07-29,18:39:00,2024-07-29 18:39:00,HR,5400,IT & Software,"Dixon, Jackson and Benjamin",11052.88,Patricia Lopez,Gerald Freeman,PO566803,INV259655,11052.88,11052.88,11052.88,none
100899,2024-07-30,09:21:00,2024-07-30 09:21:00,Marketing,5100,Office Supplies,Stevens-Gibson,21304.68,Mary Harrison,Michael Macdonald,PO711182,INV979818,21304.68,21304.68,21304.68,none
100628,2024-07-30,09:35:00,2024-07-30 09:35:00,IT,5500,Utilities,"Jefferson, Sullivan and Young",13016.95,Jeffrey Hancock,Michael Macdonald,PO596361,INV274661,13016.95,13016.95,13016.95,none
100371,2024-07-30,09:36:00,2024-07-30 09:36:00,Marketing,5200,Travel & Entertainment,Becker-Martinez,11327.97,Gary Mays,Brittany Jackson,PO793699,INV283054,11327.97,11327.97,11327.97,none
100905,2024-07-30,09:53:00,2024-07-30 09:53:00,Marketing,5400,IT & Software,White-Thomas,15140.82,Christopher Chung,Corey Jones,PO20357,INV64673,15140.82,15140.82,15140.82,none
100589,2024-07-30,09:55:00,2024-07-30 09:55:00,HR,5000,Raw Materials Expense,Smith-Wise,18866.41,Leslie Robinson,Joy Hernandez,PO710630,INV780822,18866.41,18866.41,18866.41,none
104002,2024-07-30,10:25:00,2024-07-30 10:25:00,IT,5300,Professional Fees,"Decker, Eaton and Arnold",42841.8,Sean Kelly,Thomas Martin,PO697219,INV957602,42841.8,42841.8,42841.8,none
101197,2024-07-30,10:29:00,2024-07-30 10:29:00,Procurement,5400,IT & Software,Jones Inc,14050.21,Christina Miller,Tanner Avila,PO102220,INV624583,14050.21,14050.21,14050.21,none
103213,2024-07-30,10:39:00,2024-07-30 10:39:00,IT,5500,Utilities,Francis-Burke,28781.05,Elizabeth Boyle,Michael Rivas,PO896931,INV765702,28781.05,28781.05,28781.05,none
102172,2024-07-30,11:46:00,2024-07-30 11:46:00,Procurement,6000,Vendor Payments,Rivera-Charles,19202.92,Mary Harrison,Nicole Chavez,PO909385,INV45144,19202.92,19202.92,19202.92,none
101438,2024-07-30,12:00:00,2024-07-30 12:00:00,Operations,5400,IT & Software,Hopkins Inc,4322.35,Corey Jones,Joy Hernandez,PO222867,INV643847,4322.35,4322.35,4322.35,none
100931,2024-07-30,12:39:00,2024-07-30 12:39:00,Finance,5400,IT & Software,Jones Ltd,10508.34,Kyle King,Taylor Carroll,PO909909,INV90805,10508.34,10508.34,10508.34,none
103104,2024-07-30,12:42:00,2024-07-30 12:42:00,IT,6000,Vendor Payments,Gomez Ltd,41664.47,Alyssa Jackson,Timothy Johnson,PO587595,INV732097,41664.47,41664.47,41664.47,none
100358,2024-07-30,13:17:00,2024-07-30 13:17:00,Finance,5100,Office Supplies,Schneider-Clark,19319.44,Joy Hernandez,James Dennis,PO698073,INV820875,19319.44,19319.44,19319.44,none
101134,2024-07-30,13:52:00,2024-07-30 13:52:00,Operations,5300,Professional Fees,"Yang, Weber and Nielsen",19764.78,Nicole Chavez,James Dennis,PO744593,INV799462,19764.78,19764.78,19764.78,none
100876,2024-07-30,14:28:00,2024-07-30 14:28:00,IT,5400,IT & Software,"Mills, Crane and Kim",11628.38,Patricia Lopez,Taylor Carroll,PO902643,INV215099,11628.38,11628.38,11628.38,none
102307,2024-07-30,14:48:00,2024-07-30 14:48:00,Sales,5000,Raw Materials Expense,Torres-Mendoza,10596.35,Dawn Hall,Christine Gonzales,PO696370,INV592387,10596.35,10596.35,10596.35,none
103943,2024-07-30,15:04:00,2024-07-30 15:04:00,Operations,5000,Raw Materials Expense,Evans Ltd,33258.44,Brittany Jackson,Tanner Avila,PO414987,INV799148,33258.44,33258.44,33258.44,none
100401,2024-07-30,15:49:00,2024-07-30 15:49:00,Finance,6000,Vendor Payments,"Dixon, Jackson and Benjamin",17493.22,Autumn Reed,Michael Fox,PO288336,INV657355,17493.22,17493.22,17493.22,none
104601,2024-07-30,16:49:00,2024-07-30 16:49:00,IT,5100,Office Supplies,"Yang, Weber and Nielsen",8870.47,Corey Jones,Timothy Johnson,PO857164,INV187010,8870.47,8870.47,8870.47,none
100678,2024-07-30,17:09:00,2024-07-30 17:09:00,Finance,5100,Office Supplies,Pearson PLC,4256.37,Christine Gonzales,Gary Mays,PO397000,INV799073,4256.37,4256.37,4256.37,none
103041,2024-07-30,17:16:00,2024-07-30 17:16:00,Sales,5000,Raw Materials Expense,"Martin, Brewer and Young",4521.32,Sergio Arroyo,Sean Kelly,PO268794,INV867958,4521.32,4521.32,4521.32,none
102267,2024-07-30,17:40:00,2024-07-30 17:40:00,Sales,5100,Office Supplies,Gross-Morrison,7298.68,Timothy Johnson,Patricia Perry,PO290757,INV338271,7298.68,7298.68,7298.68,none
104728,2024-07-30,18:14:00,2024-07-30 18:14:00,Finance,5400,IT & Software,Lopez Ltd,3127.57,Donna Weber,Lawrence Davis,PO854802,INV334046,3127.57,3127.57,3127.57,none
101231,2024-07-31,09:15:00,2024-07-31 09:15:00,Marketing,5100,Office Supplies,"Mills, Crane and Kim",13826.02,Leslie Robinson,Anita Harris,PO909384,INV893792,13826.02,13826.02,13826.02,none
104322,2024-07-31,09:15:00,2024-07-31 09:15:00,Procurement,5500,Utilities,Miller LLC,10736.26,Michael Macdonald,James Dennis,PO653591,INV852643,10736.26,10736.26,10736.26,none
102522,2024-07-31,09:20:00,2024-07-31 09:20:00,HR,5200,Travel & Entertainment,"Jefferson, Sullivan and Young",24717.65,Dawn Hall,Christopher Chung,PO321639,INV427591,24717.65,24717.65,24717.65,none
104818,2024-07-31,09:36:00,2024-07-31 09:36:00,Finance,5200,Travel & Entertainment,"Hernandez, Hopkins and Houston",10000.0,Donna Weber,Patricia Perry,PO503248,INV822062,10000.0,10000.0,10000.0,round_number
101995,2024-07-31,09:48:00,2024-07-31 09:48:00,Sales,5400,IT & Software,"Howard, Tucker and Flores",48185.03,Sean Kelly,Tanner Avila,PO775365,INV900667,48185.03,48185.03,48185.03,none
100420,2024-07-31,10:07:00,2024-07-31 10:07:00,Finance,5000,Raw Materials Expense,Smith-Wise,6066.37,Jeffrey Hancock,Michael Fox,PO702803,INV685640,6066.37,6066.37,6066.37,none
100194,2024-07-31,10:20:00,2024-07-31 10:20:00,Sales,5300,Professional Fees,"Duncan, Graham and Stark",6547.58,Anita Harris,Kyle King,PO279299,INV660318,6547.58,6547.58,6547.58,none
104004,2024-07-31,10:22:00,2024-07-31 10:22:00,Sales,5400,IT & Software,Evans Ltd,58583.96,Sergio Arroyo,Nicole Chavez,PO582462,INV520819,58583.96,58583.96,58583.96,none
104790,2024-07-31,10:23:00,2024-07-31 10:23:00,HR,5300,Professional Fees,Jones Inc,4980.02,Timothy Johnson,Gerald Freeman,PO338315,INV875585,4980.02,4980.02,4980.02,none
102240,2024-07-31,10:34:00,2024-07-31 10:34:00,Marketing,5400,IT & Software,Hughes-Nichols,15948.59,Denise Elliott,Patricia Lopez,PO845880,INV37692,15948.59,15948.59,15948.59,none
100816,2024-07-31,10:49:00,2024-07-31 10:49:00,HR,5500,Utilities,"Decker, Eaton and Arnold",4423.88,Sean Kelly,Patricia Lopez,PO635686,INV476939,4423.88,4423.88,4423.88,none
101066,2024-07-31,11:35:00,2024-07-31 11:35:00,HR,6000,Vendor Payments,"Dixon, Jackson and Benjamin",19012.47,Donald Ferguson,Autumn Reed,PO389885,INV184446,19012.47,19012.47,19012.47,none
101643,2024-07-31,12:00:00,2024-07-31 12:00:00,Finance,5200,Travel & Entertainment,"Cherry, Martin and Compton",5360.53,Michael Rivas,Elizabeth Boyle,PO179275,INV160519,5360.53,5360.53,5360.53,none
101371,2024-07-31,12:11:00,2024-07-31 12:11:00,Operations,5200,Travel & Entertainment,"Smith, Montgomery and Reyes",19459.89,Michael Fox,Michael Macdonald,PO694461,INV925066,19459.89,19459.89,19459.89,none
103668,2024-07-31,12:19:00,2024-07-31 12:19:00,Marketing,5000,Raw Materials Expense,"Dixon, Jackson and Benjamin",10169.19,Corey Jones,Gary Mays,PO477923,INV749060,10169.19,10169.19,10169.19,none
102767,2024-07-31,13:31:00,2024-07-31 13:31:00,Operations,5500,Utilities,Rogers Ltd,7596.95,Donald Ferguson,Sergio Arroyo,PO792541,INV560806,7596.95,7596.95,7596.95,none
100703,2024-07-31,14:46:00,2024-07-31 14:46:00,HR,5500,Utilities,Mays-Ortega,5859.1,Austin Cohen,Lawrence Davis,PO676692,INV575316,5859.1,5859.1,5859.1,none
104880,2024-07-31,15:14:00,2024-07-31 15:14:00,HR,5000,Raw Materials Expense,"Silva, Jones and Oliver",17129.2,Taylor Carroll,Austin Cohen,PO362243,INV375336,17129.2,17129.2,17129.2,duplicate_payment
103942,2024-07-31,15:28:00,2024-07-31 15:28:00,IT,6000,Vendor Payments,"White, Tucker and Wolf",9089.86,Austin Cohen,Sean Kelly,PO836067,INV191980,9089.86,9089.86,9089.86,none
102799,2024-07-31,16:05:00,2024-07-31 16:05:00,Marketing,5100,Office Supplies,Becker-Martinez,4225.21,Autumn Reed,Timothy Johnson,PO394126,INV901874,4225.21,4225.21,4225.21,none
103656,2024-07-31,16:08:00,2024-07-31 16:08:00,Marketing,5300,Professional Fees,Harper-Hernandez,23434.31,Christine Gonzales,Tanner Avila,PO332807,INV281779,23434.31,23434.31,23434.31,none
104282,2024-07-31,16:12:00,2024-07-31 16:12:00,Marketing,5300,Professional Fees,Tucker Group,18966.59,Corey Jones,Patricia Lopez,PO257269,INV176894,18966.59,18966.59,18966.59,none
100345,2024-07-31,16:36:00,2024-07-31 16:36:00,Marketing,5000,Raw Materials Expense,Jones Ltd,11235.79,Elizabeth Shea,Joy Hernandez,PO337460,INV123034,11235.79,11235.79,11235.79,none
104945,2024-08-01,02:30:00,2024-08-01 02:30:00,IT,5200,Travel & Entertainment,Smith-Wise,10905.19,Nicole Clarke,Mary Harrison,PO921196,INV705289,10905.19,10905.19,10905.19,odd_hour_posting
101182,2024-08-01,10:15:00,2024-08-01 10:15:00,HR,5000,Raw Materials Expense,Nichols LLC,20319.78,Sean Kelly,Patricia Lopez,PO194646,INV790360,20319.78,20319.78,20319.78,none
102459,2024-08-01,11:27:00,2024-08-01 11:27:00,Sales,5100,Office Supplies,Harris PLC,21906.41,Sean Kelly,Leslie Robinson,PO187087,INV880991,21906.41,21906.41,21906.41,none
100328,2024-08-01,11:59:00,2024-08-01 11:59:00,HR,5500,Utilities,Scott-Bailey,10741.67,Donna Weber,Leslie Robinson,PO156049,INV83632,10741.67,10741.67,10741.67,none
103066,2024-08-01,14:56:00,2024-08-01 14:56:00,Marketing,6000,Vendor Payments,Tucker Group,39585.39,Christina Miller,Donald Ferguson,PO545289,INV732532,39585.39,39585.39,39585.39,none
103075,2024-08-01,15:29:00,2024-08-01 15:29:00,Procurement,5400,IT & Software,Gomez Ltd,13533.86,Dawn Hall,Michael Macdonald,PO581446,INV569287,13533.86,13533.86,13533.86,none
104027,2024-08-01,15:59:00,2024-08-01 15:59:00,Sales,5000,Raw Materials Expense,Lopez Ltd,7724.7,Joy Hernandez,Sean Kelly,PO585003,INV654659,7724.7,7724.7,7724.7,none
102282,2024-08-01,16:00:00,2024-08-01 16:00:00,Finance,5100,Office Supplies,"Decker, Eaton and Arnold",7590.39,Joy Hernandez,Nicole Clarke,PO196509,INV280517,7590.39,7590.39,7590.39,none
104136,2024-08-01,16:11:00,2024-08-01 16:11:00,IT,5000,Raw Materials Expense,"Silva, Jones and Oliver",15131.74,Michael Macdonald,Elizabeth Shea,PO864825,INV746711,15131.74,15131.74,15131.74,none
102501,2024-08-01,16:58:00,2024-08-01 16:58:00,HR,5500,Utilities,"Flores, Hood and Brown",13292.34,Nicole Chavez,Nicole Clarke,PO959206,INV763541,13292.34,13292.34,13292.34,none
102275,2024-08-02,09:55:00,2024-08-02 09:55:00,Operations,5300,Professional Fees,Lopez Ltd,10342.84,Denise Elliott,Kyle King,PO614881,INV108019,10342.84,10342.84,10342.84,none
103407,2024-08-02,10:06:00,2024-08-02 10:06:00,Marketing,5500,Utilities,Willis Group,12229.64,Gary Mays,Patricia Lopez,PO308828,INV129436,12229.64,12229.64,12229.64,none
100606,2024-08-02,10:32:00,2024-08-02 10:32:00,HR,5200,Travel & Entertainment,Davidson-Frank,13571.15,Taylor Carroll,Elizabeth Shea,PO614932,INV712199,13571.15,13571.15,13571.15,none
102346,2024-08-02,10:32:00,2024-08-02 10:32:00,Marketing,5400,IT & Software,Tucker Group,22429.42,Gary Mays,Michael Macdonald,PO29271,INV630839,22429.42,22429.42,22429.42,none
100314,2024-08-02,11:26:00,2024-08-02 11:26:00,Procurement,5100,Office Supplies,"Jefferson, Sullivan and Young",8718.63,Alyssa Jackson,Elizabeth Boyle,PO673806,INV376175,8718.63,8718.63,8718.63,none
102701,2024-08-02,11:36:00,2024-08-02 11:36:00,Sales,5000,Raw Materials Expense,"Martin, Brewer and Young",19370.14,Leslie Robinson,Gary Stone,PO939213,INV408171,19370.14,19370.14,19370.14,none
103382,2024-08-02,12:27:00,2024-08-02 12:27:00,Sales,5000,Raw Materials Expense,Murphy Inc,7303.57,Denise Elliott,Christina Miller,PO584017,INV523124,7303.57,7303.57,7303.57,none
101014,2024-08-02,12:47:00,2024-08-02 12:47:00,Sales,5500,Utilities,"Hernandez, Hopkins and Houston",16786.86,Timothy Johnson,Taylor Carroll,PO90392,INV530964,16786.86,16786.86,16786.86,none
105018,2024-08-02,15:14:00,2024-08-02 15:14:00,HR,5000,Raw Materials Expense,"Silva, Jones and Oliver",17129.2,Taylor Carroll,Austin Cohen,PO362243,INV375336,17129.2,17129.2,17129.2,duplicate_payment
100582,2024-08-02,15:24:00,2024-08-02 15:24:00,Sales,5500,Utilities,"Jefferson, Sullivan and Young",40999.15,Nicole Clarke,Patricia Perry,PO745288,INV890428,40999.15,40999.15,40999.15,none
101238,2024-08-02,15:56:00,2024-08-02 15:56:00,HR,5000,Raw Materials Expense,"Martin, Brewer and Young",23090.77,Joy Hernandez,Patricia Perry,PO377096,INV721142,23090.77,23090.77,23090.77,none
102373,2024-08-02,16:02:00,2024-08-02 16:02:00,IT,5200,Travel & Entertainment,"Martin, Brewer and Young",3462.67,Sergio Arroyo,Jeffrey Hancock,PO599428,INV681208,3462.67,3462.67,3462.67,none
101497,2024-08-02,16:11:00,2024-08-02 16:11:00,IT,5500,Utilities,Humphrey-Berg,11468.01,Lawrence Davis,Mary Harrison,PO313966,INV137893,11468.01,11468.01,11468.01,none
101825,2024-08-02,17:46:00,2024-08-02 17:46:00,Sales,5400,IT & Software,Ballard-Jenkins,17637.98,Sean Kelly,Janice Bush,PO103242,INV283315,17637.98,17637.98,17637.98,none
102563,2024-08-02,18:21:00,2024-08-02 18:21:00,Procurement,5100,Office Supplies,"Jefferson, Sullivan and Young",1966.51,Elizabeth Boyle,Sean Kelly,PO635662,INV524203,1966.51,1966.51,1966.51,none
104077,2024-08-02,18:27:00,2024-08-02 18:27:00,Marketing,5200,Travel & Entertainment,"White, Tucker and Wolf",14655.33,Sean Kelly,Autumn Reed,PO154318,INV452765,14655.33,14655.33,14655.33,none
103116,2024-08-05,09:38:00,2024-08-05 09:38:00,Finance,5100,Office Supplies,"Yang, Weber and Nielsen",24908.11,Anita Harris,Leslie Robinson,PO78388,INV103467,24908.11,24908.11,24908.11,none
101086,2024-08-05,10:04:00,2024-08-05 10:04:00,Sales,5200,Travel & Entertainment,Tucker Group,10368.72,Gary Mays,Elizabeth Shea,PO865269,INV748734,10368.72,10368.72,10368.72,none
104218,2024-08-05,10:15:00,2024-08-05 10:15:00,Finance,5500,Utilities,"Gardner, Perry and Cruz",13189.3,Alyssa Jackson,Michael Macdonald,PO137032,INV140940,13189.3,13189.3,13189.3,none
103530,2024-08-05,10:20:00,2024-08-05 10:20:00,Operations,5300,Professional Fees,Murphy Inc,13582.93,Denise Elliott,Christina Miller,PO838639,INV994079,13582.93,13582.93,13582.93,none
100125,2024-08-05,10:34:00,2024-08-05 10:34:00,Finance,6000,Vendor Payments,"Flores, Hood and Brown",28438.61,Timothy Johnson,Leslie Robinson,PO282750,INV604329,28438.61,28438.61,28438.61,none
101753,2024-08-05,11:01:00,2024-08-05 11:01:00,IT,6000,Vendor Payments,Jones Inc,12860.1,Anita Harris,Michael Macdonald,PO461037,INV653457,12860.1,12860.1,12860.1,none
102907,2024-08-05,11:15:00,2024-08-05 11:15:00,Sales,6000,Vendor Payments,Ballard-Jenkins,16849.43,Taylor Carroll,Thomas Martin,PO575908,INV289624,16849.43,16849.43,16849.43,none
102825,2024-08-05,11:15:00,2024-08-05 11:15:00,Finance,5300,Professional Fees,"Nelson, Duncan and Smith",5534.4,Christine Gonzales,Brittany Jackson,PO190340,INV852789,5534.4,5534.4,5534.4,none
101406,2024-08-05,11:38:00,2024-08-05 11:38:00,IT,5300,Professional Fees,"Morton, Reynolds and Anderson",21134.2,Gerald Freeman,Gary Mays,PO463725,INV226129,21134.2,21134.2,21134.2,none
101095,2024-08-05,12:32:00,2024-08-05 12:32:00,Operations,5500,Utilities,Jones Inc,19972.13,Patricia Lopez,Dawn Hall,PO16793,INV889798,19972.13,19972.13,19972.13,none
101917,2024-08-05,12:39:00,2024-08-05 12:39:00,Procurement,6000,Vendor Payments,Humphrey-Berg,9668.2,Anita Harris,Christine Gonzales,PO347521,INV408191,9668.2,9668.2,9668.2,none
101584,2024-08-05,14:03:00,2024-08-05 14:03:00,IT,5100,Office Supplies,"Mills, Crane and Kim",5368.07,Denise Elliott,Kyle King,PO88544,INV243628,5368.07,5368.07,5368.07,none
102815,2024-08-05,14:35:00,2024-08-05 14:35:00,Operations,5000,Raw Materials Expense,Lopez Ltd,4005.06,Gary Stone,Leslie Robinson,PO902415,INV305472,4005.06,4005.06,4005.06,none
104594,2024-08-05,16:25:00,2024-08-05 16:25:00,Marketing,5100,Office Supplies,Schneider-Clark,15429.72,Janice Bush,Taylor Carroll,PO748431,INV428073,15429.72,15429.72,15429.72,none
101025,2024-08-05,17:25:00,2024-08-05 17:25:00,Procurement,5300,Professional Fees,Scott-Bailey,18938.32,Christina Miller,Donna Weber,PO489362,INV919940,18938.32,18938.32,18938.32,none
104684,2024-08-05,17:33:00,2024-08-05 17:33:00,Finance,6000,Vendor Payments,"Jefferson, Sullivan and Young",27853.41,Corey Jones,Sean Kelly,PO303691,INV994181,27853.41,27853.41,27853.41,none
101881,2024-08-05,17:47:00,2024-08-05 17:47:00,Marketing,5400,IT & Software,"Durham, Bowen and Hess",35883.9,Michael Fox,Christopher Chung,PO665595,INV978806,35883.9,35883.9,35883.9,none
100947,2024-08-05,18:11:00,2024-08-05 18:11:00,Marketing,5300,Professional Fees,"Silva, Jones and Oliver",30245.69,Anita Harris,Mary Harrison,PO915554,INV90993,30245.69,30245.69,30245.69,none
101806,2024-08-05,18:46:00,2024-08-05 18:46:00,IT,5200,Travel & Entertainment,"Durham, Bowen and Hess",14314.11,Sergio Arroyo,Anita Harris,PO113078,INV428441,14314.11,14314.11,14314.11,none
103365,2024-08-06,09:36:00,2024-08-06 09:36:00,Finance,5100,Office Supplies,Willis Group,5167.88,Elizabeth Boyle,Dawn Hall,PO607649,INV356713,5167.88,5167.88,5167.88,none
102937,2024-08-06,09:52:00,2024-08-06 09:52:00,Finance,5500,Utilities,Humphrey-Berg,3528.04,Michael Rivas,Gary Stone,PO853442,INV53165,3528.04,3528.04,3528.04,none
104461,2024-08-06,10:19:00,2024-08-06 10:19:00,IT,5300,Professional Fees,"Flores, Hood and Brown",24620.14,Gary Stone,Michael Macdonald,PO595005,INV296221,24620.14,24620.14,24620.14,none
102367,2024-08-06,10:43:00,2024-08-06 10:43:00,Sales,5000,Raw Materials Expense,Powers Group,15844.53,Taylor Carroll,Christopher Chung,PO80653,INV701499,15844.53,15844.53,15844.53,none
104132,2024-08-06,11:10:00,2024-08-06 11:10:00,HR,5300,Professional Fees,Ballard-Jenkins,5612.91,Patricia Perry,Taylor Carroll,PO469348,INV699655,5612.91,5612.91,5612.91,none
101465,2024-08-06,11:59:00,2024-08-06 11:59:00,IT,6000,Vendor Payments,"Durham, Bowen and Hess",19212.0,Denise Elliott,Kyle King,PO210623,INV602864,19212.0,19212.0,19212.0,none
101127,2024-08-06,12:22:00,2024-08-06 12:22:00,Procurement,5400,IT & Software,Stevens-Gibson,4692.89,Joy Hernandez,Corey Jones,PO385148,INV170923,4692.89,4692.89,4692.89,none
103469,2024-08-06,15:01:00,2024-08-06 15:01:00,HR,5100,Office Supplies,"Gardner, Perry and Cruz",10086.85,Lindsey Lewis,Gary Stone,PO135282,INV528173,10086.85,10086.85,10086.85,none
103731,2024-08-06,15:38:00,2024-08-06 15:38:00,Marketing,5100,Office Supplies,"Jefferson, Sullivan and Young",10171.63,Sean Kelly,Nicole Clarke,PO274010,INV394289,10171.63,10171.63,10171.63,none
100869,2024-08-06,15:49:00,2024-08-06 15:49:00,IT,5200,Travel & Entertainment,"Silva, Jones and Oliver",41790.29,Anita Harris,Lawrence Davis,PO970378,INV845066,41790.29,41790.29,41790.29,none
101737,2024-08-06,16:26:00,2024-08-06 16:26:00,IT,5200,Travel & Entertainment,Ballard-Jenkins,19345.49,Christine Gonzales,Corey Jones,PO829081,INV51596,19345.49,19345.49,19345.49,none
103559,2024-08-06,18:07:00,2024-08-06 18:07:00,Procurement,6000,Vendor Payments,Jones Ltd,19763.03,Dawn Hall,Christina Miller,PO706310,INV424374,19763.03,19763.03,19763.03,none
100895,2024-08-06,18:54:00,2024-08-06 18:54:00,Operations,5500,Utilities,"Smith, Montgomery and Reyes",10390.56,Taylor Carroll,Patricia Perry,PO826040,INV205036,10390.56,10390.56,10390.56,none
103575,2024-08-07,09:08:00,2024-08-07 09:08:00,Finance,5500,Utilities,Gomez Ltd,9441.3,Michael Fox,Timothy Johnson,PO575277,INV870060,9441.3,9441.3,9441.3,none
103712,2024-08-07,09:24:00,2024-08-07 09:24:00,Operations,5300,Professional Fees,Lopez Ltd,11420.12,Leslie Robinson,Elizabeth Shea,PO736212,INV253220,11420.12,11420.12,11420.12,none
104931,2024-08-07,09:31:00,2024-08-07 09:31:00,Procurement,5100,Office Supplies,Harris PLC,100000.0,Gary Mays,Christina Miller,PO609037,INV884465,100000.0,100000.0,100000.0,round_number
102014,2024-08-07,10:06:00,2024-08-07 10:06:00,Operations,5500,Utilities,"Robles, Moses and Morgan",18032.13,Christina Miller,Alyssa Jackson,PO778240,INV562614,18032.13,18032.13,18032.13,none
101388,2024-08-07,10:14:00,2024-08-07 10:14:00,Sales,5400,IT & Software,Young Inc,34991.14,Sergio Arroyo,Kyle King,PO610728,INV827020,34991.14,34991.14,34991.14,none
101671,2024-08-07,11:22:00,2024-08-07 11:22:00,Operations,5000,Raw Materials Expense,"Mills, Crane and Kim",32748.25,Patricia Lopez,Christopher Chung,PO361921,INV919735,32748.25,32748.25,32748.25,none
104442,2024-08-07,11:43:00,2024-08-07 11:43:00,Operations,5200,Travel & Entertainment,Cowan-Powers,15814.21,Christine Gonzales,Corey Jones,PO896814,INV82477,15814.21,15814.21,15814.21,none
101524,2024-08-07,12:30:00,2024-08-07 12:30:00,Finance,6000,Vendor Payments,"Mills, Crane and Kim",24740.83,Michael Rivas,Lawrence Davis,PO97481,INV836154,24740.83,24740.83,24740.83,none
100453,2024-08-07,12:31:00,2024-08-07 12:31:00,Procurement,6000,Vendor Payments,Galvan Group,5494.75,Kyle King,Gary Mays,PO511468,INV670996,5494.75,5494.75,5494.75,none
100715,2024-08-07,12:51:00,2024-08-07 12:51:00,Operations,5200,Travel & Entertainment,"Silva, Jones and Oliver",3913.66,Donna Weber,Sergio Arroyo,PO154632,INV996067,3913.66,3913.66,3913.66,none
101335,2024-08-07,12:58:00,2024-08-07 12:58:00,HR,5300,Professional Fees,"Smith, Montgomery and Reyes",12990.02,Dawn Hall,Elizabeth Boyle,PO102753,INV115273,12990.02,12990.02,12990.02,none
103544,2024-08-07,13:08:00,2024-08-07 13:08:00,Marketing,5200,Travel & Entertainment,"Brown, Baker and Alvarado",12843.55,Alyssa Jackson,Michael Macdonald,PO869926,INV80734,12843.55,12843.55,12843.55,none
100100,2024-08-07,14:04:00,2024-08-07 14:04:00,Procurement,6000,Vendor Payments,Smith-Parker,23726.22,Donna Weber,Dawn Hall,PO971031,INV702753,23726.22,23726.22,23726.22,none
101635,2024-08-07,14:11:00,2024-08-07 14:11:00,Marketing,5200,Travel & Entertainment,"Mills, Crane and Kim",17468.02,Patricia Lopez,Corey Jones,PO703980,INV603263,17468.02,17468.02,17468.02,none
102886,2024-08-07,14:41:00,2024-08-07 14:41:00,Sales,5200,Travel & Entertainment,"Mills, Crane and Kim",42065.69,Mary Harrison,Jeffrey Hancock,PO675948,INV57689,42065.69,42065.69,42065.69,none
101624,2024-08-07,14:48:00,2024-08-07 14:48:00,Operations,5400,IT & Software,Young Inc,9660.22,Michael Rivas,Patricia Lopez,PO822136,INV186035,9660.22,9660.22,9660.22,none
100466,2024-08-07,14:50:00,2024-08-07 14:50:00,Marketing,5000,Raw Materials Expense,"Nelson, Duncan and Smith",25293.51,Brittany Jackson,Christine Gonzales,PO981558,INV724624,25293.51,25293.51,25293.51,none
101355,2024-08-07,15:13:00,2024-08-07 15:13:00,Marketing,5300,Professional Fees,"Duncan, Graham and Stark",13591.56,Donald Ferguson,Christopher Chung,PO325218,INV769230,13591.56,13591.56,13591.56,none
104111,2024-08-07,15:45:00,2024-08-07 15:45:00,Procurement,5000,Raw Materials Expense,Schneider-Clark,5662.99,Alyssa Jackson,Christina Miller,PO132944,INV990993,5662.99,5662.99,5662.99,none
103851,2024-08-07,16:39:00,2024-08-07 16:39:00,Procurement,6000,Vendor Payments,Hopkins Inc,5575.82,Elizabeth Boyle,Joy Hernandez,PO848738,INV842912,5575.82,5575.82,5575.82,none
101570,2024-08-07,17:21:00,2024-08-07 17:21:00,Procurement,5000,Raw Materials Expense,Evans Ltd,13299.39,Denise Elliott,Leslie Robinson,PO990710,INV232431,13299.39,13299.39,13299.39,none
104173,2024-08-07,17:31:00,2024-08-07 17:31:00,Finance,5400,IT & Software,Mays-Ortega,10463.73,Gary Stone,Alyssa Jackson,PO845770,INV889505,10463.73,10463.73,10463.73,none
104256,2024-08-07,17:34:00,2024-08-07 17:34:00,Finance,5200,Travel & Entertainment,Scott-Bailey,30082.7,Nicole Chavez,Patricia Perry,PO189908,INV242866,30082.7,30082.7,30082.7,none
102356,2024-08-07,18:37:00,2024-08-07 18:37:00,Finance,5300,Professional Fees,Humphrey-Berg,17069.01,Gary Mays,Elizabeth Boyle,PO118163,INV112294,17069.01,17069.01,17069.01,none
103744,2024-08-08,09:28:00,2024-08-08 09:28:00,HR,5400,IT & Software,Rogers Ltd,18577.59,Gary Stone,Christina Miller,PO857382,INV278644,18577.59,18577.59,18577.59,none
100417,2024-08-08,10:00:00,2024-08-08 10:00:00,HR,5500,Utilities,Hopkins Inc,8999.54,Kyle King,Christopher Chung,PO733640,INV961598,8999.54,8999.54,8999.54,none
104868,2024-08-08,10:06:00,2024-08-08 10:06:00,Procurement,5100,Office Supplies,Stewart-Russell,34536.82,Joy Hernandez,Joy Hernandez,PO997925,INV926903,34536.82,34536.82,34536.82,segregation_violation
100208,2024-08-08,10:18:00,2024-08-08 10:18:00,Sales,6000,Vendor Payments,Ballard-Jenkins,12248.77,Austin Cohen,Dawn Hall,PO396236,INV595467,12248.77,12248.77,12248.77,none
101110,2024-08-08,10:24:00,2024-08-08 10:24:00,Marketing,5400,IT & Software,Galvan Group,23926.03,Thomas Martin,Lindsey Lewis,PO288232,INV870279,23926.03,23926.03,23926.03,none
101112,2024-08-08,11:19:00,2024-08-08 11:19:00,Sales,5400,IT & Software,Schneider-Clark,17802.41,Michael Fox,Gerald Freeman,PO537592,INV772879,17802.41,17802.41,17802.41,none
102168,2024-08-08,11:25:00,2024-08-08 11:25:00,IT,5000,Raw Materials Expense,Stewart-Russell,16285.89,Taylor Carroll,Nicole Clarke,PO36891,INV30956,16285.89,16285.89,16285.89,none
101701,2024-08-08,12:09:00,2024-08-08 12:09:00,Finance,5200,Travel & Entertainment,"Mills, Crane and Kim",16297.79,Janice Bush,Donald Ferguson,PO794568,INV475438,16297.79,16297.79,16297.79,none
102473,2024-08-08,12:18:00,2024-08-08 12:18:00,Operations,5300,Professional Fees,"Nelson, Duncan and Smith",17008.28,Gary Mays,Michael Macdonald,PO796575,INV635602,17008.28,17008.28,17008.28,none
101645,2024-08-08,12:35:00,2024-08-08 12:35:00,IT,5400,IT & Software,"Yang, Weber and Nielsen",5627.39,Christopher Chung,Gerald Freeman,PO544487,INV287801,5627.39,5627.39,5627.39,none
101175,2024-08-08,13:57:00,2024-08-08 13:57:00,Procurement,5100,Office Supplies,Francis-Burke,14260.43,Gary Stone,Brittany Jackson,PO794961,INV697171,14260.43,14260.43,14260.43,none
103611,2024-08-08,14:06:00,2024-08-08 14:06:00,Sales,6000,Vendor Payments,Hughes-Nichols,19171.35,Timothy Johnson,Taylor Carroll,PO941962,INV644418,19171.35,19171.35,19171.35,none
102160,2024-08-08,14:23:00,2024-08-08 14:23:00,Finance,5500,Utilities,"Flores, Hood and Brown",10776.32,Dawn Hall,Michael Rivas,PO369090,INV772831,10776.32,10776.32,10776.32,none
100838,2024-08-08,14:43:00,2024-08-08 14:43:00,HR,5100,Office Supplies,"Decker, Eaton and Arnold",10117.15,Nicole Chavez,Patricia Perry,PO370707,INV482360,10117.15,10117.15,10117.15,none
103241,2024-08-08,15:04:00,2024-08-08 15:04:00,Finance,5500,Utilities,Torres-Mendoza,8548.3,Patricia Lopez,Donna Weber,PO478120,INV864822,8548.3,8548.3,8548.3,none
100193,2024-08-08,16:56:00,2024-08-08 16:56:00,IT,5500,Utilities,"Cherry, Martin and Compton",13707.25,Janice Bush,Gary Mays,PO325515,INV969811,13707.25,13707.25,13707.25,none
102651,2024-08-08,17:35:00,2024-08-08 17:35:00,Marketing,5100,Office Supplies,Murphy Inc,19785.25,Christopher Chung,Dawn Hall,PO551231,INV932728,19785.25,19785.25,19785.25,none
100407,2024-08-08,18:08:00,2024-08-08 18:08:00,Marketing,6000,Vendor Payments,"Duncan, Graham and Stark",1818.64,Alyssa Jackson,Christopher Chung,PO151506,INV946051,1818.64,1818.64,1818.64,none
103150,2024-08-08,18:25:00,2024-08-08 18:25:00,IT,5000,Raw Materials Expense,Lopez Ltd,5678.91,Michael Fox,Nicole Chavez,PO697966,INV273523,5678.91,5678.91,5678.91,none
100071,2024-08-08,18:38:00,2024-08-08 18:38:00,Marketing,5000,Raw Materials Expense,"Morton, Reynolds and Anderson",11943.68,Patricia Perry,Gary Mays,PO730619,INV817122,11943.68,11943.68,11943.68,none
104263,2024-08-08,18:44:00,2024-08-08 18:44:00,Marketing,5400,IT & Software,Larson PLC,13851.88,Gary Mays,Gary Stone,PO655301,INV28148,13851.88,13851.88,13851.88,none
102449,2024-08-09,10:38:00,2024-08-09 10:38:00,Finance,5000,Raw Materials Expense,"Howard, Tucker and Flores",22164.86,Anita Harris,Brittany Jackson,PO777408,INV548336,22164.86,22164.86,22164.86,none
101855,2024-08-09,10:59:00,2024-08-09 10:59:00,Marketing,5000,Raw Materials Expense,Stewart-Russell,10613.27,Elizabeth Boyle,Donna Weber,PO774056,INV733060,10613.27,10613.27,10613.27,none
103439,2024-08-09,11:09:00,2024-08-09 11:09:00,HR,5400,IT & Software,Harris PLC,19967.26,Elizabeth Boyle,Gary Stone,PO35791,INV268411,19967.26,19967.26,19967.26,none
102232,2024-08-09,11:28:00,2024-08-09 11:28:00,HR,5100,Office Supplies,Schneider-Clark,11673.91,Brittany Jackson,Sergio Arroyo,PO663262,INV251632,11673.91,11673.91,11673.91,none
104764,2024-08-09,12:20:00,2024-08-09 12:20:00,Marketing,5000,Raw Materials Expense,Schneider-Clark,16549.39,Sergio Arroyo,Dawn Hall,PO10809,INV875673,16549.39,16549.39,16549.39,none
103184,2024-08-09,13:24:00,2024-08-09 13:24:00,Procurement,5000,Raw Materials Expense,"Morton, Reynolds and Anderson",9161.92,Gary Stone,Timothy Johnson,PO146685,INV980049,9161.92,9161.92,9161.92,none
102250,2024-08-09,14:02:00,2024-08-09 14:02:00,IT,5100,Office Supplies,"Smith, Montgomery and Reyes",12392.06,Michael Fox,Michael Rivas,PO347755,INV359269,12392.06,12392.06,12392.06,none
100101,2024-08-09,14:40:00,2024-08-09 14:40:00,HR,5500,Utilities,"Duncan, Graham and Stark",26463.16,Autumn Reed,Tanner Avila,PO206353,INV998945,26463.16,26463.16,26463.16,none
103974,2024-08-09,14:41:00,2024-08-09 14:41:00,Sales,5100,Office Supplies,Gomez Ltd,14516.24,Patricia Lopez,Joy Hernandez,PO872077,INV552686,14516.24,14516.24,14516.24,none
103931,2024-08-09,15:01:00,2024-08-09 15:01:00,IT,5200,Travel & Entertainment,Galvan Group,10406.44,Lawrence Davis,Taylor Carroll,PO221368,INV699242,10406.44,10406.44,10406.44,none
101302,2024-08-09,15:17:00,2024-08-09 15:17:00,IT,5500,Utilities,Willis Group,10475.43,Lindsey Lewis,Christopher Chung,PO581954,INV62021,10475.43,10475.43,10475.43,none
104600,2024-08-09,15:54:00,2024-08-09 15:54:00,Operations,5500,Utilities,"Morton, Reynolds and Anderson",3538.87,Mary Harrison,James Dennis,PO168422,INV838191,3538.87,3538.87,3538.87,none
103763,2024-08-09,16:02:00,2024-08-09 16:02:00,Marketing,5000,Raw Materials Expense,Ballard-Jenkins,6752.73,Christina Miller,Lindsey Lewis,PO325573,INV678655,6752.73,6752.73,6752.73,none
101852,2024-08-09,16:16:00,2024-08-09 16:16:00,Procurement,5500,Utilities,Stewart-Russell,11106.61,Austin Cohen,Anita Harris,PO91308,INV397455,11106.61,11106.61,11106.61,none
104743,2024-08-09,16:23:00,2024-08-09 16:23:00,HR,5300,Professional Fees,Evans Ltd,12183.62,Denise Elliott,Lindsey Lewis,PO312536,INV431226,12183.62,12183.62,12183.62,none
104706,2024-08-09,16:38:00,2024-08-09 16:38:00,Procurement,5200,Travel & Entertainment,"Brown, Baker and Alvarado",14471.03,Jeffrey Hancock,Timothy Johnson,PO419550,INV506930,14471.03,14471.03,14471.03,none
101128,2024-08-09,17:20:00,2024-08-09 17:20:00,Marketing,5000,Raw Materials Expense,Willis Group,33401.36,Michael Fox,Joy Hernandez,PO726500,INV359660,33401.36,33401.36,33401.36,none
102968,2024-08-09,17:35:00,2024-08-09 17:35:00,Marketing,5000,Raw Materials Expense,Nichols LLC,3576.71,James Dennis,Janice Bush,PO664703,INV53564,3576.71,3576.71,3576.71,none
103108,2024-08-09,17:51:00,2024-08-09 17:51:00,Sales,5200,Travel & Entertainment,Mays-Ortega,10741.76,Gary Stone,Patricia Lopez,PO966808,INV926878,10741.76,10741.76,10741.76,none
104948,2024-08-12,09:00:00,2024-08-12 09:00:00,Operations,5500,Utilities,Scott-Bailey,39516.47,Nicole Chavez,Nicole Chavez,PO560519,INV199683,39516.47,39516.47,39516.47,segregation_violation
100240,2024-08-12,09:26:00,2024-08-12 09:26:00,Marketing,5500,Utilities,Miller LLC,15114.73,Mary Harrison,Gerald Freeman,PO903944,INV800258,15114.73,15114.73,15114.73,none
101895,2024-08-12,10:02:00,2024-08-12 10:02:00,HR,5500,Utilities,"Mills, Crane and Kim",18635.72,Gerald Freeman,Gary Mays,PO381708,INV148343,18635.72,18635.72,18635.72,none
102960,2024-08-12,10:21:00,2024-08-12 10:21:00,Marketing,6000,Vendor Payments,Cowan-Powers,18099.08,Christopher Chung,Taylor Carroll,PO166971,INV844714,18099.08,18099.08,18099.08,none
100127,2024-08-12,10:29:00,2024-08-12 10:29:00,Marketing,5200,Travel & Entertainment,Evans Ltd,19891.31,Sean Kelly,Patricia Perry,PO583701,INV354323,19891.31,19891.31,19891.31,none
101842,2024-08-12,11:32:00,2024-08-12 11:32:00,IT,5500,Utilities,Jones Ltd,5435.38,Brittany Jackson,Elizabeth Boyle,PO958356,INV991997,5435.38,5435.38,5435.38,none
104786,2024-08-12,12:37:00,2024-08-12 12:37:00,Sales,6000,Vendor Payments,Reyes-Glover,16027.29,Christina Miller,Lindsey Lewis,PO457232,INV266026,16027.29,16027.29,16027.29,none
102702,2024-08-12,12:48:00,2024-08-12 12:48:00,HR,5200,Travel & Entertainment,Pearson PLC,7345.35,Nicole Clarke,Mary Harrison,PO811425,INV265447,7345.35,7345.35,7345.35,none
101847,2024-08-12,12:56:00,2024-08-12 12:56:00,Sales,5000,Raw Materials Expense,Powers Group,12353.2,Gary Stone,Christina Miller,PO219704,INV333332,12353.2,12353.2,12353.2,none
104370,2024-08-12,13:04:00,2024-08-12 13:04:00,Finance,6000,Vendor Payments,White-Thomas,12109.69,Christopher Chung,Jeffrey Hancock,PO272803,INV911599,12109.69,12109.69,12109.69,none
103506,2024-08-12,14:14:00,2024-08-12 14:14:00,Procurement,5500,Utilities,"Mills, Crane and Kim",12693.51,Nicole Chavez,James Dennis,PO703806,INV222985,12693.51,12693.51,12693.51,none
101150,2024-08-12,14:56:00,2024-08-12 14:56:00,Marketing,6000,Vendor Payments,"Decker, Eaton and Arnold",12795.42,Michael Fox,Gary Mays,PO468654,INV963617,12795.42,12795.42,12795.42,none
103205,2024-08-12,15:09:00,2024-08-12 15:09:00,Operations,6000,Vendor Payments,Jones Ltd,19826.28,Dawn Hall,Autumn Reed,PO180784,INV274238,19826.28,19826.28,19826.28,none
103153,2024-08-12,15:43:00,2024-08-12 15:43:00,Marketing,5400,IT & Software,Miller LLC,12778.35,Patricia Lopez,Elizabeth Shea,PO405582,INV63497,12778.35,12778.35,12778.35,none
102928,2024-08-12,15:48:00,2024-08-12 15:48:00,Marketing,5400,IT & Software,Davidson-Frank,10857.79,Nicole Clarke,Donald Ferguson,PO187074,INV746259,10857.79,10857.79,10857.79,none
103433,2024-08-12,17:05:00,2024-08-12 17:05:00,Finance,5300,Professional Fees,Murphy Inc,9492.3,Thomas Martin,Joy Hernandez,PO159854,INV37270,9492.3,9492.3,9492.3,none
100229,2024-08-12,17:33:00,2024-08-12 17:33:00,IT,5100,Office Supplies,"Brown, Baker and Alvarado",4317.92,Lawrence Davis,Anita Harris,PO219688,INV192133,4317.92,4317.92,4317.92,none
101100,2024-08-12,17:42:00,2024-08-12 17:42:00,Finance,5100,Office Supplies,Rogers Ltd,13641.04,Nicole Clarke,Jeffrey Hancock,PO49413,INV162701,13641.04,13641.04,13641.04,none
104677,2024-08-12,17:56:00,2024-08-12 17:56:00,HR,5200,Travel & Entertainment,Willis Group,8881.41,Elizabeth Shea,Gary Mays,PO817830,INV402135,8881.41,8881.41,8881.41,none
101749,2024-08-12,18:07:00,2024-08-12 18:07:00,Marketing,5100,Office Supplies,Harper-Hernandez,8499.11,Sergio Arroyo,Michael Rivas,PO135485,INV485152,8499.11,8499.11,8499.11,none
100868,2024-08-12,18:31:00,2024-08-12 18:31:00,Procurement,5200,Travel & Entertainment,Harris PLC,13551.17,James Dennis,Leslie Robinson,PO385034,INV15510,13551.17,13551.17,13551.17,none
103641,2024-08-13,09:05:00,2024-08-13 09:05:00,Marketing,5200,Travel & Entertainment,Jones Inc,14931.51,Christina Miller,Sean Kelly,PO954122,INV257888,14931.51,14931.51,14931.51,none
103914,2024-08-13,09:22:00,2024-08-13 09:22:00,Finance,5200,Travel & Entertainment,"Duncan, Graham and Stark",15310.85,Donna Weber,Christopher Chung,PO241436,INV880604,15310.85,15310.85,15310.85,none
100841,2024-08-13,09:59:00,2024-08-13 09:59:00,Marketing,6000,Vendor Payments,"Hernandez, Hopkins and Houston",3468.4,Mary Harrison,Denise Elliott,PO298930,INV664307,3468.4,3468.4,3468.4,none
100082,2024-08-13,10:45:00,2024-08-13 10:45:00,Marketing,5400,IT & Software,Francis-Burke,37101.67,Lawrence Davis,Patricia Perry,PO79235,INV410032,37101.67,37101.67,37101.67,none
102108,2024-08-13,10:47:00,2024-08-13 10:47:00,Sales,5300,Professional Fees,Davidson-Frank,19872.48,Michael Rivas,Janice Bush,PO228135,INV22396,19872.48,19872.48,19872.48,none
100701,2024-08-13,11:14:00,2024-08-13 11:14:00,Operations,5400,IT & Software,Rogers Ltd,38713.5,Christina Miller,Elizabeth Shea,PO805835,INV126562,38713.5,38713.5,38713.5,none
103569,2024-08-13,11:36:00,2024-08-13 11:36:00,Finance,5300,Professional Fees,Smith-Parker,26991.69,James Dennis,Austin Cohen,PO611624,INV841730,26991.69,26991.69,26991.69,none
103798,2024-08-13,12:43:00,2024-08-13 12:43:00,Finance,5100,Office Supplies,Hopkins Inc,21971.27,Autumn Reed,Donald Ferguson,PO486837,INV546003,21971.27,21971.27,21971.27,none
101702,2024-08-13,13:23:00,2024-08-13 13:23:00,Operations,5400,IT & Software,Mora-Lynn,22343.67,Christina Miller,Christopher Chung,PO261037,INV380689,22343.67,22343.67,22343.67,none
104440,2024-08-13,15:05:00,2024-08-13 15:05:00,IT,5100,Office Supplies,Raymond-Lucas,14666.51,James Dennis,Brittany Jackson,PO239840,INV341219,14666.51,14666.51,14666.51,none
104668,2024-08-13,16:28:00,2024-08-13 16:28:00,HR,5300,Professional Fees,"Brown, Baker and Alvarado",52270.08,Mary Harrison,Alyssa Jackson,PO797707,INV963115,52270.08,52270.08,52270.08,none
102685,2024-08-13,16:38:00,2024-08-13 16:38:00,IT,5200,Travel & Entertainment,Cowan-Powers,24999.75,Thomas Martin,Christina Miller,PO728348,INV290728,24999.75,24999.75,24999.75,none
104491,2024-08-13,17:05:00,2024-08-13 17:05:00,Procurement,5100,Office Supplies,Gomez Ltd,13574.87,Michael Fox,Patricia Perry,PO539018,INV434020,13574.87,13574.87,13574.87,none
104137,2024-08-13,18:49:00,2024-08-13 18:49:00,HR,5100,Office Supplies,Pearson PLC,8060.49,Elizabeth Boyle,Thomas Martin,PO622846,INV993749,8060.49,8060.49,8060.49,none
103827,2024-08-14,09:13:00,2024-08-14 09:13:00,Operations,5200,Travel & Entertainment,Scott-Bailey,5231.12,Corey Jones,Thomas Martin,PO358604,INV95798,5231.12,5231.12,5231.12,none
104095,2024-08-14,11:06:00,2024-08-14 11:06:00,Sales,5500,Utilities,Davidson-Frank,27537.42,Taylor Carroll,Donald Ferguson,PO72549,INV804773,27537.42,27537.42,27537.42,none
102264,2024-08-14,11:32:00,2024-08-14 11:32:00,Finance,5500,Utilities,Hopkins Inc,20977.63,Timothy Johnson,Lindsey Lewis,PO3634,INV443236,20977.63,20977.63,20977.63,none
102668,2024-08-14,11:47:00,2024-08-14 11:47:00,IT,5000,Raw Materials Expense,Jones Ltd,5659.87,Michael Macdonald,Thomas Martin,PO743310,INV445756,5659.87,5659.87,5659.87,none
103132,2024-08-14,13:08:00,2024-08-14 13:08:00,Finance,6000,Vendor Payments,Gross-Morrison,6395.49,Corey Jones,Leslie Robinson,PO716679,INV499578,6395.49,6395.49,6395.49,none
100776,2024-08-14,13:23:00,2024-08-14 13:23:00,Finance,5300,Professional Fees,Galvan Group,8048.19,James Dennis,Donald Ferguson,PO808003,INV532427,8048.19,8048.19,8048.19,none
102045,2024-08-14,14:40:00,2024-08-14 14:40:00,Procurement,6000,Vendor Payments,Mora-Lynn,8757.19,Michael Fox,Jeffrey Hancock,PO921703,INV596921,8757.19,8757.19,8757.19,none
104011,2024-08-14,15:11:00,2024-08-14 15:11:00,Operations,6000,Vendor Payments,Raymond-Lucas,15814.0,Timothy Johnson,Michael Fox,PO773297,INV672226,15814.0,15814.0,15814.0,none
100207,2024-08-14,15:17:00,2024-08-14 15:17:00,Operations,5500,Utilities,Mora-Lynn,24797.54,Nicole Clarke,Mary Harrison,PO199741,INV284603,24797.54,24797.54,24797.54,none
101915,2024-08-14,16:44:00,2024-08-14 16:44:00,IT,6000,Vendor Payments,Cowan-Powers,15726.86,Denise Elliott,Alyssa Jackson,PO90276,INV692927,15726.86,15726.86,15726.86,none
103481,2024-08-14,17:54:00,2024-08-14 17:54:00,Marketing,5100,Office Supplies,Cowan-Powers,4928.03,Nicole Chavez,Anita Harris,PO219508,INV738366,4928.03,4928.03,4928.03,none
102211,2024-08-14,18:49:00,2024-08-14 18:49:00,Operations,5400,IT & Software,Humphrey-Berg,14020.28,Alyssa Jackson,Denise Elliott,PO9397,INV357104,14020.28,14020.28,14020.28,none
104109,2024-08-15,09:50:00,2024-08-15 09:50:00,Operations,5200,Travel & Entertainment,"Hernandez, Hopkins and Houston",19369.74,Patricia Perry,Lawrence Davis,PO789274,INV862491,19369.74,19369.74,19369.74,none
103048,2024-08-15,10:05:00,2024-08-15 10:05:00,Procurement,5500,Utilities,Evans Ltd,11622.64,Elizabeth Shea,Autumn Reed,PO66962,INV704505,11622.64,11622.64,11622.64,none
104585,2024-08-15,10:16:00,2024-08-15 10:16:00,Operations,5000,Raw Materials Expense,Murphy Inc,9362.92,Kyle King,Taylor Carroll,PO673673,INV483496,9362.92,9362.92,9362.92,none
102364,2024-08-15,10:32:00,2024-08-15 10:32:00,IT,5100,Office Supplies,"Nelson, Duncan and Smith",29749.48,Thomas Martin,Joy Hernandez,PO927659,INV223440,29749.48,29749.48,29749.48,none
100275,2024-08-15,10:36:00,2024-08-15 10:36:00,Sales,5500,Utilities,"Hernandez, Hopkins and Houston",8726.67,Dawn Hall,Brittany Jackson,PO925966,INV617977,8726.67,8726.67,8726.67,none
100154,2024-08-15,11:44:00,2024-08-15 11:44:00,IT,5000,Raw Materials Expense,Mora-Lynn,31664.81,Jeffrey Hancock,Austin Cohen,PO546964,INV232077,31664.81,31664.81,31664.81,none
103284,2024-08-15,13:40:00,2024-08-15 13:40:00,Sales,5400,IT & Software,"Silva, Jones and Oliver",29863.58,Taylor Carroll,Thomas Martin,PO375775,INV405269,29863.58,29863.58,29863.58,none
103283,2024-08-15,13:56:00,2024-08-15 13:56:00,HR,5200,Travel & Entertainment,Schneider-Clark,8538.68,Tanner Avila,Autumn Reed,PO733955,INV229454,8538.68,8538.68,8538.68,none
103592,2024-08-15,14:48:00,2024-08-15 14:48:00,Finance,5000,Raw Materials Expense,Hughes-Nichols,30949.35,Timothy Johnson,Lindsey Lewis,PO51054,INV574116,30949.35,30949.35,30949.35,none
104081,2024-08-15,15:05:00,2024-08-15 15:05:00,Procurement,5000,Raw Materials Expense,Gross-Morrison,33493.25,Elizabeth Boyle,Denise Elliott,PO181073,INV649171,33493.25,33493.25,33493.25,none
101063,2024-08-15,15:51:00,2024-08-15 15:51:00,Operations,6000,Vendor Payments,Larson PLC,22404.47,Donald Ferguson,James Dennis,PO732889,INV177239,22404.47,22404.47,22404.47,none
101811,2024-08-15,16:01:00,2024-08-15 16:01:00,IT,5200,Travel & Entertainment,Harper-Hernandez,25165.31,Michael Rivas,Patricia Lopez,PO10759,INV588042,25165.31,25165.31,25165.31,none
100178,2024-08-15,16:15:00,2024-08-15 16:15:00,Operations,5200,Travel & Entertainment,"Brown, Baker and Alvarado",8844.27,Dawn Hall,Gary Mays,PO379159,INV340231,8844.27,8844.27,8844.27,none
100911,2024-08-15,17:01:00,2024-08-15 17:01:00,HR,5200,Travel & Entertainment,"White, Tucker and Wolf",17162.97,Austin Cohen,Brittany Jackson,PO393280,INV216816,17162.97,17162.97,17162.97,none
104443,2024-08-15,17:20:00,2024-08-15 17:20:00,Operations,5100,Office Supplies,"Dixon, Jackson and Benjamin",5990.83,Lawrence Davis,Michael Macdonald,PO66753,INV369852,5990.83,5990.83,5990.83,none
104231,2024-08-15,17:53:00,2024-08-15 17:53:00,Sales,5100,Office Supplies,Mora-Lynn,20127.56,Tanner Avila,Alyssa Jackson,PO882855,INV796704,20127.56,20127.56,20127.56,none
102143,2024-08-16,09:20:00,2024-08-16 09:20:00,IT,5200,Travel & Entertainment,"Howard, Tucker and Flores",5407.72,Lawrence Davis,Patricia Perry,PO947014,INV147842,5407.72,5407.72,5407.72,none
100270,2024-08-16,09:46:00,2024-08-16 09:46:00,Operations,5100,Office Supplies,"Smith, Montgomery and Reyes",7833.61,Alyssa Jackson,Christine Gonzales,PO159,INV39222,7833.61,7833.61,7833.61,none
103452,2024-08-16,10:59:00,2024-08-16 10:59:00,Operations,5000,Raw Materials Expense,"Cherry, Martin and Compton",19663.56,Jeffrey Hancock,Michael Rivas,PO777071,INV905040,19663.56,19663.56,19663.56,none
103180,2024-08-16,11:03:00,2024-08-16 11:03:00,Sales,5100,Office Supplies,Jones Inc,13371.39,Autumn Reed,Timothy Johnson,PO976723,INV989061,13371.39,13371.39,13371.39,none
100724,2024-08-16,11:06:00,2024-08-16 11:06:00,Sales,6000,Vendor Payments,"Silva, Jones and Oliver",26355.83,Austin Cohen,Lawrence Davis,PO742053,INV41431,26355.83,26355.83,26355.83,none
103099,2024-08-16,11:07:00,2024-08-16 11:07:00,Finance,5400,IT & Software,"Dixon, Jackson and Benjamin",11744.17,Kyle King,Michael Fox,PO782509,INV123111,11744.17,11744.17,11744.17,none
103620,2024-08-16,11:35:00,2024-08-16 11:35:00,Marketing,5500,Utilities,"Robles, Moses and Morgan",13666.48,Kyle King,Gerald Freeman,PO57670,INV954605,13666.48,13666.48,13666.48,none
102918,2024-08-16,11:45:00,2024-08-16 11:45:00,Finance,5300,Professional Fees,"Robles, Moses and Morgan",21863.99,Autumn Reed,Patricia Perry,PO630633,INV858647,21863.99,21863.99,21863.99,none
100570,2024-08-16,11:55:00,2024-08-16 11:55:00,Procurement,5100,Office Supplies,Humphrey-Berg,5933.33,Nicole Clarke,Mary Harrison,PO751639,INV549976,5933.33,5933.33,5933.33,none
100938,2024-08-16,12:13:00,2024-08-16 12:13:00,HR,5200,Travel & Entertainment,"Dixon, Jackson and Benjamin",24535.93,Mary Harrison,Sean Kelly,PO986174,INV420083,24535.93,24535.93,24535.93,none
101240,2024-08-16,12:56:00,2024-08-16 12:56:00,Finance,5400,IT & Software,Davidson-Frank,8188.28,Denise Elliott,Michael Macdonald,PO955327,INV568544,8188.28,8188.28,8188.28,none
100882,2024-08-16,13:40:00,2024-08-16 13:40:00,IT,5000,Raw Materials Expense,Harris PLC,14537.25,Michael Fox,Elizabeth Boyle,PO151473,INV487669,14537.25,14537.25,14537.25,none
101864,2024-08-16,14:15:00,2024-08-16 14:15:00,Sales,5000,Raw Materials Expense,"Cherry, Martin and Compton",9106.16,Patricia Perry,Tanner Avila,PO832193,INV787597,9106.16,9106.16,9106.16,none
100686,2024-08-16,14:49:00,2024-08-16 14:49:00,IT,5500,Utilities,"Duncan, Graham and Stark",4670.93,Corey Jones,Anita Harris,PO995408,INV67342,4670.93,4670.93,4670.93,none
101667,2024-08-16,15:38:00,2024-08-16 15:38:00,Sales,6000,Vendor Payments,Young Inc,44375.4,Nicole Clarke,Tanner Avila,PO665648,INV569802,44375.4,44375.4,44375.4,none
104767,2024-08-16,16:56:00,2024-08-16 16:56:00,Marketing,5200,Travel & Entertainment,Schneider-Clark,12460.74,Michael Macdonald,Mary Harrison,PO447491,INV13605,12460.74,12460.74,12460.74,none
103008,2024-08-16,16:59:00,2024-08-16 16:59:00,Sales,5400,IT & Software,Gomez Ltd,22275.0,Christopher Chung,Christine Gonzales,PO379006,INV661733,22275.0,22275.0,22275.0,none
102376,2024-08-16,17:23:00,2024-08-16 17:23:00,Sales,5000,Raw Materials Expense,Smith-Parker,6090.93,Patricia Lopez,Gary Mays,PO998234,INV754904,6090.93,6090.93,6090.93,none
103499,2024-08-16,17:52:00,2024-08-16 17:52:00,Procurement,5500,Utilities,Raymond-Lucas,33996.73,Jeffrey Hancock,Mary Harrison,PO513645,INV107645,33996.73,33996.73,33996.73,none
104243,2024-08-16,17:53:00,2024-08-16 17:53:00,Finance,5200,Travel & Entertainment,Evans Ltd,18976.23,Patricia Lopez,Sergio Arroyo,PO671181,INV509111,18976.23,18976.23,18976.23,none
101309,2024-08-16,18:07:00,2024-08-16 18:07:00,Sales,5000,Raw Materials Expense,Miller LLC,9474.15,Taylor Carroll,Alyssa Jackson,PO66366,INV756,9474.15,9474.15,9474.15,none
102841,2024-08-16,18:31:00,2024-08-16 18:31:00,Marketing,5000,Raw Materials Expense,"Flores, Hood and Brown",19424.11,Austin Cohen,Lindsey Lewis,PO900073,INV478360,19424.11,19424.11,19424.11,none
100269,2024-08-16,18:45:00,2024-08-16 18:45:00,Procurement,5200,Travel & Entertainment,Schneider-Clark,14200.86,Patricia Perry,Elizabeth Boyle,PO727413,INV432690,14200.86,14200.86,14200.86,none
104909,2024-08-19,03:37:00,2024-08-19 03:37:00,IT,5500,Utilities,Schneider-Clark,16963.46,Michael Rivas,Donna Weber,PO888413,INV143495,16963.46,16963.46,16963.46,odd_hour_posting
104804,2024-08-19,10:11:00,2024-08-19 10:11:00,Finance,5000,Raw Materials Expense,Humphrey-Berg,99708.56,Brittany Jackson,Dawn Hall,PO197917,INV355486,99708.56,99708.56,99708.56,unusual_amount
104349,2024-08-19,11:08:00,2024-08-19 11:08:00,Finance,5000,Raw Materials Expense,"Dixon, Jackson and Benjamin",9419.99,Denise Elliott,Taylor Carroll,PO945055,INV231818,9419.99,9419.99,9419.99,none
103111,2024-08-19,11:36:00,2024-08-19 11:36:00,IT,6000,Vendor Payments,Lopez Ltd,40566.26,James Dennis,Anita Harris,PO377425,INV572321,40566.26,40566.26,40566.26,none
104957,2024-08-19,11:41:00,2024-08-19 11:41:00,HR,5400,IT & Software,Humphrey-Berg,23403.53,Alyssa Jackson,Alyssa Jackson,PO450699,INV752194,23403.53,23403.53,23403.53,segregation_violation
102521,2024-08-19,12:00:00,2024-08-19 12:00:00,IT,5200,Travel & Entertainment,Raymond-Lucas,8765.49,Donna Weber,Lindsey Lewis,PO245466,INV481322,8765.49,8765.49,8765.49,none
103897,2024-08-19,12:29:00,2024-08-19 12:29:00,Marketing,6000,Vendor Payments,Galvan Group,18393.2,Sergio Arroyo,Donna Weber,PO884793,INV348025,18393.2,18393.2,18393.2,none
101885,2024-08-19,12:36:00,2024-08-19 12:36:00,Operations,5200,Travel & Entertainment,Torres-Mendoza,12838.3,Sergio Arroyo,Jeffrey Hancock,PO363522,INV797692,12838.3,12838.3,12838.3,none
100910,2024-08-19,13:13:00,2024-08-19 13:13:00,Procurement,5300,Professional Fees,"Cherry, Martin and Compton",13045.48,Lawrence Davis,Brittany Jackson,PO921894,INV422224,13045.48,13045.48,13045.48,none
100592,2024-08-19,13:13:00,2024-08-19 13:13:00,Sales,5200,Travel & Entertainment,"Martin, Brewer and Young",11347.89,Lindsey Lewis,Autumn Reed,PO683303,INV771241,11347.89,11347.89,11347.89,none
102366,2024-08-19,13:54:00,2024-08-19 13:54:00,HR,5000,Raw Materials Expense,"Smith, Montgomery and Reyes",9643.4,Joy Hernandez,Nicole Clarke,PO35311,INV42507,9643.4,9643.4,9643.4,none
104049,2024-08-19,14:42:00,2024-08-19 14:42:00,HR,5500,Utilities,"Smith, Montgomery and Reyes",2734.11,Christopher Chung,Alyssa Jackson,PO55406,INV280960,2734.11,2734.11,2734.11,none
104307,2024-08-19,16:00:00,2024-08-19 16:00:00,Procurement,5200,Travel & Entertainment,Tucker Group,9352.92,Sean Kelly,Christina Miller,PO306132,INV544514,9352.92,9352.92,9352.92,none
103234,2024-08-19,16:30:00,2024-08-19 16:30:00,Finance,5300,Professional Fees,"Gardner, Perry and Cruz",21210.04,Gary Stone,Patricia Lopez,PO255206,INV683123,21210.04,21210.04,21210.04,none
100871,2024-08-19,16:52:00,2024-08-19 16:52:00,IT,5500,Utilities,"Flores, Hood and Brown",19284.45,Donna Weber,Sergio Arroyo,PO92556,INV864189,19284.45,19284.45,19284.45,none
103659,2024-08-19,16:59:00,2024-08-19 16:59:00,HR,5400,IT & Software,"Brown, Baker and Alvarado",11639.52,Lindsey Lewis,Gerald Freeman,PO830372,INV958552,11639.52,11639.52,11639.52,none
100187,2024-08-19,17:14:00,2024-08-19 17:14:00,Operations,6000,Vendor Payments,Humphrey-Berg,17469.35,Christina Miller,Taylor Carroll,PO945443,INV455274,17469.35,17469.35,17469.35,none
104944,2024-08-19,22:29:00,2024-08-19 22:29:00,Marketing,5200,Travel & Entertainment,"Hernandez, Hopkins and Houston",13311.14,Denise Elliott,Corey Jones,PO342308,INV18653,13311.14,13311.14,13311.14,odd_hour_posting
101727,2024-08-20,09:13:00,2024-08-20 09:13:00,Operations,5200,Travel & Entertainment,Rivera-Charles,27861.8,Patricia Perry,Autumn Reed,PO209320,INV861855,27861.8,27861.8,27861.8,none
103910,2024-08-20,09:15:00,2024-08-20 09:15:00,Marketing,5300,Professional Fees,Schneider-Clark,20476.3,Michael Fox,Mary Harrison,PO637361,INV485453,20476.3,20476.3,20476.3,none
101301,2024-08-20,09:27:00,2024-08-20 09:27:00,IT,5400,IT & Software,Davidson-Frank,3498.02,Michael Rivas,Sean Kelly,PO135844,INV554712,3498.02,3498.02,3498.02,none
101619,2024-08-20,09:34:00,2024-08-20 09:34:00,IT,5500,Utilities,Smith-Wise,11921.9,Austin Cohen,Patricia Perry,PO829753,INV765126,11921.9,11921.9,11921.9,none
100877,2024-08-20,10:16:00,2024-08-20 10:16:00,Procurement,5100,Office Supplies,Jones Ltd,17998.73,Timothy Johnson,Leslie Robinson,PO347565,INV329664,17998.73,17998.73,17998.73,none
100293,2024-08-20,10:44:00,2024-08-20 10:44:00,IT,5200,Travel & Entertainment,Smith-Wise,3977.12,Lawrence Davis,Michael Macdonald,PO944825,INV45468,3977.12,3977.12,3977.12,none
104087,2024-08-20,11:19:00,2024-08-20 11:19:00,Finance,5400,IT & Software,Rogers Ltd,30110.28,Donna Weber,Patricia Perry,PO990909,INV821819,30110.28,30110.28,30110.28,none
101696,2024-08-20,11:54:00,2024-08-20 11:54:00,HR,5400,IT & Software,"Durham, Bowen and Hess",10150.04,Elizabeth Boyle,Michael Fox,PO533178,INV707925,10150.04,10150.04,10150.04,none
103443,2024-08-20,12:37:00,2024-08-20 12:37:00,HR,5300,Professional Fees,"Decker, Eaton and Arnold",17072.66,Patricia Perry,Michael Macdonald,PO172689,INV323537,17072.66,17072.66,17072.66,none
103326,2024-08-20,13:17:00,2024-08-20 13:17:00,Finance,5400,IT & Software,Reyes-Glover,15073.96,Michael Rivas,Anita Harris,PO1671,INV35731,15073.96,15073.96,15073.96,none
103387,2024-08-20,13:55:00,2024-08-20 13:55:00,HR,5400,IT & Software,Torres-Mendoza,28554.68,Gary Stone,Joy Hernandez,PO484364,INV302125,28554.68,28554.68,28554.68,none
103389,2024-08-20,13:56:00,2024-08-20 13:56:00,Operations,5100,Office Supplies,"Durham, Bowen and Hess",9431.22,Nicole Clarke,Austin Cohen,PO349725,INV445103,9431.22,9431.22,9431.22,none
100204,2024-08-20,14:10:00,2024-08-20 14:10:00,IT,5400,IT & Software,Young Inc,3939.75,Brittany Jackson,Tanner Avila,PO765952,INV616273,3939.75,3939.75,3939.75,none
102971,2024-08-20,15:01:00,2024-08-20 15:01:00,Finance,5300,Professional Fees,"Durham, Bowen and Hess",5413.81,Nicole Chavez,Timothy Johnson,PO565087,INV35281,5413.81,5413.81,5413.81,none
101972,2024-08-20,15:03:00,2024-08-20 15:03:00,IT,5400,IT & Software,Murphy Inc,14374.03,Leslie Robinson,Joy Hernandez,PO111995,INV343807,14374.03,14374.03,14374.03,none
101559,2024-08-20,15:06:00,2024-08-20 15:06:00,Procurement,5100,Office Supplies,Rivera-Charles,17782.17,Tanner Avila,Lawrence Davis,PO594209,INV19866,17782.17,17782.17,17782.17,none
100885,2024-08-20,15:28:00,2024-08-20 15:28:00,Operations,5100,Office Supplies,Young Inc,9081.71,Timothy Johnson,Corey Jones,PO393481,INV791861,9081.71,9081.71,9081.71,none
101313,2024-08-20,15:29:00,2024-08-20 15:29:00,Operations,5100,Office Supplies,"Silva, Jones and Oliver",30675.61,Taylor Carroll,Autumn Reed,PO330267,INV815819,30675.61,30675.61,30675.61,none
104651,2024-08-20,15:29:00,2024-08-20 15:29:00,Operations,5300,Professional Fees,Larson PLC,6832.87,Michael Rivas,Austin Cohen,PO155390,INV631379,6832.87,6832.87,6832.87,none
101200,2024-08-20,16:39:00,2024-08-20 16:39:00,Operations,5000,Raw Materials Expense,Reyes-Glover,8426.91,Michael Macdonald,Michael Fox,PO971763,INV980407,8426.91,8426.91,8426.91,none
101029,2024-08-20,16:49:00,2024-08-20 16:49:00,Operations,6000,Vendor Payments,Smith-Parker,17024.01,Timothy Johnson,Thomas Martin,PO474346,INV200149,17024.01,17024.01,17024.01,none
101129,2024-08-20,17:11:00,2024-08-20 17:11:00,Sales,5300,Professional Fees,Gross-Morrison,4369.36,Michael Rivas,Joy Hernandez,PO440826,INV987175,4369.36,4369.36,4369.36,none
101640,2024-08-20,17:24:00,2024-08-20 17:24:00,Finance,6000,Vendor Payments,Harris PLC,6238.04,Gary Mays,Lawrence Davis,PO559912,INV332180,6238.04,6238.04,6238.04,none
100330,2024-08-20,17:33:00,2024-08-20 17:33:00,Finance,5400,IT & Software,Evans Ltd,5896.71,Jeffrey Hancock,Christine Gonzales,PO393630,INV816103,5896.71,5896.71,5896.71,none
101590,2024-08-20,17:45:00,2024-08-20 17:45:00,IT,5000,Raw Materials Expense,Evans Ltd,18514.3,Patricia Lopez,Joy Hernandez,PO794940,INV911304,18514.3,18514.3,18514.3,none
100954,2024-08-20,17:57:00,2024-08-20 17:57:00,Procurement,5200,Travel & Entertainment,Galvan Group,19876.37,Autumn Reed,Nicole Clarke,PO737931,INV348154,19876.37,19876.37,19876.37,none
100339,2024-08-20,18:23:00,2024-08-20 18:23:00,Sales,5100,Office Supplies,Tucker Group,9629.53,Corey Jones,Denise Elliott,PO410788,INV948242,9629.53,9629.53,9629.53,none
102499,2024-08-20,18:35:00,2024-08-20 18:35:00,HR,5400,IT & Software,Raymond-Lucas,30112.73,Tanner Avila,Donna Weber,PO33729,INV421005,30112.73,30112.73,30112.73,none
101724,2024-08-20,18:50:00,2024-08-20 18:50:00,Finance,6000,Vendor Payments,Davidson-Frank,11117.66,Austin Cohen,Alyssa Jackson,PO386363,INV440546,11117.66,11117.66,11117.66,none
104416,2024-08-21,09:26:00,2024-08-21 09:26:00,Operations,5300,Professional Fees,"Nelson, Duncan and Smith",12694.52,Sergio Arroyo,Taylor Carroll,PO944151,INV566508,12694.52,12694.52,12694.52,none
101485,2024-08-21,10:16:00,2024-08-21 10:16:00,Finance,5300,Professional Fees,Willis Group,20793.08,Gerald Freeman,Michael Macdonald,PO689286,INV459502,20793.08,20793.08,20793.08,none
102110,2024-08-21,10:42:00,2024-08-21 10:42:00,Finance,6000,Vendor Payments,"Silva, Jones and Oliver",24082.61,Nicole Clarke,Sean Kelly,PO914455,INV800995,24082.61,24082.61,24082.61,none
104663,2024-08-21,11:10:00,2024-08-21 11:10:00,Finance,5300,Professional Fees,Lopez Ltd,34177.64,Christina Miller,Timothy Johnson,PO348933,INV30731,34177.64,34177.64,34177.64,none
104747,2024-08-21,12:15:00,2024-08-21 12:15:00,HR,5300,Professional Fees,Larson PLC,37805.92,James Dennis,Christine Gonzales,PO958457,INV477077,37805.92,37805.92,37805.92,none
104603,2024-08-21,12:51:00,2024-08-21 12:51:00,Marketing,6000,Vendor Payments,White-Thomas,26339.8,Autumn Reed,Nicole Chavez,PO390259,INV26345,26339.8,26339.8,26339.8,none
102300,2024-08-21,13:12:00,2024-08-21 13:12:00,Operations,6000,Vendor Payments,"Yang, Weber and Nielsen",23827.06,Jeffrey Hancock,Patricia Perry,PO926338,INV538177,23827.06,23827.06,23827.06,none
100160,2024-08-21,13:12:00,2024-08-21 13:12:00,Finance,5400,IT & Software,"Morton, Reynolds and Anderson",3845.71,Tanner Avila,Michael Rivas,PO344915,INV356742,3845.71,3845.71,3845.71,none
100925,2024-08-21,13:43:00,2024-08-21 13:43:00,Procurement,6000,Vendor Payments,Stevens-Gibson,14085.04,Anita Harris,Jeffrey Hancock,PO23675,INV211147,14085.04,14085.04,14085.04,none
101828,2024-08-21,14:47:00,2024-08-21 14:47:00,Sales,5200,Travel & Entertainment,"Decker, Eaton and Arnold",17644.45,Dawn Hall,James Dennis,PO116131,INV905242,17644.45,17644.45,17644.45,none
104189,2024-08-21,15:18:00,2024-08-21 15:18:00,HR,5300,Professional Fees,"Howard, Tucker and Flores",3292.43,Kyle King,Michael Macdonald,PO457107,INV75467,3292.43,3292.43,3292.43,none
101436,2024-08-21,15:46:00,2024-08-21 15:46:00,Marketing,5200,Travel & Entertainment,Stevens-Gibson,13292.2,Jeffrey Hancock,Autumn Reed,PO157822,INV375821,13292.2,13292.2,13292.2,none
104493,2024-08-21,15:47:00,2024-08-21 15:47:00,Finance,5500,Utilities,Miller LLC,8854.71,Elizabeth Boyle,Christopher Chung,PO347931,INV711984,8854.71,8854.71,8854.71,none
100075,2024-08-21,15:56:00,2024-08-21 15:56:00,Procurement,5000,Raw Materials Expense,"Decker, Eaton and Arnold",34202.44,Corey Jones,Nicole Chavez,PO985174,INV756017,34202.44,34202.44,34202.44,none
104829,2024-08-21,16:00:00,2024-08-21 16:00:00,Operations,6000,Vendor Payments,Jones Inc,13179.83,Thomas Martin,Donald Ferguson,PO257231,INV526098,13179.83,13179.83,13179.83,duplicate_payment
103068,2024-08-21,16:22:00,2024-08-21 16:22:00,IT,6000,Vendor Payments,Evans Ltd,2949.87,James Dennis,Anita Harris,PO562763,INV19420,2949.87,2949.87,2949.87,none
102940,2024-08-21,17:32:00,2024-08-21 17:32:00,IT,5400,IT & Software,"Mills, Crane and Kim",4891.11,Denise Elliott,Janice Bush,PO571967,INV530061,4891.11,4891.11,4891.11,none
101546,2024-08-21,17:45:00,2024-08-21 17:45:00,HR,5100,Office Supplies,"Nelson, Duncan and Smith",11491.45,Autumn Reed,Joy Hernandez,PO711664,INV651446,11491.45,11491.45,11491.45,none
103447,2024-08-21,18:43:00,2024-08-21 18:43:00,Sales,5100,Office Supplies,Hopkins Inc,7450.66,Nicole Clarke,Leslie Robinson,PO482336,INV394184,7450.66,7450.66,7450.66,none
100188,2024-08-22,09:03:00,2024-08-22 09:03:00,HR,5000,Raw Materials Expense,Scott-Bailey,12533.88,Joy Hernandez,Michael Fox,PO588571,INV522337,12533.88,12533.88,12533.88,none
101979,2024-08-22,09:04:00,2024-08-22 09:04:00,IT,5400,IT & Software,"Decker, Eaton and Arnold",7060.65,Joy Hernandez,Timothy Johnson,PO356882,INV306968,7060.65,7060.65,7060.65,none
100262,2024-08-22,09:18:00,2024-08-22 09:18:00,Operations,5500,Utilities,"White, Tucker and Wolf",13196.41,Elizabeth Shea,Nicole Chavez,PO110389,INV776364,13196.41,13196.41,13196.41,none
104194,2024-08-22,09:23:00,2024-08-22 09:23:00,Procurement,6000,Vendor Payments,Murphy Inc,7617.18,Lawrence Davis,Autumn Reed,PO383038,INV791868,7617.18,7617.18,7617.18,none
101040,2024-08-22,10:05:00,2024-08-22 10:05:00,Finance,5300,Professional Fees,Davidson-Frank,34004.87,Dawn Hall,Nicole Chavez,PO550791,INV964244,34004.87,34004.87,34004.87,none
104266,2024-08-22,12:17:00,2024-08-22 12:17:00,Sales,5500,Utilities,Mays-Ortega,12433.75,Autumn Reed,Nicole Chavez,PO395415,INV561844,12433.75,12433.75,12433.75,none
100635,2024-08-22,12:45:00,2024-08-22 12:45:00,Finance,5400,IT & Software,Raymond-Lucas,8372.94,Leslie Robinson,Austin Cohen,PO857010,INV135500,8372.94,8372.94,8372.94,none
104221,2024-08-22,13:49:00,2024-08-22 13:49:00,Procurement,5200,Travel & Entertainment,"Durham, Bowen and Hess",1703.2,Sean Kelly,Michael Fox,PO659424,INV274398,1703.2,1703.2,1703.2,none
103950,2024-08-22,13:54:00,2024-08-22 13:54:00,Sales,6000,Vendor Payments,"Durham, Bowen and Hess",6673.79,Christine Gonzales,Nicole Chavez,PO659491,INV706418,6673.79,6673.79,6673.79,none
104159,2024-08-22,14:22:00,2024-08-22 14:22:00,HR,5500,Utilities,Young Inc,23843.62,Corey Jones,Michael Fox,PO677189,INV832567,23843.62,23843.62,23843.62,none
102520,2024-08-22,15:20:00,2024-08-22 15:20:00,Sales,6000,Vendor Payments,Schneider-Clark,40633.67,Nicole Clarke,Sean Kelly,PO862014,INV648254,40633.67,40633.67,40633.67,none
101179,2024-08-22,16:07:00,2024-08-22 16:07:00,Operations,5200,Travel & Entertainment,Stewart-Russell,57495.66,Janice Bush,Nicole Clarke,PO401628,INV631938,57495.66,57495.66,57495.66,none
100738,2024-08-22,16:57:00,2024-08-22 16:57:00,HR,5300,Professional Fees,Miller LLC,13739.37,Lawrence Davis,Christine Gonzales,PO6861,INV39536,13739.37,13739.37,13739.37,none
100430,2024-08-22,18:11:00,2024-08-22 18:11:00,Operations,5400,IT & Software,"Mills, Crane and Kim",3943.11,Christine Gonzales,Dawn Hall,PO460374,INV658786,3943.11,3943.11,3943.11,none
100046,2024-08-22,18:36:00,2024-08-22 18:36:00,Finance,6000,Vendor Payments,"Robles, Moses and Morgan",37400.32,Nicole Chavez,Autumn Reed,PO164247,INV437428,37400.32,37400.32,37400.32,none
101111,2024-08-23,09:02:00,2024-08-23 09:02:00,Operations,5200,Travel & Entertainment,"Durham, Bowen and Hess",23239.33,Brittany Jackson,Anita Harris,PO122749,INV212541,23239.33,23239.33,23239.33,none
103742,2024-08-23,09:12:00,2024-08-23 09:12:00,Sales,5400,IT & Software,Smith-Wise,11914.68,Leslie Robinson,James Dennis,PO633349,INV815186,11914.68,11914.68,11914.68,none
101082,2024-08-23,10:07:00,2024-08-23 10:07:00,HR,5500,Utilities,Larson PLC,19270.43,Austin Cohen,Tanner Avila,PO410576,INV322421,19270.43,19270.43,19270.43,none
100792,2024-08-23,10:33:00,2024-08-23 10:33:00,Marketing,5300,Professional Fees,"Decker, Eaton and Arnold",30210.87,Donna Weber,Gary Mays,PO53830,INV241399,30210.87,30210.87,30210.87,none
101582,2024-08-23,11:53:00,2024-08-23 11:53:00,Marketing,6000,Vendor Payments,Miller LLC,8489.04,Elizabeth Shea,Michael Fox,PO250843,INV416973,8489.04,8489.04,8489.04,none
103537,2024-08-23,12:03:00,2024-08-23 12:03:00,Finance,5000,Raw Materials Expense,"Hernandez, Hopkins and Houston",17541.59,Jeffrey Hancock,Thomas Martin,PO146010,INV266955,17541.59,17541.59,17541.59,none
104714,2024-08-23,13:44:00,2024-08-23 13:44:00,Sales,5000,Raw Materials Expense,White-Thomas,12886.83,Anita Harris,Christopher Chung,PO608835,INV443039,12886.83,12886.83,12886.83,none
100668,2024-08-23,14:02:00,2024-08-23 14:02:00,Marketing,5000,Raw Materials Expense,Pearson PLC,16953.42,Denise Elliott,Thomas Martin,PO861276,INV938145,16953.42,16953.42,16953.42,none
101973,2024-08-23,14:03:00,2024-08-23 14:03:00,Operations,5200,Travel & Entertainment,"Brown, Baker and Alvarado",16341.9,Austin Cohen,Christina Miller,PO221519,INV729057,16341.9,16341.9,16341.9,none
104435,2024-08-23,14:33:00,2024-08-23 14:33:00,HR,6000,Vendor Payments,Humphrey-Berg,23756.0,Denise Elliott,Christina Miller,PO336250,INV543177,23756.0,23756.0,23756.0,none
104482,2024-08-23,14:48:00,2024-08-23 14:48:00,Finance,6000,Vendor Payments,Nichols LLC,11207.82,Austin Cohen,Kyle King,PO13368,INV244562,11207.82,11207.82,11207.82,none
101203,2024-08-23,15:55:00,2024-08-23 15:55:00,Operations,5000,Raw Materials Expense,Rogers Ltd,19669.26,Gerald Freeman,Nicole Clarke,PO574140,INV499904,19669.26,19669.26,19669.26,none
101184,2024-08-23,16:29:00,2024-08-23 16:29:00,Procurement,6000,Vendor Payments,"Yang, Weber and Nielsen",22711.18,Denise Elliott,Thomas Martin,PO104409,INV986840,22711.18,22711.18,22711.18,none
100626,2024-08-23,16:51:00,2024-08-23 16:51:00,Operations,5300,Professional Fees,Mays-Ortega,13452.59,Lawrence Davis,Donald Ferguson,PO688455,INV85733,13452.59,13452.59,13452.59,none
103037,2024-08-23,17:16:00,2024-08-23 17:16:00,Finance,5200,Travel & Entertainment,Tucker Group,18764.54,Kyle King,Patricia Lopez,PO497217,INV61815,18764.54,18764.54,18764.54,none
102401,2024-08-23,17:21:00,2024-08-23 17:21:00,Sales,5300,Professional Fees,Smith-Wise,14329.88,Gary Stone,Timothy Johnson,PO226421,INV321906,14329.88,14329.88,14329.88,none
103911,2024-08-23,17:39:00,2024-08-23 17:39:00,IT,5200,Travel & Entertainment,"Brown, Baker and Alvarado",12281.66,Michael Macdonald,Christina Miller,PO730735,INV85675,12281.66,12281.66,12281.66,none
102413,2024-08-23,18:10:00,2024-08-23 18:10:00,Sales,6000,Vendor Payments,Harris PLC,21680.0,James Dennis,Michael Rivas,PO17042,INV827456,21680.0,21680.0,21680.0,none
104523,2024-08-23,18:46:00,2024-08-23 18:46:00,Finance,5000,Raw Materials Expense,"Nelson, Duncan and Smith",3342.09,Austin Cohen,Gary Stone,PO988146,INV196707,3342.09,3342.09,3342.09,none
100848,2024-08-26,09:04:00,2024-08-26 09:04:00,Marketing,5500,Utilities,Davidson-Frank,20936.91,Gary Stone,Lindsey Lewis,PO406368,INV153779,20936.91,20936.91,20936.91,none
101965,2024-08-26,10:22:00,2024-08-26 10:22:00,Sales,5100,Office Supplies,Gross-Morrison,2428.21,Joy Hernandez,Jeffrey Hancock,PO469008,INV930996,2428.21,2428.21,2428.21,none
101096,2024-08-26,10:33:00,2024-08-26 10:33:00,Sales,5300,Professional Fees,"Mills, Crane and Kim",21668.88,Elizabeth Boyle,Austin Cohen,PO479409,INV214508,21668.88,21668.88,21668.88,none
100898,2024-08-26,10:47:00,2024-08-26 10:47:00,IT,5200,Travel & Entertainment,Raymond-Lucas,25517.58,Autumn Reed,Elizabeth Shea,PO967446,INV292168,25517.58,25517.58,25517.58,none
102802,2024-08-26,11:03:00,2024-08-26 11:03:00,Procurement,6000,Vendor Payments,Hopkins Inc,4987.7,Anita Harris,Michael Macdonald,PO345891,INV563949,4987.7,4987.7,4987.7,none
101108,2024-08-26,12:18:00,2024-08-26 12:18:00,Procurement,6000,Vendor Payments,Rivera-Charles,22811.62,Joy Hernandez,Nicole Clarke,PO569517,INV78693,22811.62,22811.62,22811.62,none
102164,2024-08-26,13:36:00,2024-08-26 13:36:00,IT,5200,Travel & Entertainment,Stewart-Russell,6872.17,Janice Bush,James Dennis,PO468926,INV675953,6872.17,6872.17,6872.17,none
100576,2024-08-26,13:43:00,2024-08-26 13:43:00,Operations,6000,Vendor Payments,"Howard, Tucker and Flores",14458.72,Anita Harris,Michael Rivas,PO908456,INV704086,14458.72,14458.72,14458.72,none
102071,2024-08-26,16:56:00,2024-08-26 16:56:00,Sales,6000,Vendor Payments,Rivera-Charles,1619.48,Tanner Avila,Gary Stone,PO924262,INV755870,1619.48,1619.48,1619.48,none
103514,2024-08-26,17:02:00,2024-08-26 17:02:00,Finance,5400,IT & Software,Rogers Ltd,11548.06,Janice Bush,Dawn Hall,PO875252,INV548106,11548.06,11548.06,11548.06,none
104778,2024-08-26,17:14:00,2024-08-26 17:14:00,Sales,5200,Travel & Entertainment,Harris PLC,16093.12,Patricia Perry,Thomas Martin,PO933785,INV766999,16093.12,16093.12,16093.12,none
100285,2024-08-26,17:22:00,2024-08-26 17:22:00,HR,5000,Raw Materials Expense,Tucker Group,5492.11,Elizabeth Boyle,Nicole Chavez,PO478434,INV76722,5492.11,5492.11,5492.11,none
103502,2024-08-26,17:26:00,2024-08-26 17:26:00,IT,5300,Professional Fees,Pearson PLC,11069.5,Jeffrey Hancock,Taylor Carroll,PO96559,INV723146,11069.5,11069.5,11069.5,none
104323,2024-08-26,17:37:00,2024-08-26 17:37:00,HR,5400,IT & Software,Hopkins Inc,17910.49,Donald Ferguson,Nicole Clarke,PO490838,INV973312,17910.49,17910.49,17910.49,none
100924,2024-08-26,18:08:00,2024-08-26 18:08:00,Finance,6000,Vendor Payments,Raymond-Lucas,18704.19,Sergio Arroyo,Donald Ferguson,PO281217,INV143715,18704.19,18704.19,18704.19,none
103962,2024-08-26,18:52:00,2024-08-26 18:52:00,Marketing,5400,IT & Software,Jones Ltd,30235.08,Joy Hernandez,Sergio Arroyo,PO510142,INV531915,30235.08,30235.08,30235.08,none
101931,2024-08-26,18:53:00,2024-08-26 18:53:00,Finance,5400,IT & Software,"Howard, Tucker and Flores",19844.48,Austin Cohen,Christine Gonzales,PO575556,INV462808,19844.48,19844.48,19844.48,none
102626,2024-08-26,18:53:00,2024-08-26 18:53:00,HR,5400,IT & Software,"White, Tucker and Wolf",10057.06,Gary Stone,Christine Gonzales,PO151344,INV353929,10057.06,10057.06,10057.06,none
100812,2024-08-27,09:23:00,2024-08-27 09:23:00,Procurement,5000,Raw Materials Expense,"Robles, Moses and Morgan",16969.92,Gary Mays,Christina Miller,PO421930,INV468847,16969.92,16969.92,16969.92,none
104828,2024-08-27,09:57:00,2024-08-27 09:57:00,HR,5200,Travel & Entertainment,Ballard-Jenkins,4431.08,Michael Rivas,Lawrence Davis,PO607599,INV315701,4431.08,4431.08,4431.08,duplicate_payment
103509,2024-08-27,10:26:00,2024-08-27 10:26:00,Marketing,5300,Professional Fees,Evans Ltd,9848.41,Lindsey Lewis,Lawrence Davis,PO416408,INV66403,9848.41,9848.41,9848.41,none
103536,2024-08-27,11:02:00,2024-08-27 11:02:00,Finance,5300,Professional Fees,Torres-Mendoza,4475.47,Dawn Hall,Gary Stone,PO617064,INV835168,4475.47,4475.47,4475.47,none
101173,2024-08-27,11:05:00,2024-08-27 11:05:00,Finance,5100,Office Supplies,Ballard-Jenkins,10719.21,Nicole Clarke,Christopher Chung,PO87517,INV873914,10719.21,10719.21,10719.21,none
101807,2024-08-27,12:08:00,2024-08-27 12:08:00,HR,6000,Vendor Payments,Nichols LLC,21954.1,Michael Rivas,Gerald Freeman,PO262389,INV133309,21954.1,21954.1,21954.1,none
103463,2024-08-27,12:50:00,2024-08-27 12:50:00,Procurement,5300,Professional Fees,Murphy Inc,8544.14,Elizabeth Boyle,Elizabeth Shea,PO209701,INV113869,8544.14,8544.14,8544.14,none
104599,2024-08-27,13:10:00,2024-08-27 13:10:00,Procurement,5200,Travel & Entertainment,Raymond-Lucas,17371.31,Lindsey Lewis,Mary Harrison,PO23768,INV921342,17371.31,17371.31,17371.31,none
103762,2024-08-27,13:16:00,2024-08-27 13:16:00,Sales,5000,Raw Materials Expense,"Robles, Moses and Morgan",6488.95,Leslie Robinson,Mary Harrison,PO56320,INV470010,6488.95,6488.95,6488.95,none
104449,2024-08-27,14:05:00,2024-08-27 14:05:00,Marketing,5100,Office Supplies,"Jefferson, Sullivan and Young",10428.94,Corey Jones,Michael Macdonald,PO895797,INV125717,10428.94,10428.94,10428.94,none
101345,2024-08-27,15:26:00,2024-08-27 15:26:00,HR,5400,IT & Software,"Duncan, Graham and Stark",5275.38,Tanner Avila,Anita Harris,PO288381,INV419800,5275.38,5275.38,5275.38,none
102569,2024-08-27,15:34:00,2024-08-27 15:34:00,HR,5100,Office Supplies,"Gardner, Perry and Cruz",21408.49,Michael Macdonald,Donna Weber,PO521741,INV922290,21408.49,21408.49,21408.49,none
101664,2024-08-27,16:27:00,2024-08-27 16:27:00,Sales,5000,Raw Materials Expense,"Howard, Tucker and Flores",2241.83,Janice Bush,Patricia Perry,PO173803,INV422935,2241.83,2241.83,2241.83,none
102694,2024-08-27,16:34:00,2024-08-27 16:34:00,Marketing,5400,IT & Software,Schneider-Clark,8488.08,Elizabeth Boyle,Elizabeth Shea,PO569737,INV421373,8488.08,8488.08,8488.08,none
101946,2024-08-27,17:11:00,2024-08-27 17:11:00,Procurement,5100,Office Supplies,Becker-Martinez,1102.79,Christine Gonzales,Michael Fox,PO100889,INV985655,1102.79,1102.79,1102.79,none
103612,2024-08-27,17:42:00,2024-08-27 17:42:00,Finance,6000,Vendor Payments,Davidson-Frank,7931.46,Lindsey Lewis,Patricia Lopez,PO450196,INV565938,7931.46,7931.46,7931.46,none
101616,2024-08-27,17:57:00,2024-08-27 17:57:00,Operations,5500,Utilities,Reyes-Glover,43488.53,Christine Gonzales,Corey Jones,PO995639,INV375436,43488.53,43488.53,43488.53,none
100773,2024-08-27,17:59:00,2024-08-27 17:59:00,Marketing,5100,Office Supplies,"Jefferson, Sullivan and Young",6623.82,Donna Weber,Dawn Hall,PO166029,INV454496,6623.82,6623.82,6623.82,none
101943,2024-08-27,18:20:00,2024-08-27 18:20:00,IT,5500,Utilities,"White, Tucker and Wolf",7189.06,Corey Jones,Elizabeth Shea,PO849851,INV335842,7189.06,7189.06,7189.06,none
102070,2024-08-27,18:41:00,2024-08-27 18:41:00,Marketing,5400,IT & Software,"Durham, Bowen and Hess",15645.45,Donald Ferguson,Timothy Johnson,PO266923,INV174859,15645.45,15645.45,15645.45,none
102362,2024-08-28,09:20:00,2024-08-28 09:20:00,Operations,5500,Utilities,"Duncan, Graham and Stark",13142.06,Lawrence Davis,Mary Harrison,PO656562,INV29238,13142.06,13142.06,13142.06,none
102230,2024-08-28,10:34:00,2024-08-28 10:34:00,IT,5200,Travel & Entertainment,Young Inc,753.65,Kyle King,Denise Elliott,PO647618,INV977707,753.65,753.65,753.65,none
101088,2024-08-28,10:58:00,2024-08-28 10:58:00,Marketing,5500,Utilities,Ballard-Jenkins,13533.39,Timothy Johnson,Lindsey Lewis,PO3274,INV321725,13533.39,13533.39,13533.39,none
101587,2024-08-28,11:47:00,2024-08-28 11:47:00,Marketing,6000,Vendor Payments,Harris PLC,11591.38,Denise Elliott,Leslie Robinson,PO38292,INV755703,11591.38,11591.38,11591.38,none
102539,2024-08-28,12:46:00,2024-08-28 12:46:00,IT,5400,IT & Software,"Smith, Montgomery and Reyes",20301.86,Jeffrey Hancock,Thomas Martin,PO128130,INV534477,20301.86,20301.86,20301.86,none
102462,2024-08-28,13:36:00,2024-08-28 13:36:00,Operations,6000,Vendor Payments,White-Thomas,8695.28,Christopher Chung,Brittany Jackson,PO825652,INV319128,8695.28,8695.28,8695.28,none
101319,2024-08-28,13:38:00,2024-08-28 13:38:00,HR,5400,IT & Software,Miller LLC,8333.07,Denise Elliott,Gerald Freeman,PO537604,INV452263,8333.07,8333.07,8333.07,none
102241,2024-08-28,13:44:00,2024-08-28 13:44:00,HR,5300,Professional Fees,Hughes-Nichols,35353.7,Janice Bush,Sean Kelly,PO20139,INV58307,35353.7,35353.7,35353.7,none
102011,2024-08-28,15:04:00,2024-08-28 15:04:00,Procurement,5500,Utilities,Hopkins Inc,11541.72,Michael Macdonald,Sergio Arroyo,PO483347,INV976797,11541.72,11541.72,11541.72,none
104131,2024-08-28,15:16:00,2024-08-28 15:16:00,Finance,5500,Utilities,Gross-Morrison,7329.26,Elizabeth Boyle,Kyle King,PO570647,INV599601,7329.26,7329.26,7329.26,none
101514,2024-08-28,15:23:00,2024-08-28 15:23:00,Operations,5000,Raw Materials Expense,Lopez Ltd,9262.39,Michael Rivas,James Dennis,PO123004,INV696740,9262.39,9262.39,9262.39,none
104165,2024-08-28,15:28:00,2024-08-28 15:28:00,HR,5300,Professional Fees,"Mills, Crane and Kim",24759.69,Donald Ferguson,Timothy Johnson,PO211693,INV657217,24759.69,24759.69,24759.69,none
102209,2024-08-28,16:06:00,2024-08-28 16:06:00,Operations,5100,Office Supplies,Tucker Group,39026.54,Joy Hernandez,Donna Weber,PO947605,INV125107,39026.54,39026.54,39026.54,none
104788,2024-08-28,16:30:00,2024-08-28 16:30:00,Finance,5300,Professional Fees,"Duncan, Graham and Stark",25545.6,Gary Mays,Michael Rivas,PO751185,INV947601,25545.6,25545.6,25545.6,none
100223,2024-08-28,16:40:00,2024-08-28 16:40:00,Marketing,5500,Utilities,"Yang, Weber and Nielsen",1728.11,Denise Elliott,Anita Harris,PO512509,INV857101,1728.11,1728.11,1728.11,none
104181,2024-08-28,16:58:00,2024-08-28 16:58:00,IT,6000,Vendor Payments,Hughes-Nichols,30272.98,Corey Jones,Nicole Clarke,PO426274,INV142425,30272.98,30272.98,30272.98,none
100778,2024-08-28,17:00:00,2024-08-28 17:00:00,Marketing,6000,Vendor Payments,Tucker Group,22131.98,Christine Gonzales,Patricia Perry,PO821944,INV476364,22131.98,22131.98,22131.98,none
104003,2024-08-28,18:40:00,2024-08-28 18:40:00,IT,5400,IT & Software,Lopez Ltd,8662.59,Patricia Perry,Timothy Johnson,PO610257,INV447553,8662.59,8662.59,8662.59,none
104693,2024-08-29,09:01:00,2024-08-29 09:01:00,Sales,5400,IT & Software,Larson PLC,16030.27,Christina Miller,Autumn Reed,PO386564,INV21927,16030.27,16030.27,16030.27,none
101209,2024-08-29,09:55:00,2024-08-29 09:55:00,Sales,5500,Utilities,"Smith, Montgomery and Reyes",6934.23,Alyssa Jackson,Christina Miller,PO403296,INV330850,6934.23,6934.23,6934.23,none
103305,2024-08-29,11:26:00,2024-08-29 11:26:00,Marketing,5300,Professional Fees,Becker-Martinez,7178.91,Thomas Martin,Elizabeth Shea,PO374354,INV510422,7178.91,7178.91,7178.91,none
103507,2024-08-29,11:35:00,2024-08-29 11:35:00,Finance,5400,IT & Software,Hughes-Nichols,12403.98,Austin Cohen,Thomas Martin,PO683376,INV391239,12403.98,12403.98,12403.98,none
102060,2024-08-29,11:56:00,2024-08-29 11:56:00,Finance,5300,Professional Fees,"Robles, Moses and Morgan",28214.63,Patricia Perry,Austin Cohen,PO434243,INV195182,28214.63,28214.63,28214.63,none
102007,2024-08-29,12:20:00,2024-08-29 12:20:00,Sales,5300,Professional Fees,Humphrey-Berg,44606.11,Lawrence Davis,Patricia Lopez,PO182137,INV567191,44606.11,44606.11,44606.11,none
102567,2024-08-29,12:34:00,2024-08-29 12:34:00,Sales,5200,Travel & Entertainment,"Brown, Baker and Alvarado",13479.67,Christopher Chung,Dawn Hall,PO815698,INV738282,13479.67,13479.67,13479.67,none
103319,2024-08-29,12:59:00,2024-08-29 12:59:00,Sales,5500,Utilities,"White, Tucker and Wolf",16002.98,Donald Ferguson,Nicole Chavez,PO776751,INV379424,16002.98,16002.98,16002.98,none
104881,2024-08-29,13:00:00,2024-08-29 13:00:00,Operations,6000,Vendor Payments,White-Thomas,15281.52,Tanner Avila,Tanner Avila,PO844148,INV819551,15281.52,15281.52,15281.52,segregation_violation
103932,2024-08-29,13:24:00,2024-08-29 13:24:00,Operations,5100,Office Supplies,"Morton, Reynolds and Anderson",6900.3,Patricia Perry,Kyle King,PO504348,INV140479,6900.3,6900.3,6900.3,none
103879,2024-08-29,13:34:00,2024-08-29 13:34:00,Procurement,5400,IT & Software,Pearson PLC,14411.59,Alyssa Jackson,Corey Jones,PO696495,INV719494,14411.59,14411.59,14411.59,none
101778,2024-08-29,13:41:00,2024-08-29 13:41:00,HR,5500,Utilities,White-Thomas,36563.78,Austin Cohen,Taylor Carroll,PO515365,INV808784,36563.78,36563.78,36563.78,none
101532,2024-08-29,13:58:00,2024-08-29 13:58:00,Procurement,5000,Raw Materials Expense,Schneider-Clark,9691.46,Elizabeth Boyle,Gary Mays,PO230286,INV198139,9691.46,9691.46,9691.46,none
104404,2024-08-29,14:06:00,2024-08-29 14:06:00,HR,5100,Office Supplies,"Decker, Eaton and Arnold",30627.33,Michael Rivas,Gary Mays,PO554720,INV318699,30627.33,30627.33,30627.33,none
100486,2024-08-29,14:24:00,2024-08-29 14:24:00,Marketing,6000,Vendor Payments,Rogers Ltd,8274.36,Lawrence Davis,Donna Weber,PO304957,INV121099,8274.36,8274.36,8274.36,none
105004,2024-08-29,16:00:00,2024-08-29 16:00:00,Operations,6000,Vendor Payments,Jones Inc,13179.83,Thomas Martin,Donald Ferguson,PO257231,INV526098,13179.83,13179.83,13179.83,duplicate_payment
100545,2024-08-29,16:57:00,2024-08-29 16:57:00,Operations,6000,Vendor Payments,"Mills, Crane and Kim",34993.72,Michael Fox,Michael Macdonald,PO76464,INV830996,34993.72,34993.72,34993.72,none
100516,2024-08-29,17:22:00,2024-08-29 17:22:00,HR,5100,Office Supplies,"Jefferson, Sullivan and Young",18014.93,Gary Stone,Lindsey Lewis,PO230169,INV947011,18014.93,18014.93,18014.93,none
100726,2024-08-29,18:27:00,2024-08-29 18:27:00,Operations,5500,Utilities,Rogers Ltd,4268.78,Donald Ferguson,Gerald Freeman,PO247012,INV671319,4268.78,4268.78,4268.78,none
101760,2024-08-29,18:42:00,2024-08-29 18:42:00,Operations,5000,Raw Materials Expense,Becker-Martinez,19899.17,Corey Jones,Brittany Jackson,PO912414,INV193686,19899.17,19899.17,19899.17,none
100604,2024-08-30,11:13:00,2024-08-30 11:13:00,Operations,5300,Professional Fees,"Mills, Crane and Kim",19614.17,Janice Bush,Michael Rivas,PO996558,INV213133,19614.17,19614.17,19614.17,none
102667,2024-08-30,11:25:00,2024-08-30 11:25:00,Operations,5400,IT & Software,"Smith, Montgomery and Reyes",25826.37,Thomas Martin,Sean Kelly,PO670631,INV625830,25826.37,25826.37,25826.37,none
101621,2024-08-30,12:03:00,2024-08-30 12:03:00,Marketing,5300,Professional Fees,Gomez Ltd,12668.59,Dawn Hall,Alyssa Jackson,PO83757,INV154511,12668.59,12668.59,12668.59,none
104525,2024-08-30,12:40:00,2024-08-30 12:40:00,HR,5200,Travel & Entertainment,"Cherry, Martin and Compton",21617.28,Donald Ferguson,Tanner Avila,PO995767,INV573346,21617.28,21617.28,21617.28,none
100361,2024-08-30,12:54:00,2024-08-30 12:54:00,Sales,5200,Travel & Entertainment,"Dixon, Jackson and Benjamin",6001.83,Patricia Lopez,Janice Bush,PO492222,INV123400,6001.83,6001.83,6001.83,none
101609,2024-08-30,13:48:00,2024-08-30 13:48:00,Finance,5000,Raw Materials Expense,Rivera-Charles,8771.55,Patricia Lopez,Corey Jones,PO785865,INV737326,8771.55,8771.55,8771.55,none
103599,2024-08-30,14:09:00,2024-08-30 14:09:00,IT,5300,Professional Fees,Tucker Group,34622.6,Tanner Avila,Gary Stone,PO702992,INV511271,34622.6,34622.6,34622.6,none
103734,2024-08-30,14:15:00,2024-08-30 14:15:00,HR,5100,Office Supplies,"Cherry, Martin and Compton",6204.54,Autumn Reed,Jeffrey Hancock,PO870046,INV897881,6204.54,6204.54,6204.54,none
103142,2024-08-30,14:24:00,2024-08-30 14:24:00,Marketing,5200,Travel & Entertainment,Schneider-Clark,33109.7,Kyle King,James Dennis,PO299972,INV69869,33109.7,33109.7,33109.7,none
103631,2024-08-30,15:55:00,2024-08-30 15:55:00,Procurement,5500,Utilities,Pearson PLC,32065.83,Michael Macdonald,Lindsey Lewis,PO992284,INV702672,32065.83,32065.83,32065.83,none
103482,2024-08-30,16:53:00,2024-08-30 16:53:00,Marketing,5200,Travel & Entertainment,"Flores, Hood and Brown",22143.43,Mary Harrison,Patricia Perry,PO16868,INV851758,22143.43,22143.43,22143.43,none
102555,2024-08-30,17:04:00,2024-08-30 17:04:00,Finance,5200,Travel & Entertainment,"White, Tucker and Wolf",12770.03,Tanner Avila,Autumn Reed,PO21240,INV58954,12770.03,12770.03,12770.03,none
102935,2024-08-30,17:18:00,2024-08-30 17:18:00,Procurement,5500,Utilities,"Silva, Jones and Oliver",8136.06,Kyle King,Anita Harris,PO768842,INV228351,8136.06,8136.06,8136.06,none
100307,2024-08-30,17:29:00,2024-08-30 17:29:00,Procurement,5000,Raw Materials Expense,"Brown, Baker and Alvarado",3098.4,Elizabeth Shea,Christine Gonzales,PO96972,INV610418,3098.4,3098.4,3098.4,none
101713,2024-08-30,18:00:00,2024-08-30 18:00:00,Procurement,5100,Office Supplies,Hopkins Inc,12881.37,Autumn Reed,Mary Harrison,PO855531,INV317997,12881.37,12881.37,12881.37,none
104691,2024-08-30,18:25:00,2024-08-30 18:25:00,Marketing,5300,Professional Fees,"White, Tucker and Wolf",32057.94,Sean Kelly,Austin Cohen,PO29954,INV558534,32057.94,32057.94,32057.94,none
102049,2024-08-30,18:50:00,2024-08-30 18:50:00,Operations,6000,Vendor Payments,Hughes-Nichols,12435.46,Gerald Freeman,Patricia Lopez,PO292962,INV727252,12435.46,12435.46,12435.46,none
102311,2024-09-02,09:02:00,2024-09-02 09:02:00,IT,5400,IT & Software,"Jefferson, Sullivan and Young",17901.24,Lindsey Lewis,Lawrence Davis,PO486657,INV574277,17901.24,17901.24,17901.24,none
101529,2024-09-02,09:32:00,2024-09-02 09:32:00,IT,5100,Office Supplies,"Gardner, Perry and Cruz",41423.27,Christopher Chung,Alyssa Jackson,PO970113,INV23402,41423.27,41423.27,41423.27,none
103160,2024-09-02,09:45:00,2024-09-02 09:45:00,Operations,5200,Travel & Entertainment,Powers Group,5739.7,Sean Kelly,Anita Harris,PO517895,INV412695,5739.7,5739.7,5739.7,none
104342,2024-09-02,09:53:00,2024-09-02 09:53:00,Operations,5100,Office Supplies,"Cherry, Martin and Compton",20827.22,Michael Macdonald,Michael Rivas,PO322015,INV655206,20827.22,20827.22,20827.22,none
102943,2024-09-02,10:17:00,2024-09-02 10:17:00,Finance,5200,Travel & Entertainment,Smith-Wise,9168.96,Timothy Johnson,Elizabeth Shea,PO818189,INV688933,9168.96,9168.96,9168.96,none
102450,2024-09-02,10:22:00,2024-09-02 10:22:00,Finance,5200,Travel & Entertainment,Mays-Ortega,2165.99,Christina Miller,Sean Kelly,PO783219,INV950176,2165.99,2165.99,2165.99,none
101556,2024-09-02,10:31:00,2024-09-02 10:31:00,IT,5500,Utilities,Mora-Lynn,6850.18,Dawn Hall,Denise Elliott,PO631970,INV158766,6850.18,6850.18,6850.18,none
102425,2024-09-02,11:10:00,2024-09-02 11:10:00,Finance,5100,Office Supplies,Cowan-Powers,6148.54,Dawn Hall,Michael Rivas,PO26038,INV463192,6148.54,6148.54,6148.54,none
101782,2024-09-02,11:17:00,2024-09-02 11:17:00,HR,5500,Utilities,Davidson-Frank,23286.6,Donald Ferguson,Sean Kelly,PO965098,INV666564,23286.6,23286.6,23286.6,none
104775,2024-09-02,11:33:00,2024-09-02 11:33:00,Finance,5300,Professional Fees,Torres-Mendoza,23898.33,Janice Bush,Sergio Arroyo,PO322067,INV80311,23898.33,23898.33,23898.33,none
100322,2024-09-02,12:12:00,2024-09-02 12:12:00,Procurement,5200,Travel & Entertainment,"Robles, Moses and Morgan",12289.27,Alyssa Jackson,Michael Rivas,PO896455,INV571556,12289.27,12289.27,12289.27,none
102380,2024-09-02,12:12:00,2024-09-02 12:12:00,HR,5000,Raw Materials Expense,"Morton, Reynolds and Anderson",14296.74,Elizabeth Shea,Christopher Chung,PO960988,INV763122,14296.74,14296.74,14296.74,none
104867,2024-09-02,12:25:00,2024-09-02 12:25:00,Finance,5500,Utilities,Reyes-Glover,13636.81,Nicole Chavez,Corey Jones,PO547804,INV264634,13636.81,13636.81,13636.81,duplicate_payment
102818,2024-09-02,12:35:00,2024-09-02 12:35:00,Procurement,5300,Professional Fees,"Mills, Crane and Kim",5279.51,Dawn Hall,Gerald Freeman,PO402785,INV576590,5279.51,5279.51,5279.51,none
103343,2024-09-02,12:36:00,2024-09-02 12:36:00,Procurement,5400,IT & Software,Evans Ltd,63966.44,Janice Bush,Christopher Chung,PO25401,INV106189,63966.44,63966.44,63966.44,none
104383,2024-09-02,12:45:00,2024-09-02 12:45:00,Procurement,5300,Professional Fees,"Smith, Montgomery and Reyes",49392.98,Elizabeth Shea,Austin Cohen,PO673566,INV391436,49392.98,49392.98,49392.98,none
102336,2024-09-02,12:51:00,2024-09-02 12:51:00,Procurement,6000,Vendor Payments,"Cherry, Martin and Compton",30084.34,Gary Stone,Michael Fox,PO676516,INV558077,30084.34,30084.34,30084.34,none
100366,2024-09-02,12:55:00,2024-09-02 12:55:00,Marketing,5400,IT & Software,Scott-Bailey,9892.61,Janice Bush,Gary Mays,PO783000,INV408707,9892.61,9892.61,9892.61,none
101751,2024-09-02,13:18:00,2024-09-02 13:18:00,HR,5500,Utilities,"Smith, Montgomery and Reyes",5111.56,Sergio Arroyo,Leslie Robinson,PO943700,INV538375,5111.56,5111.56,5111.56,none
102517,2024-09-02,14:01:00,2024-09-02 14:01:00,Finance,5100,Office Supplies,Nichols LLC,5910.76,Sergio Arroyo,Leslie Robinson,PO352443,INV567607,5910.76,5910.76,5910.76,none
103181,2024-09-02,14:19:00,2024-09-02 14:19:00,IT,5100,Office Supplies,"Mills, Crane and Kim",4722.36,Corey Jones,Donna Weber,PO545220,INV228370,4722.36,4722.36,4722.36,none
104419,2024-09-02,14:26:00,2024-09-02 14:26:00,IT,5300,Professional Fees,Jones Inc,7556.34,Christopher Chung,Michael Macdonald,PO485868,INV771096,7556.34,7556.34,7556.34,none
100319,2024-09-02,14:35:00,2024-09-02 14:35:00,Finance,5500,Utilities,Young Inc,18045.58,Nicole Clarke,Elizabeth Boyle,PO691933,INV287252,18045.58,18045.58,18045.58,none
103937,2024-09-02,15:44:00,2024-09-02 15:44:00,Procurement,5100,Office Supplies,"Flores, Hood and Brown",21384.66,Michael Fox,Gary Stone,PO763900,INV512127,21384.66,21384.66,21384.66,none
102589,2024-09-02,15:58:00,2024-09-02 15:58:00,Procurement,5100,Office Supplies,Pearson PLC,12997.17,Sergio Arroyo,Austin Cohen,PO911903,INV526988,12997.17,12997.17,12997.17,none
102770,2024-09-02,16:20:00,2024-09-02 16:20:00,Operations,5100,Office Supplies,"Flores, Hood and Brown",22934.89,Patricia Lopez,Dawn Hall,PO74416,INV482516,22934.89,22934.89,22934.89,none
100116,2024-09-02,16:21:00,2024-09-02 16:21:00,Marketing,5000,Raw Materials Expense,Smith-Parker,13095.22,Patricia Perry,Nicole Clarke,PO401383,INV474293,13095.22,13095.22,13095.22,none
101812,2024-09-02,17:13:00,2024-09-02 17:13:00,Operations,5000,Raw Materials Expense,Jones Ltd,22754.02,Donna Weber,Dawn Hall,PO187563,INV395659,22754.02,22754.02,22754.02,none
103333,2024-09-02,17:30:00,2024-09-02 17:30:00,Procurement,5400,IT & Software,Smith-Wise,24225.39,Christina Miller,Janice Bush,PO40122,INV321024,24225.39,24225.39,24225.39,none
102057,2024-09-02,18:30:00,2024-09-02 18:30:00,Marketing,5200,Travel & Entertainment,Jones Inc,3062.17,Nicole Chavez,Michael Rivas,PO249735,INV596084,3062.17,3062.17,3062.17,none
102990,2024-09-03,10:03:00,2024-09-03 10:03:00,HR,6000,Vendor Payments,Miller LLC,20148.71,Dawn Hall,Autumn Reed,PO897091,INV933597,20148.71,20148.71,20148.71,none
100951,2024-09-03,10:09:00,2024-09-03 10:09:00,Operations,5500,Utilities,Humphrey-Berg,4203.56,Austin Cohen,Taylor Carroll,PO343860,INV544402,4203.56,4203.56,4203.56,none
104324,2024-09-03,11:02:00,2024-09-03 11:02:00,IT,5200,Travel & Entertainment,Willis Group,20241.89,Nicole Clarke,Tanner Avila,PO804269,INV487575,20241.89,20241.89,20241.89,none
104474,2024-09-03,12:53:00,2024-09-03 12:53:00,Procurement,5000,Raw Materials Expense,"Robles, Moses and Morgan",6598.91,Gerald Freeman,Lawrence Davis,PO926516,INV255506,6598.91,6598.91,6598.91,none
101863,2024-09-03,13:06:00,2024-09-03 13:06:00,Marketing,5500,Utilities,Gross-Morrison,4162.09,Taylor Carroll,Christine Gonzales,PO37713,INV465964,4162.09,4162.09,4162.09,none
103650,2024-09-03,13:11:00,2024-09-03 13:11:00,Sales,5400,IT & Software,"Silva, Jones and Oliver",13226.67,Christopher Chung,Elizabeth Boyle,PO668147,INV307753,13226.67,13226.67,13226.67,none
103598,2024-09-03,14:14:00,2024-09-03 14:14:00,Operations,5000,Raw Materials Expense,"Smith, Montgomery and Reyes",4769.95,James Dennis,Jeffrey Hancock,PO55001,INV813244,4769.95,4769.95,4769.95,none
103669,2024-09-03,15:01:00,2024-09-03 15:01:00,IT,6000,Vendor Payments,Hughes-Nichols,7407.48,Christina Miller,Joy Hernandez,PO572810,INV266346,7407.48,7407.48,7407.48,none
102488,2024-09-03,15:26:00,2024-09-03 15:26:00,Finance,5500,Utilities,"Yang, Weber and Nielsen",16769.05,Timothy Johnson,Lawrence Davis,PO14735,INV325314,16769.05,16769.05,16769.05,none
101576,2024-09-03,15:38:00,2024-09-03 15:38:00,Operations,5200,Travel & Entertainment,"Yang, Weber and Nielsen",44752.32,Nicole Clarke,Tanner Avila,PO688685,INV673726,44752.32,44752.32,44752.32,none
103594,2024-09-03,16:19:00,2024-09-03 16:19:00,Sales,5300,Professional Fees,Gross-Morrison,28140.76,Leslie Robinson,Nicole Chavez,PO505175,INV870548,28140.76,28140.76,28140.76,none
101625,2024-09-03,16:34:00,2024-09-03 16:34:00,Finance,5100,Office Supplies,Raymond-Lucas,6596.57,Christine Gonzales,Tanner Avila,PO601163,INV204092,6596.57,6596.57,6596.57,none
100836,2024-09-03,17:12:00,2024-09-03 17:12:00,Operations,5400,IT & Software,Mora-Lynn,9806.39,Elizabeth Shea,Denise Elliott,PO556451,INV507236,9806.39,9806.39,9806.39,none
104700,2024-09-03,17:58:00,2024-09-03 17:58:00,Marketing,5000,Raw Materials Expense,"Gardner, Perry and Cruz",31654.24,Kyle King,Lindsey Lewis,PO296158,INV916627,31654.24,31654.24,31654.24,none
104841,2024-09-03,22:24:00,2024-09-03 22:24:00,Finance,5500,Utilities,Reyes-Glover,22151.5,Lawrence Davis,Austin Cohen,PO996838,INV550869,22151.5,22151.5,22151.5,odd_hour_posting
101278,2024-09-04,09:26:00,2024-09-04 09:26:00,Finance,5300,Professional Fees,Larson PLC,34578.98,Michael Macdonald,Nicole Chavez,PO10115,INV414167,34578.98,34578.98,34578.98,none
104659,2024-09-04,09:29:00,2024-09-04 09:29:00,Marketing,5200,Travel & Entertainment,"Durham, Bowen and Hess",37909.14,Patricia Perry,Gerald Freeman,PO304985,INV925090,37909.14,37909.14,37909.14,none
104622,2024-09-04,09:46:00,2024-09-04 09:46:00,Operations,6000,Vendor Payments,Gross-Morrison,6920.02,Patricia Perry,Corey Jones,PO268978,INV268270,6920.02,6920.02,6920.02,none
100404,2024-09-04,10:23:00,2024-09-04 10:23:00,Procurement,5100,Office Supplies,Mora-Lynn,27866.84,Gary Stone,Tanner Avila,PO368952,INV924940,27866.84,27866.84,27866.84,none
104306,2024-09-04,10:49:00,2024-09-04 10:49:00,Finance,5300,Professional Fees,Young Inc,16402.04,Anita Harris,Tanner Avila,PO505630,INV334990,16402.04,16402.04,16402.04,none
102740,2024-09-04,11:03:00,2024-09-04 11:03:00,HR,5000,Raw Materials Expense,"Robles, Moses and Morgan",17501.99,Austin Cohen,Nicole Clarke,PO535611,INV296664,17501.99,17501.99,17501.99,none
104576,2024-09-04,11:11:00,2024-09-04 11:11:00,Procurement,6000,Vendor Payments,White-Thomas,24396.67,Michael Rivas,Janice Bush,PO97473,INV962792,24396.67,24396.67,24396.67,none
102771,2024-09-04,11:24:00,2024-09-04 11:24:00,Finance,5500,Utilities,Humphrey-Berg,14640.3,Janice Bush,Gary Stone,PO961815,INV37754,14640.3,14640.3,14640.3,none
103152,2024-09-04,12:05:00,2024-09-04 12:05:00,Operations,5100,Office Supplies,Rivera-Charles,7523.04,Gerald Freeman,Alyssa Jackson,PO199826,INV765963,7523.04,7523.04,7523.04,none
105015,2024-09-04,12:25:00,2024-09-04 12:25:00,Finance,5500,Utilities,Reyes-Glover,13636.81,Nicole Chavez,Corey Jones,PO547804,INV264634,13636.81,13636.81,13636.81,duplicate_payment
102465,2024-09-04,13:21:00,2024-09-04 13:21:00,Sales,5100,Office Supplies,Mays-Ortega,18629.06,Thomas Martin,Alyssa Jackson,PO127098,INV591953,18629.06,18629.06,18629.06,none
103308,2024-09-04,13:42:00,2024-09-04 13:42:00,Sales,5400,IT & Software,Evans Ltd,17254.64,Donna Weber,Michael Macdonald,PO152073,INV316216,17254.64,17254.64,17254.64,none
100112,2024-09-04,13:46:00,2024-09-04 13:46:00,IT,5400,IT & Software,Torres-Mendoza,19462.81,Patricia Lopez,Gary Mays,PO987518,INV512231,19462.81,19462.81,19462.81,none
102026,2024-09-04,15:00:00,2024-09-04 15:00:00,Sales,6000,Vendor Payments,Nichols LLC,7638.8,Corey Jones,Patricia Lopez,PO376430,INV844585,7638.8,7638.8,7638.8,none
104624,2024-09-04,15:41:00,2024-09-04 15:41:00,Sales,5500,Utilities,Evans Ltd,22109.62,Dawn Hall,Autumn Reed,PO244647,INV77750,22109.62,22109.62,22109.62,none
100619,2024-09-04,16:07:00,2024-09-04 16:07:00,Marketing,5200,Travel & Entertainment,Davidson-Frank,10546.9,Thomas Martin,Denise Elliott,PO118317,INV151642,10546.9,10546.9,10546.9,none
100141,2024-09-04,16:15:00,2024-09-04 16:15:00,IT,5200,Travel & Entertainment,Ballard-Jenkins,8172.36,Gary Stone,Tanner Avila,PO44892,INV102485,8172.36,8172.36,8172.36,none
101340,2024-09-04,16:30:00,2024-09-04 16:30:00,Sales,5200,Travel & Entertainment,Stewart-Russell,11219.88,Dawn Hall,Sergio Arroyo,PO710639,INV167423,11219.88,11219.88,11219.88,none
100912,2024-09-04,17:19:00,2024-09-04 17:19:00,Marketing,5300,Professional Fees,White-Thomas,7478.52,Christina Miller,Denise Elliott,PO488102,INV471626,7478.52,7478.52,7478.52,none
100638,2024-09-04,17:49:00,2024-09-04 17:49:00,IT,5000,Raw Materials Expense,Larson PLC,19635.87,Tanner Avila,Taylor Carroll,PO474150,INV716924,19635.87,19635.87,19635.87,none
102193,2024-09-04,18:24:00,2024-09-04 18:24:00,Procurement,5300,Professional Fees,Jones Inc,47355.7,Elizabeth Boyle,Sean Kelly,PO427846,INV940253,47355.7,47355.7,47355.7,none
104661,2024-09-04,18:30:00,2024-09-04 18:30:00,Operations,5300,Professional Fees,Harper-Hernandez,5368.54,Austin Cohen,Jeffrey Hancock,PO997554,INV447137,5368.54,5368.54,5368.54,none
102982,2024-09-05,09:20:00,2024-09-05 09:20:00,Marketing,5400,IT & Software,"Howard, Tucker and Flores",4271.13,Patricia Perry,Brittany Jackson,PO759547,INV780514,4271.13,4271.13,4271.13,none
103286,2024-09-05,09:35:00,2024-09-05 09:35:00,Marketing,5300,Professional Fees,Smith-Parker,14097.23,Mary Harrison,Kyle King,PO397181,INV687214,14097.23,14097.23,14097.23,none
102412,2024-09-05,10:06:00,2024-09-05 10:06:00,HR,5000,Raw Materials Expense,Hughes-Nichols,26966.78,Donald Ferguson,Timothy Johnson,PO254905,INV406189,26966.78,26966.78,26966.78,none
104037,2024-09-05,10:49:00,2024-09-05 10:49:00,Marketing,5500,Utilities,"Morton, Reynolds and Anderson",6360.75,Elizabeth Boyle,Elizabeth Shea,PO440538,INV703205,6360.75,6360.75,6360.75,none
104056,2024-09-05,11:34:00,2024-09-05 11:34:00,HR,5400,IT & Software,Gomez Ltd,9284.88,Gary Stone,Jeffrey Hancock,PO918892,INV436804,9284.88,9284.88,9284.88,none
102368,2024-09-05,12:00:00,2024-09-05 12:00:00,Sales,6000,Vendor Payments,Rivera-Charles,19806.23,Leslie Robinson,Nicole Clarke,PO328496,INV503305,19806.23,19806.23,19806.23,none
101869,2024-09-05,12:21:00,2024-09-05 12:21:00,Operations,5200,Travel & Entertainment,Becker-Martinez,42561.83,Lindsey Lewis,Patricia Perry,PO869192,INV466026,42561.83,42561.83,42561.83,none
103218,2024-09-05,12:40:00,2024-09-05 12:40:00,Finance,5400,IT & Software,Scott-Bailey,5315.71,Denise Elliott,Michael Rivas,PO79621,INV605141,5315.71,5315.71,5315.71,none
100514,2024-09-05,14:58:00,2024-09-05 14:58:00,Procurement,5300,Professional Fees,"Flores, Hood and Brown",12180.75,Christine Gonzales,Nicole Clarke,PO738137,INV5184,12180.75,12180.75,12180.75,none
101967,2024-09-05,15:27:00,2024-09-05 15:27:00,HR,5300,Professional Fees,Hopkins Inc,21603.27,Anita Harris,Autumn Reed,PO515334,INV280384,21603.27,21603.27,21603.27,none
104532,2024-09-05,15:40:00,2024-09-05 15:40:00,Operations,5400,IT & Software,Scott-Bailey,9845.62,Michael Fox,Alyssa Jackson,PO455782,INV868400,9845.62,9845.62,9845.62,none
102652,2024-09-05,15:48:00,2024-09-05 15:48:00,Sales,5300,Professional Fees,Smith-Parker,13249.3,Jeffrey Hancock,Christina Miller,PO955893,INV307094,13249.3,13249.3,13249.3,none
100037,2024-09-05,16:13:00,2024-09-05 16:13:00,Procurement,5000,Raw Materials Expense,"Robles, Moses and Morgan",6908.38,Lawrence Davis,Gerald Freeman,PO607710,INV51906,6908.38,6908.38,6908.38,none
100801,2024-09-05,16:35:00,2024-09-05 16:35:00,Operations,5200,Travel & Entertainment,Scott-Bailey,36668.74,Elizabeth Shea,Gary Stone,PO853318,INV503096,36668.74,36668.74,36668.74,none
100565,2024-09-05,17:55:00,2024-09-05 17:55:00,IT,5000,Raw Materials Expense,Raymond-Lucas,5091.22,Alyssa Jackson,Gary Mays,PO69241,INV637200,5091.22,5091.22,5091.22,none
104581,2024-09-05,18:19:00,2024-09-05 18:19:00,Marketing,5500,Utilities,Pearson PLC,65626.56,Timothy Johnson,Christine Gonzales,PO349157,INV788461,65626.56,65626.56,65626.56,none
102066,2024-09-06,09:53:00,2024-09-06 09:53:00,Procurement,5100,Office Supplies,"Mills, Crane and Kim",4194.48,Michael Macdonald,Alyssa Jackson,PO219257,INV733145,4194.48,4194.48,4194.48,none
105003,2024-09-06,09:57:00,2024-09-06 09:57:00,HR,5200,Travel & Entertainment,Ballard-Jenkins,4431.08,Michael Rivas,Lawrence Davis,PO607599,INV315701,4431.08,4431.08,4431.08,duplicate_payment
104754,2024-09-06,10:23:00,2024-09-06 10:23:00,Marketing,5100,Office Supplies,"Yang, Weber and Nielsen",36407.13,Jeffrey Hancock,Thomas Martin,PO78593,INV851502,36407.13,36407.13,36407.13,none
102360,2024-09-06,10:30:00,2024-09-06 10:30:00,Finance,5500,Utilities,Francis-Burke,1955.97,Thomas Martin,Kyle King,PO24929,INV402612,1955.97,1955.97,1955.97,none
104045,2024-09-06,10:59:00,2024-09-06 10:59:00,Procurement,5000,Raw Materials Expense,Tucker Group,34061.58,Dawn Hall,Patricia Perry,PO428261,INV699287,34061.58,34061.58,34061.58,none
103208,2024-09-06,11:15:00,2024-09-06 11:15:00,Sales,5100,Office Supplies,Pearson PLC,11521.11,Timothy Johnson,Janice Bush,PO480006,INV949896,11521.11,11521.11,11521.11,none
103870,2024-09-06,11:53:00,2024-09-06 11:53:00,HR,5300,Professional Fees,Evans Ltd,22661.29,Nicole Clarke,Timothy Johnson,PO63410,INV456744,22661.29,22661.29,22661.29,none
104595,2024-09-06,12:23:00,2024-09-06 12:23:00,IT,5100,Office Supplies,"Howard, Tucker and Flores",12141.66,Leslie Robinson,Alyssa Jackson,PO594806,INV604130,12141.66,12141.66,12141.66,none
102444,2024-09-06,12:48:00,2024-09-06 12:48:00,Operations,5200,Travel & Entertainment,Humphrey-Berg,8897.97,Thomas Martin,Christopher Chung,PO300865,INV544070,8897.97,8897.97,8897.97,none
102204,2024-09-06,13:38:00,2024-09-06 13:38:00,Marketing,5300,Professional Fees,"Dixon, Jackson and Benjamin",7326.55,Gary Stone,Leslie Robinson,PO524056,INV173319,7326.55,7326.55,7326.55,none
102869,2024-09-06,13:43:00,2024-09-06 13:43:00,Procurement,5300,Professional Fees,White-Thomas,16165.69,Janice Bush,Lawrence Davis,PO680875,INV724412,16165.69,16165.69,16165.69,none
100451,2024-09-06,14:37:00,2024-09-06 14:37:00,HR,5500,Utilities,Cowan-Powers,18780.8,Dawn Hall,Corey Jones,PO380518,INV247283,18780.8,18780.8,18780.8,none
102235,2024-09-06,14:39:00,2024-09-06 14:39:00,Operations,5200,Travel & Entertainment,Jones Ltd,25968.03,Lawrence Davis,Elizabeth Shea,PO268704,INV346888,25968.03,25968.03,25968.03,none
100591,2024-09-06,14:40:00,2024-09-06 14:40:00,Finance,6000,Vendor Payments,Stewart-Russell,15111.83,Patricia Lopez,Donald Ferguson,PO885423,INV357510,15111.83,15111.83,15111.83,none
103992,2024-09-06,15:10:00,2024-09-06 15:10:00,Finance,5400,IT & Software,"Durham, Bowen and Hess",16910.22,Nicole Chavez,Patricia Perry,PO421986,INV181165,16910.22,16910.22,16910.22,none
103938,2024-09-06,16:18:00,2024-09-06 16:18:00,Procurement,5500,Utilities,"Nelson, Duncan and Smith",13080.14,Michael Rivas,Sean Kelly,PO660496,INV210403,13080.14,13080.14,13080.14,none
104161,2024-09-06,16:35:00,2024-09-06 16:35:00,Finance,5300,Professional Fees,Powers Group,13956.23,Alyssa Jackson,Austin Cohen,PO986034,INV258773,13956.23,13956.23,13956.23,none
104359,2024-09-06,17:32:00,2024-09-06 17:32:00,Operations,5400,IT & Software,"Morton, Reynolds and Anderson",9646.73,Taylor Carroll,Michael Macdonald,PO229181,INV655902,9646.73,9646.73,9646.73,none
103373,2024-09-06,18:11:00,2024-09-06 18:11:00,Operations,6000,Vendor Payments,"Dixon, Jackson and Benjamin",20146.61,Lawrence Davis,Taylor Carroll,PO244453,INV892535,20146.61,20146.61,20146.61,none
101501,2024-09-09,09:27:00,2024-09-09 09:27:00,HR,5000,Raw Materials Expense,Reyes-Glover,32806.66,Patricia Perry,Sean Kelly,PO443231,INV41856,32806.66,32806.66,32806.66,none
102476,2024-09-09,10:59:00,2024-09-09 10:59:00,IT,5000,Raw Materials Expense,Lopez Ltd,18667.36,Sergio Arroyo,Tanner Avila,PO754695,INV264461,18667.36,18667.36,18667.36,none
100610,2024-09-09,11:05:00,2024-09-09 11:05:00,Sales,5000,Raw Materials Expense,Rogers Ltd,5290.37,Donald Ferguson,Elizabeth Shea,PO686696,INV956215,5290.37,5290.37,5290.37,none
104504,2024-09-09,11:48:00,2024-09-09 11:48:00,Finance,5400,IT & Software,"Gardner, Perry and Cruz",16732.36,Elizabeth Shea,Dawn Hall,PO73618,INV913741,16732.36,16732.36,16732.36,none
102782,2024-09-09,12:10:00,2024-09-09 12:10:00,Finance,5300,Professional Fees,"Mills, Crane and Kim",22675.62,Nicole Clarke,Anita Harris,PO801060,INV432639,22675.62,22675.62,22675.62,none
103036,2024-09-09,12:24:00,2024-09-09 12:24:00,IT,5200,Travel & Entertainment,Harper-Hernandez,15267.55,Autumn Reed,Donald Ferguson,PO902704,INV820055,15267.55,15267.55,15267.55,none
103392,2024-09-09,12:35:00,2024-09-09 12:35:00,HR,6000,Vendor Payments,Nichols LLC,22209.06,Nicole Chavez,Joy Hernandez,PO797110,INV534839,22209.06,22209.06,22209.06,none
102846,2024-09-09,12:41:00,2024-09-09 12:41:00,Operations,5300,Professional Fees,"Flores, Hood and Brown",10052.31,Taylor Carroll,Joy Hernandez,PO453981,INV553735,10052.31,10052.31,10052.31,none
101843,2024-09-09,14:03:00,2024-09-09 14:03:00,IT,5400,IT & Software,Cowan-Powers,24446.26,Jeffrey Hancock,Lawrence Davis,PO576476,INV834594,24446.26,24446.26,24446.26,none
100535,2024-09-09,15:22:00,2024-09-09 15:22:00,Operations,5500,Utilities,Harris PLC,5822.75,Gerald Freeman,Tanner Avila,PO549724,INV370481,5822.75,5822.75,5822.75,none
101374,2024-09-09,15:48:00,2024-09-09 15:48:00,IT,5400,IT & Software,Powers Group,14229.0,Nicole Chavez,James Dennis,PO749988,INV865442,14229.0,14229.0,14229.0,none
103825,2024-09-09,16:29:00,2024-09-09 16:29:00,Marketing,6000,Vendor Payments,Mora-Lynn,7713.25,Denise Elliott,Elizabeth Shea,PO726917,INV39490,7713.25,7713.25,7713.25,none
100221,2024-09-09,16:48:00,2024-09-09 16:48:00,Sales,5100,Office Supplies,Evans Ltd,51646.82,Denise Elliott,Nicole Chavez,PO662145,INV274273,51646.82,51646.82,51646.82,none
102100,2024-09-09,18:12:00,2024-09-09 18:12:00,HR,5500,Utilities,Stewart-Russell,10011.4,Jeffrey Hancock,Nicole Clarke,PO178814,INV368356,10011.4,10011.4,10011.4,none
103084,2024-09-09,18:43:00,2024-09-09 18:43:00,HR,5500,Utilities,"Cherry, Martin and Compton",10327.17,Donna Weber,Janice Bush,PO752399,INV658121,10327.17,10327.17,10327.17,none
100936,2024-09-10,09:05:00,2024-09-10 09:05:00,HR,5000,Raw Materials Expense,Hopkins Inc,32215.23,Taylor Carroll,Brittany Jackson,PO520998,INV743007,32215.23,32215.23,32215.23,none
103819,2024-09-10,10:38:00,2024-09-10 10:38:00,Finance,5200,Travel & Entertainment,Tucker Group,29819.19,Gary Mays,Elizabeth Boyle,PO752387,INV384257,29819.19,29819.19,29819.19,none
102044,2024-09-10,11:11:00,2024-09-10 11:11:00,Procurement,5200,Travel & Entertainment,White-Thomas,28006.51,Christina Miller,Corey Jones,PO804648,INV784581,28006.51,28006.51,28006.51,none
101814,2024-09-10,11:14:00,2024-09-10 11:14:00,Procurement,5300,Professional Fees,"White, Tucker and Wolf",33303.09,Michael Rivas,Patricia Perry,PO402456,INV592149,33303.09,33303.09,33303.09,none
104720,2024-09-10,11:38:00,2024-09-10 11:38:00,IT,5200,Travel & Entertainment,"Silva, Jones and Oliver",18988.34,Michael Fox,Corey Jones,PO486955,INV689487,18988.34,18988.34,18988.34,none
102351,2024-09-10,11:58:00,2024-09-10 11:58:00,Marketing,5500,Utilities,White-Thomas,27641.18,Leslie Robinson,Autumn Reed,PO187102,INV499034,27641.18,27641.18,27641.18,none
101026,2024-09-10,12:05:00,2024-09-10 12:05:00,Operations,6000,Vendor Payments,Stevens-Gibson,12840.82,Jeffrey Hancock,Anita Harris,PO840469,INV462778,12840.82,12840.82,12840.82,none
104259,2024-09-10,12:27:00,2024-09-10 12:27:00,HR,5300,Professional Fees,"Martin, Brewer and Young",3840.72,Gerald Freeman,Tanner Avila,PO126074,INV555465,3840.72,3840.72,3840.72,none
102199,2024-09-10,12:36:00,2024-09-10 12:36:00,Sales,5500,Utilities,"Yang, Weber and Nielsen",33437.29,Nicole Chavez,James Dennis,PO706387,INV904632,33437.29,33437.29,33437.29,none
101164,2024-09-10,15:08:00,2024-09-10 15:08:00,Marketing,6000,Vendor Payments,"Flores, Hood and Brown",35163.39,Gary Stone,Michael Fox,PO469740,INV374945,35163.39,35163.39,35163.39,none
101507,2024-09-10,15:10:00,2024-09-10 15:10:00,Sales,5400,IT & Software,"Howard, Tucker and Flores",37375.28,Lindsey Lewis,Alyssa Jackson,PO520316,INV877598,37375.28,37375.28,37375.28,none
104338,2024-09-10,15:13:00,2024-09-10 15:13:00,Operations,5000,Raw Materials Expense,"Morton, Reynolds and Anderson",4318.62,Michael Fox,Michael Macdonald,PO599004,INV887756,4318.62,4318.62,4318.62,none
100436,2024-09-10,15:43:00,2024-09-10 15:43:00,Sales,5100,Office Supplies,Mays-Ortega,15133.56,Brittany Jackson,Sean Kelly,PO817082,INV284876,15133.56,15133.56,15133.56,none
104227,2024-09-10,16:25:00,2024-09-10 16:25:00,Operations,5300,Professional Fees,Smith-Wise,13411.73,Jeffrey Hancock,Joy Hernandez,PO835460,INV201285,13411.73,13411.73,13411.73,none
100439,2024-09-10,17:32:00,2024-09-10 17:32:00,HR,5200,Travel & Entertainment,Hughes-Nichols,13475.23,Anita Harris,Timothy Johnson,PO786214,INV995969,13475.23,13475.23,13475.23,none
102524,2024-09-10,17:35:00,2024-09-10 17:35:00,Marketing,5000,Raw Materials Expense,"Nelson, Duncan and Smith",35156.56,Elizabeth Shea,Nicole Clarke,PO5912,INV781437,35156.56,35156.56,35156.56,none
101211,2024-09-10,18:38:00,2024-09-10 18:38:00,Finance,5000,Raw Materials Expense,Jones Inc,15833.78,Tanner Avila,Michael Macdonald,PO957009,INV143542,15833.78,15833.78,15833.78,none
101215,2024-09-10,18:41:00,2024-09-10 18:41:00,IT,5300,Professional Fees,"Cherry, Martin and Compton",36768.57,Corey Jones,Austin Cohen,PO202998,INV246947,36768.57,36768.57,36768.57,none
102836,2024-09-11,09:13:00,2024-09-11 09:13:00,Operations,5500,Utilities,Mora-Lynn,13686.49,Taylor Carroll,Michael Rivas,PO686855,INV383519,13686.49,13686.49,13686.49,none
100509,2024-09-11,09:24:00,2024-09-11 09:24:00,Operations,5000,Raw Materials Expense,Hughes-Nichols,28874.69,Sean Kelly,Tanner Avila,PO597942,INV390183,28874.69,28874.69,28874.69,none
104761,2024-09-11,10:57:00,2024-09-11 10:57:00,Finance,5500,Utilities,Francis-Burke,7354.28,Elizabeth Boyle,Dawn Hall,PO797773,INV837219,7354.28,7354.28,7354.28,none
101010,2024-09-11,11:10:00,2024-09-11 11:10:00,Procurement,5100,Office Supplies,"Mills, Crane and Kim",28319.65,Denise Elliott,Nicole Clarke,PO516142,INV765767,28319.65,28319.65,28319.65,none
100531,2024-09-11,11:21:00,2024-09-11 11:21:00,Marketing,5400,IT & Software,"Gardner, Perry and Cruz",18120.92,Sean Kelly,Jeffrey Hancock,PO370192,INV193065,18120.92,18120.92,18120.92,none
100983,2024-09-11,11:41:00,2024-09-11 11:41:00,IT,5200,Travel & Entertainment,Miller LLC,16449.83,Alyssa Jackson,Thomas Martin,PO684479,INV143937,16449.83,16449.83,16449.83,none
103368,2024-09-11,12:24:00,2024-09-11 12:24:00,Operations,5000,Raw Materials Expense,White-Thomas,7707.2,Christopher Chung,Sergio Arroyo,PO550178,INV652999,7707.2,7707.2,7707.2,none
100607,2024-09-11,12:38:00,2024-09-11 12:38:00,IT,5400,IT & Software,"Mills, Crane and Kim",29982.84,Patricia Perry,Austin Cohen,PO675763,INV609620,29982.84,29982.84,29982.84,none
104689,2024-09-11,12:52:00,2024-09-11 12:52:00,HR,6000,Vendor Payments,Smith-Wise,16372.69,Gerald Freeman,Sergio Arroyo,PO203304,INV9403,16372.69,16372.69,16372.69,none
103845,2024-09-11,13:11:00,2024-09-11 13:11:00,Sales,6000,Vendor Payments,"Nelson, Duncan and Smith",29011.23,Joy Hernandez,Michael Fox,PO885367,INV471355,29011.23,29011.23,29011.23,none
103232,2024-09-11,13:39:00,2024-09-11 13:39:00,HR,6000,Vendor Payments,"Silva, Jones and Oliver",6401.26,Elizabeth Boyle,Leslie Robinson,PO176872,INV85262,6401.26,6401.26,6401.26,none
100163,2024-09-11,13:49:00,2024-09-11 13:49:00,IT,6000,Vendor Payments,Pearson PLC,6048.3,Lindsey Lewis,Mary Harrison,PO988435,INV780568,6048.3,6048.3,6048.3,none
104044,2024-09-11,13:57:00,2024-09-11 13:57:00,Finance,5200,Travel & Entertainment,Hughes-Nichols,9515.4,Elizabeth Boyle,Patricia Lopez,PO99834,INV664558,9515.4,9515.4,9515.4,none
100480,2024-09-11,14:33:00,2024-09-11 14:33:00,Procurement,5500,Utilities,Tucker Group,11743.13,Autumn Reed,Patricia Lopez,PO917227,INV216350,11743.13,11743.13,11743.13,none
103473,2024-09-11,15:27:00,2024-09-11 15:27:00,Finance,5400,IT & Software,Stewart-Russell,4838.1,Dawn Hall,Autumn Reed,PO655911,INV664931,4838.1,4838.1,4838.1,none
100483,2024-09-11,16:32:00,2024-09-11 16:32:00,HR,5000,Raw Materials Expense,Murphy Inc,19593.45,Sean Kelly,Nicole Chavez,PO1891,INV689387,19593.45,19593.45,19593.45,none
104670,2024-09-11,16:37:00,2024-09-11 16:37:00,Marketing,5300,Professional Fees,Lopez Ltd,10778.71,Brittany Jackson,James Dennis,PO554796,INV215735,10778.71,10778.71,10778.71,none
100807,2024-09-11,17:09:00,2024-09-11 17:09:00,HR,6000,Vendor Payments,"Dixon, Jackson and Benjamin",11676.29,Leslie Robinson,Sergio Arroyo,PO232361,INV272891,11676.29,11676.29,11676.29,none
100292,2024-09-11,17:18:00,2024-09-11 17:18:00,Sales,6000,Vendor Payments,Smith-Parker,25868.67,Michael Macdonald,Thomas Martin,PO848769,INV713114,25868.67,25868.67,25868.67,none
101502,2024-09-11,17:43:00,2024-09-11 17:43:00,IT,5400,IT & Software,"Robles, Moses and Morgan",18240.55,Elizabeth Shea,Nicole Clarke,PO693607,INV997143,18240.55,18240.55,18240.55,none
104959,2024-09-11,17:47:00,2024-09-11 17:47:00,Procurement,5500,Utilities,Smith-Wise,12291.69,Lindsey Lewis,Brittany Jackson,PO483489,INV763134,12291.69,12291.69,12291.69,duplicate_payment
100157,2024-09-11,18:09:00,2024-09-11 18:09:00,Sales,5000,Raw Materials Expense,Davidson-Frank,23540.56,Brittany Jackson,Lawrence Davis,PO1505,INV267191,23540.56,23540.56,23540.56,none
102165,2024-09-11,18:27:00,2024-09-11 18:27:00,Marketing,5000,Raw Materials Expense,Jones Ltd,12950.54,Mary Harrison,Alyssa Jackson,PO599881,INV963455,12950.54,12950.54,12950.54,none
100998,2024-09-11,18:51:00,2024-09-11 18:51:00,HR,5000,Raw Materials Expense,Mays-Ortega,4318.86,Jeffrey Hancock,Elizabeth Shea,PO477618,INV624807,4318.86,4318.86,4318.86,none
101638,2024-09-11,18:59:00,2024-09-11 18:59:00,Procurement,5400,IT & Software,"Robles, Moses and Morgan",30569.82,Michael Macdonald,Jeffrey Hancock,PO579841,INV1691,30569.82,30569.82,30569.82,none
101106,2024-09-12,09:11:00,2024-09-12 09:11:00,Sales,5500,Utilities,Tucker Group,26298.42,Thomas Martin,Austin Cohen,PO589117,INV982409,26298.42,26298.42,26298.42,none
100637,2024-09-12,09:33:00,2024-09-12 09:33:00,Marketing,5300,Professional Fees,Jones Ltd,24989.24,Timothy Johnson,Christina Miller,PO304470,INV640192,24989.24,24989.24,24989.24,none
102176,2024-09-12,10:11:00,2024-09-12 10:11:00,Finance,5200,Travel & Entertainment,"White, Tucker and Wolf",18259.34,Tanner Avila,Michael Rivas,PO621137,INV547837,18259.34,18259.34,18259.34,none
101725,2024-09-12,11:29:00,2024-09-12 11:29:00,Marketing,5200,Travel & Entertainment,Powers Group,18267.67,Austin Cohen,Autumn Reed,PO886195,INV768354,18267.67,18267.67,18267.67,none
100949,2024-09-12,12:45:00,2024-09-12 12:45:00,Sales,5300,Professional Fees,Evans Ltd,11334.14,Autumn Reed,Timothy Johnson,PO235903,INV930791,11334.14,11334.14,11334.14,none
102528,2024-09-12,13:47:00,2024-09-12 13:47:00,Operations,5000,Raw Materials Expense,Nichols LLC,7494.86,Dawn Hall,Nicole Chavez,PO189126,INV551497,7494.86,7494.86,7494.86,none
103554,2024-09-12,14:22:00,2024-09-12 14:22:00,Procurement,5500,Utilities,Smith-Wise,9571.78,Christina Miller,Mary Harrison,PO47957,INV989834,9571.78,9571.78,9571.78,none
103926,2024-09-12,14:28:00,2024-09-12 14:28:00,Sales,6000,Vendor Payments,"Mills, Crane and Kim",12349.46,Christine Gonzales,Taylor Carroll,PO410999,INV141481,12349.46,12349.46,12349.46,none
100788,2024-09-12,14:29:00,2024-09-12 14:29:00,Operations,5100,Office Supplies,"Duncan, Graham and Stark",4198.52,Michael Macdonald,Michael Fox,PO375913,INV970609,4198.52,4198.52,4198.52,none
101892,2024-09-12,14:41:00,2024-09-12 14:41:00,Sales,6000,Vendor Payments,Larson PLC,4443.14,Nicole Clarke,Janice Bush,PO526229,INV303256,4443.14,4443.14,4443.14,none
101572,2024-09-12,14:59:00,2024-09-12 14:59:00,Marketing,5200,Travel & Entertainment,"Howard, Tucker and Flores",26271.55,Jeffrey Hancock,Patricia Perry,PO904151,INV318898,26271.55,26271.55,26271.55,none
101254,2024-09-12,15:28:00,2024-09-12 15:28:00,Marketing,5300,Professional Fees,"Silva, Jones and Oliver",11973.93,Michael Rivas,Taylor Carroll,PO722475,INV859988,11973.93,11973.93,11973.93,none
101763,2024-09-12,16:20:00,2024-09-12 16:20:00,IT,5100,Office Supplies,"Gardner, Perry and Cruz",4899.01,Jeffrey Hancock,Austin Cohen,PO497238,INV639522,4899.01,4899.01,4899.01,none
102699,2024-09-12,17:10:00,2024-09-12 17:10:00,Operations,5400,IT & Software,Jones Inc,33651.99,Denise Elliott,Corey Jones,PO666284,INV271014,33651.99,33651.99,33651.99,none
101339,2024-09-12,17:29:00,2024-09-12 17:29:00,Sales,5400,IT & Software,"Dixon, Jackson and Benjamin",8946.71,Christina Miller,Dawn Hall,PO840115,INV468158,8946.71,8946.71,8946.71,none
103229,2024-09-12,17:38:00,2024-09-12 17:38:00,Finance,5200,Travel & Entertainment,"Hernandez, Hopkins and Houston",4900.15,Thomas Martin,Elizabeth Boyle,PO487523,INV291550,4900.15,4900.15,4900.15,none
102418,2024-09-12,17:39:00,2024-09-12 17:39:00,Marketing,5400,IT & Software,"Duncan, Graham and Stark",8492.0,Elizabeth Boyle,Thomas Martin,PO327931,INV712532,8492.0,8492.0,8492.0,none
103925,2024-09-12,17:42:00,2024-09-12 17:42:00,Sales,5100,Office Supplies,Davidson-Frank,2170.61,Elizabeth Boyle,Nicole Clarke,PO710441,INV147304,2170.61,2170.61,2170.61,none
101961,2024-09-13,09:39:00,2024-09-13 09:39:00,Marketing,5100,Office Supplies,Humphrey-Berg,5332.72,Dawn Hall,Christopher Chung,PO770627,INV630865,5332.72,5332.72,5332.72,none
102009,2024-09-13,10:51:00,2024-09-13 10:51:00,Sales,5500,Utilities,Evans Ltd,3403.83,Alyssa Jackson,Lawrence Davis,PO943880,INV985493,3403.83,3403.83,3403.83,none
103454,2024-09-13,11:48:00,2024-09-13 11:48:00,IT,5200,Travel & Entertainment,"Smith, Montgomery and Reyes",27165.63,Michael Rivas,Christine Gonzales,PO820964,INV524548,27165.63,27165.63,27165.63,none
101600,2024-09-13,12:20:00,2024-09-13 12:20:00,Finance,5000,Raw Materials Expense,"Howard, Tucker and Flores",9309.45,Patricia Perry,Michael Macdonald,PO449903,INV903822,9309.45,9309.45,9309.45,none
103032,2024-09-13,13:44:00,2024-09-13 13:44:00,Finance,5000,Raw Materials Expense,Miller LLC,9446.61,Lawrence Davis,Nicole Clarke,PO564323,INV902221,9446.61,9446.61,9446.61,none
102312,2024-09-13,14:20:00,2024-09-13 14:20:00,Sales,6000,Vendor Payments,"Gardner, Perry and Cruz",9976.72,Denise Elliott,Elizabeth Shea,PO882320,INV368956,9976.72,9976.72,9976.72,none
101413,2024-09-13,14:31:00,2024-09-13 14:31:00,Operations,5100,Office Supplies,Lopez Ltd,7765.5,Leslie Robinson,Autumn Reed,PO970022,INV767066,7765.5,7765.5,7765.5,none
101519,2024-09-13,15:08:00,2024-09-13 15:08:00,IT,5500,Utilities,Tucker Group,20532.57,Elizabeth Boyle,Michael Macdonald,PO28667,INV557008,20532.57,20532.57,20532.57,none
103645,2024-09-13,15:36:00,2024-09-13 15:36:00,Finance,5300,Professional Fees,Miller LLC,8383.84,Christopher Chung,Leslie Robinson,PO96274,INV270374,8383.84,8383.84,8383.84,none
102634,2024-09-13,15:49:00,2024-09-13 15:49:00,HR,5300,Professional Fees,Torres-Mendoza,16580.29,Elizabeth Boyle,Kyle King,PO900553,INV46744,16580.29,16580.29,16580.29,none
101876,2024-09-13,15:50:00,2024-09-13 15:50:00,Marketing,5000,Raw Materials Expense,Torres-Mendoza,24858.87,Joy Hernandez,Jeffrey Hancock,PO828427,INV29015,24858.87,24858.87,24858.87,none
101297,2024-09-13,16:10:00,2024-09-13 16:10:00,IT,5300,Professional Fees,"Mills, Crane and Kim",13775.62,Gary Stone,Timothy Johnson,PO568985,INV746652,13775.62,13775.62,13775.62,none
100692,2024-09-13,17:05:00,2024-09-13 17:05:00,Marketing,5400,IT & Software,Scott-Bailey,21508.51,Patricia Perry,Elizabeth Shea,PO144496,INV201179,21508.51,21508.51,21508.51,none
103432,2024-09-13,17:17:00,2024-09-13 17:17:00,Sales,5300,Professional Fees,"Dixon, Jackson and Benjamin",15176.2,Lindsey Lewis,Autumn Reed,PO644407,INV266563,15176.2,15176.2,15176.2,none
100128,2024-09-13,17:31:00,2024-09-13 17:31:00,IT,5200,Travel & Entertainment,"Smith, Montgomery and Reyes",19874.76,Kyle King,Gary Stone,PO945912,INV34810,19874.76,19874.76,19874.76,none
102603,2024-09-13,18:50:00,2024-09-13 18:50:00,Marketing,5000,Raw Materials Expense,Lopez Ltd,14690.51,Patricia Lopez,Michael Fox,PO750503,INV637305,14690.51,14690.51,14690.51,none
104805,2024-09-16,00:21:00,2024-09-16 00:21:00,Finance,5400,IT & Software,Smith-Parker,10885.38,Donna Weber,Patricia Lopez,PO162752,INV466867,10885.38,10885.38,10885.38,odd_hour_posting
104859,2024-09-16,00:55:00,2024-09-16 00:55:00,Finance,5200,Travel & Entertainment,"Morton, Reynolds and Anderson",16790.98,Joy Hernandez,Janice Bush,PO727434,INV687950,16790.98,16790.98,16790.98,odd_hour_posting
103826,2024-09-16,09:25:00,2024-09-16 09:25:00,Operations,5100,Office Supplies,Young Inc,14052.37,Nicole Chavez,Tanner Avila,PO444936,INV341936,14052.37,14052.37,14052.37,none
100689,2024-09-16,09:52:00,2024-09-16 09:52:00,IT,5000,Raw Materials Expense,Scott-Bailey,31317.42,Nicole Chavez,Thomas Martin,PO325855,INV475542,31317.42,31317.42,31317.42,none
101228,2024-09-16,10:10:00,2024-09-16 10:10:00,Marketing,5000,Raw Materials Expense,Mays-Ortega,6193.89,Janice Bush,Donna Weber,PO126323,INV785167,6193.89,6193.89,6193.89,none
102030,2024-09-16,10:17:00,2024-09-16 10:17:00,IT,5000,Raw Materials Expense,Gross-Morrison,17646.09,Jeffrey Hancock,Christine Gonzales,PO694863,INV638805,17646.09,17646.09,17646.09,none
100224,2024-09-16,10:19:00,2024-09-16 10:19:00,Finance,6000,Vendor Payments,Cowan-Powers,9107.12,Timothy Johnson,Lindsey Lewis,PO955344,INV372618,9107.12,9107.12,9107.12,none
103533,2024-09-16,10:21:00,2024-09-16 10:21:00,Sales,5400,IT & Software,Humphrey-Berg,3230.42,Sean Kelly,Nicole Clarke,PO891909,INV687345,3230.42,3230.42,3230.42,none
101405,2024-09-16,10:27:00,2024-09-16 10:27:00,Marketing,6000,Vendor Payments,"Robles, Moses and Morgan",18659.68,Gary Mays,Michael Rivas,PO926475,INV300486,18659.68,18659.68,18659.68,none
103831,2024-09-16,11:27:00,2024-09-16 11:27:00,Procurement,5500,Utilities,Willis Group,19438.48,Tanner Avila,Nicole Clarke,PO159779,INV568205,19438.48,19438.48,19438.48,none
102183,2024-09-16,11:52:00,2024-09-16 11:52:00,HR,5100,Office Supplies,White-Thomas,19894.75,Alyssa Jackson,Patricia Lopez,PO849452,INV732470,19894.75,19894.75,19894.75,none
101783,2024-09-16,12:41:00,2024-09-16 12:41:00,IT,5000,Raw Materials Expense,Jones Inc,16983.85,Donna Weber,Christina Miller,PO549181,INV84283,16983.85,16983.85,16983.85,none
100068,2024-09-16,13:42:00,2024-09-16 13:42:00,IT,5200,Travel & Entertainment,Davidson-Frank,13561.37,Elizabeth Boyle,Austin Cohen,PO848683,INV365974,13561.37,13561.37,13561.37,none
100143,2024-09-16,13:52:00,2024-09-16 13:52:00,Procurement,5200,Travel & Entertainment,Miller LLC,15853.22,Michael Macdonald,Christopher Chung,PO490419,INV944081,15853.22,15853.22,15853.22,none
100584,2024-09-16,13:54:00,2024-09-16 13:54:00,HR,5500,Utilities,"Flores, Hood and Brown",8173.66,Corey Jones,Christine Gonzales,PO888072,INV730325,8173.66,8173.66,8173.66,none
101246,2024-09-16,14:07:00,2024-09-16 14:07:00,Operations,5400,IT & Software,"Mills, Crane and Kim",13981.29,Lindsey Lewis,Brittany Jackson,PO705242,INV652442,13981.29,13981.29,13981.29,none
104664,2024-09-16,14:17:00,2024-09-16 14:17:00,Operations,5500,Utilities,Smith-Parker,13066.98,Gary Mays,Michael Fox,PO240721,INV270580,13066.98,13066.98,13066.98,none
102658,2024-09-16,14:36:00,2024-09-16 14:36:00,IT,5500,Utilities,"Jefferson, Sullivan and Young",7134.49,Taylor Carroll,Lindsey Lewis,PO947782,INV84012,7134.49,7134.49,7134.49,none
100566,2024-09-16,15:08:00,2024-09-16 15:08:00,Finance,6000,Vendor Payments,Gomez Ltd,11678.95,Christina Miller,Gerald Freeman,PO651895,INV280727,11678.95,11678.95,11678.95,none
102604,2024-09-16,15:29:00,2024-09-16 15:29:00,Procurement,5200,Travel & Entertainment,"Dixon, Jackson and Benjamin",13445.79,Corey Jones,Donna Weber,PO496434,INV281187,13445.79,13445.79,13445.79,none
100414,2024-09-16,15:34:00,2024-09-16 15:34:00,HR,5300,Professional Fees,"Nelson, Duncan and Smith",2821.99,Kyle King,Janice Bush,PO873295,INV443401,2821.99,2821.99,2821.99,none
104405,2024-09-16,15:49:00,2024-09-16 15:49:00,IT,5400,IT & Software,"Dixon, Jackson and Benjamin",13584.07,Tanner Avila,Michael Rivas,PO843308,INV200677,13584.07,13584.07,13584.07,none
104892,2024-09-16,15:53:00,2024-09-16 15:53:00,Marketing,5100,Office Supplies,Mays-Ortega,100000.0,Elizabeth Boyle,Patricia Lopez,PO349022,INV65441,100000.0,100000.0,100000.0,round_number
102041,2024-09-16,16:32:00,2024-09-16 16:32:00,Finance,5300,Professional Fees,"Martin, Brewer and Young",20135.26,Patricia Lopez,Christine Gonzales,PO505092,INV5091,20135.26,20135.26,20135.26,none
105037,2024-09-16,17:47:00,2024-09-16 17:47:00,Procurement,5500,Utilities,Smith-Wise,12291.69,Lindsey Lewis,Brittany Jackson,PO483489,INV763134,12291.69,12291.69,12291.69,duplicate_payment
100485,2024-09-17,09:02:00,2024-09-17 09:02:00,Procurement,5400,IT & Software,Hopkins Inc,9066.75,Austin Cohen,Lawrence Davis,PO716081,INV477050,9066.75,9066.75,9066.75,none
103750,2024-09-17,09:22:00,2024-09-17 09:22:00,Procurement,5400,IT & Software,Mays-Ortega,17467.78,Nicole Chavez,Sean Kelly,PO227711,INV715683,17467.78,17467.78,17467.78,none
103873,2024-09-17,09:36:00,2024-09-17 09:36:00,Sales,5200,Travel & Entertainment,Torres-Mendoza,33265.67,Brittany Jackson,Christina Miller,PO667525,INV211120,33265.67,33265.67,33265.67,none
103097,2024-09-17,10:52:00,2024-09-17 10:52:00,Procurement,5400,IT & Software,"Duncan, Graham and Stark",15039.09,Mary Harrison,Michael Fox,PO381790,INV501250,15039.09,15039.09,15039.09,none
104395,2024-09-17,11:24:00,2024-09-17 11:24:00,Marketing,5200,Travel & Entertainment,Reyes-Glover,22781.68,Mary Harrison,Lindsey Lewis,PO366840,INV400121,22781.68,22781.68,22781.68,none
104149,2024-09-17,11:44:00,2024-09-17 11:44:00,Operations,5500,Utilities,Smith-Parker,27318.89,Brittany Jackson,Thomas Martin,PO880670,INV637070,27318.89,27318.89,27318.89,none
100142,2024-09-17,11:55:00,2024-09-17 11:55:00,Operations,5400,IT & Software,Lopez Ltd,1948.09,Brittany Jackson,Leslie Robinson,PO838183,INV382824,1948.09,1948.09,1948.09,none
101470,2024-09-17,12:01:00,2024-09-17 12:01:00,Procurement,5000,Raw Materials Expense,"Mills, Crane and Kim",6855.19,Donald Ferguson,Elizabeth Shea,PO51713,INV847740,6855.19,6855.19,6855.19,none
100281,2024-09-17,12:07:00,2024-09-17 12:07:00,Sales,5500,Utilities,Stewart-Russell,6199.14,Patricia Lopez,Brittany Jackson,PO948895,INV392638,6199.14,6199.14,6199.14,none
102452,2024-09-17,12:40:00,2024-09-17 12:40:00,IT,5400,IT & Software,Cowan-Powers,19440.25,Lindsey Lewis,Thomas Martin,PO670458,INV108757,19440.25,19440.25,19440.25,none
102133,2024-09-17,14:26:00,2024-09-17 14:26:00,Marketing,5200,Travel & Entertainment,Harper-Hernandez,10403.45,Gary Stone,Michael Rivas,PO869899,INV988249,10403.45,10403.45,10403.45,none
101844,2024-09-17,15:18:00,2024-09-17 15:18:00,HR,5400,IT & Software,White-Thomas,37915.63,Joy Hernandez,Taylor Carroll,PO229444,INV538583,37915.63,37915.63,37915.63,none
100306,2024-09-17,15:32:00,2024-09-17 15:32:00,Finance,6000,Vendor Payments,Lopez Ltd,20637.31,Leslie Robinson,Mary Harrison,PO448633,INV36146,20637.31,20637.31,20637.31,none
100664,2024-09-17,16:31:00,2024-09-17 16:31:00,HR,6000,Vendor Payments,Miller LLC,3036.91,Dawn Hall,Joy Hernandez,PO500,INV752751,3036.91,3036.91,3036.91,none
104917,2024-09-17,17:13:00,2024-09-17 17:13:00,Procurement,5500,Utilities,"Martin, Brewer and Young",104227.59,Autumn Reed,Kyle King,PO764583,INV149570,104227.59,104227.59,104227.59,unusual_amount
102197,2024-09-17,17:54:00,2024-09-17 17:54:00,Sales,5200,Travel & Entertainment,Galvan Group,19774.96,Lindsey Lewis,Alyssa Jackson,PO953063,INV806190,19774.96,19774.96,19774.96,none
102591,2024-09-17,18:34:00,2024-09-17 18:34:00,Sales,6000,Vendor Payments,Tucker Group,26269.26,Lawrence Davis,Lindsey Lewis,PO310682,INV883321,26269.26,26269.26,26269.26,none
102323,2024-09-18,09:19:00,2024-09-18 09:19:00,IT,5500,Utilities,"Gardner, Perry and Cruz",19614.61,Sean Kelly,Michael Rivas,PO89931,INV345399,19614.61,19614.61,19614.61,none
102514,2024-09-18,10:30:00,2024-09-18 10:30:00,Procurement,5400,IT & Software,Miller LLC,11586.41,Sergio Arroyo,Anita Harris,PO575980,INV882764,11586.41,11586.41,11586.41,none
101523,2024-09-18,11:15:00,2024-09-18 11:15:00,Procurement,6000,Vendor Payments,Mora-Lynn,37187.31,Lawrence Davis,Denise Elliott,PO42246,INV859165,37187.31,37187.31,37187.31,none
103127,2024-09-18,11:24:00,2024-09-18 11:24:00,Procurement,5000,Raw Materials Expense,Larson PLC,12526.33,Anita Harris,Donna Weber,PO307607,INV881720,12526.33,12526.33,12526.33,none
100476,2024-09-18,12:51:00,2024-09-18 12:51:00,Sales,5200,Travel & Entertainment,Reyes-Glover,7371.71,Michael Fox,Donald Ferguson,PO559522,INV324360,7371.71,7371.71,7371.71,none
102006,2024-09-18,12:54:00,2024-09-18 12:54:00,HR,6000,Vendor Payments,Willis Group,17802.8,Brittany Jackson,Sean Kelly,PO366345,INV479577,17802.8,17802.8,17802.8,none
100219,2024-09-18,12:57:00,2024-09-18 12:57:00,Sales,5000,Raw Materials Expense,Ballard-Jenkins,50725.59,Austin Cohen,Sergio Arroyo,PO755687,INV718373,50725.59,50725.59,50725.59,none
102313,2024-09-18,13:31:00,2024-09-18 13:31:00,Operations,6000,Vendor Payments,"Martin, Brewer and Young",13191.97,Kyle King,Thomas Martin,PO871392,INV698964,13191.97,13191.97,13191.97,none
101566,2024-09-18,15:09:00,2024-09-18 15:09:00,Procurement,5000,Raw Materials Expense,Galvan Group,24133.29,Patricia Perry,Jeffrey Hancock,PO301581,INV691943,24133.29,24133.29,24133.29,none
104462,2024-09-18,15:32:00,2024-09-18 15:32:00,IT,5200,Travel & Entertainment,Smith-Wise,14270.73,Alyssa Jackson,Tanner Avila,PO409341,INV999864,14270.73,14270.73,14270.73,none
102864,2024-09-18,16:43:00,2024-09-18 16:43:00,HR,5300,Professional Fees,Reyes-Glover,2391.62,Donald Ferguson,Patricia Lopez,PO655369,INV995981,2391.62,2391.62,2391.62,none
103330,2024-09-18,17:01:00,2024-09-18 17:01:00,Marketing,5400,IT & Software,Young Inc,6587.34,Donna Weber,Christine Gonzales,PO501530,INV724549,6587.34,6587.34,6587.34,none
104531,2024-09-18,17:21:00,2024-09-18 17:21:00,Sales,5200,Travel & Entertainment,Young Inc,19034.54,Donna Weber,Alyssa Jackson,PO609631,INV222742,19034.54,19034.54,19034.54,none
100824,2024-09-18,17:36:00,2024-09-18 17:36:00,Marketing,6000,Vendor Payments,"Smith, Montgomery and Reyes",18170.05,Gary Stone,Sean Kelly,PO387126,INV530457,18170.05,18170.05,18170.05,none
103899,2024-09-18,18:48:00,2024-09-18 18:48:00,Procurement,5400,IT & Software,"Nelson, Duncan and Smith",2771.34,Michael Fox,Brittany Jackson,PO732522,INV74820,2771.34,2771.34,2771.34,none
104947,2024-09-19,01:57:00,2024-09-19 01:57:00,HR,5400,IT & Software,Jones Ltd,11638.71,Denise Elliott,Lindsey Lewis,PO19986,INV854622,11638.71,11638.71,11638.71,odd_hour_posting
103220,2024-09-19,09:15:00,2024-09-19 09:15:00,Procurement,5000,Raw Materials Expense,"Mills, Crane and Kim",8569.91,Joy Hernandez,Anita Harris,PO242745,INV209739,8569.91,8569.91,8569.91,none
102435,2024-09-19,09:32:00,2024-09-19 09:32:00,Marketing,5000,Raw Materials Expense,"Yang, Weber and Nielsen",16727.22,Gerald Freeman,Patricia Perry,PO876878,INV383154,16727.22,16727.22,16727.22,none
100573,2024-09-19,09:55:00,2024-09-19 09:55:00,Sales,5500,Utilities,Young Inc,20664.3,Gary Stone,Tanner Avila,PO448418,INV62431,20664.3,20664.3,20664.3,none
104906,2024-09-19,10:34:00,2024-09-19 10:34:00,Finance,5500,Utilities,Willis Group,6655.59,Janice Bush,Janice Bush,PO913804,INV46143,6655.59,6655.59,6655.59,segregation_violation
102383,2024-09-19,10:36:00,2024-09-19 10:36:00,HR,5100,Office Supplies,"Silva, Jones and Oliver",27154.45,Nicole Chavez,Nicole Clarke,PO326783,INV353157,27154.45,27154.45,27154.45,none
100247,2024-09-19,11:53:00,2024-09-19 11:53:00,Procurement,5200,Travel & Entertainment,Reyes-Glover,41420.33,Gerald Freeman,Patricia Perry,PO583595,INV919406,41420.33,41420.33,41420.33,none
101318,2024-09-19,14:19:00,2024-09-19 14:19:00,Marketing,5000,Raw Materials Expense,Gomez Ltd,4174.22,Elizabeth Shea,Elizabeth Boyle,PO529896,INV107615,4174.22,4174.22,4174.22,none
101193,2024-09-19,14:29:00,2024-09-19 14:29:00,Finance,5400,IT & Software,"White, Tucker and Wolf",3191.98,Tanner Avila,Alyssa Jackson,PO656163,INV559765,3191.98,3191.98,3191.98,none
100399,2024-09-19,15:06:00,2024-09-19 15:06:00,Sales,5300,Professional Fees,"Hernandez, Hopkins and Houston",20944.79,Janice Bush,Sean Kelly,PO291883,INV745380,20944.79,20944.79,20944.79,none
102518,2024-09-19,15:13:00,2024-09-19 15:13:00,Finance,6000,Vendor Payments,"Dixon, Jackson and Benjamin",17909.73,Tanner Avila,Jeffrey Hancock,PO981800,INV179928,17909.73,17909.73,17909.73,none
104993,2024-09-19,15:24:00,2024-09-19 15:24:00,Finance,5400,IT & Software,"Silva, Jones and Oliver",50000.0,Christina Miller,James Dennis,PO771229,INV869315,50000.0,50000.0,50000.0,round_number
103987,2024-09-19,15:27:00,2024-09-19 15:27:00,Marketing,5000,Raw Materials Expense,"White, Tucker and Wolf",15562.29,Michael Rivas,Taylor Carroll,PO792206,INV546371,15562.29,15562.29,15562.29,none
104801,2024-09-19,18:31:00,2024-09-19 18:31:00,Finance,5300,Professional Fees,Torres-Mendoza,28857.91,Brittany Jackson,Leslie Robinson,PO445569,INV435387,28857.91,32374.11,32374.11,three_way_mismatch
102856,2024-09-19,18:32:00,2024-09-19 18:32:00,IT,5500,Utilities,Torres-Mendoza,13999.53,Mary Harrison,Sean Kelly,PO950680,INV350365,13999.53,13999.53,13999.53,none
103337,2024-09-19,18:55:00,2024-09-19 18:55:00,Marketing,6000,Vendor Payments,Ballard-Jenkins,13853.76,Lindsey Lewis,Austin Cohen,PO951151,INV254243,13853.76,13853.76,13853.76,none
100135,2024-09-20,09:42:00,2024-09-20 09:42:00,Finance,5200,Travel & Entertainment,"Yang, Weber and Nielsen",2351.87,Austin Cohen,Michael Macdonald,PO951385,INV608989,2351.87,2351.87,2351.87,none
101013,2024-09-20,10:04:00,2024-09-20 10:04:00,HR,5100,Office Supplies,Hughes-Nichols,3513.94,Thomas Martin,Christina Miller,PO861105,INV16216,3513.94,3513.94,3513.94,none
100665,2024-09-20,10:06:00,2024-09-20 10:06:00,Procurement,5200,Travel & Entertainment,White-Thomas,33848.73,Leslie Robinson,Christopher Chung,PO444245,INV158364,33848.73,33848.73,33848.73,none
100654,2024-09-20,10:24:00,2024-09-20 10:24:00,Sales,5500,Utilities,Rivera-Charles,13994.88,Patricia Lopez,Leslie Robinson,PO929725,INV116589,13994.88,13994.88,13994.88,none
104429,2024-09-20,10:40:00,2024-09-20 10:40:00,IT,5100,Office Supplies,Torres-Mendoza,46645.66,Brittany Jackson,Michael Fox,PO543911,INV139855,46645.66,46645.66,46645.66,none
103058,2024-09-20,11:10:00,2024-09-20 11:10:00,Finance,5200,Travel & Entertainment,"Silva, Jones and Oliver",12066.4,Lindsey Lewis,Austin Cohen,PO400997,INV526863,12066.4,12066.4,12066.4,none
104762,2024-09-20,11:17:00,2024-09-20 11:17:00,Operations,5300,Professional Fees,Stevens-Gibson,16611.28,James Dennis,Patricia Lopez,PO593231,INV454136,16611.28,16611.28,16611.28,none
104285,2024-09-20,13:33:00,2024-09-20 13:33:00,Procurement,5100,Office Supplies,Torres-Mendoza,10229.92,Tanner Avila,Thomas Martin,PO500600,INV192606,10229.92,10229.92,10229.92,none
101033,2024-09-20,14:56:00,2024-09-20 14:56:00,IT,5000,Raw Materials Expense,Davidson-Frank,2311.77,Christopher Chung,Lindsey Lewis,PO538529,INV690676,2311.77,2311.77,2311.77,none
103757,2024-09-20,14:58:00,2024-09-20 14:58:00,Operations,6000,Vendor Payments,Hughes-Nichols,25300.18,Donna Weber,Michael Rivas,PO810055,INV562247,25300.18,25300.18,25300.18,none
103431,2024-09-20,15:08:00,2024-09-20 15:08:00,Operations,5200,Travel & Entertainment,Smith-Wise,26794.33,Janice Bush,Tanner Avila,PO5269,INV955367,26794.33,26794.33,26794.33,none
104391,2024-09-20,15:42:00,2024-09-20 15:42:00,Operations,5300,Professional Fees,"Howard, Tucker and Flores",21661.49,Donald Ferguson,Elizabeth Shea,PO342267,INV408089,21661.49,21661.49,21661.49,none
104515,2024-09-20,17:31:00,2024-09-20 17:31:00,Marketing,5200,Travel & Entertainment,Mora-Lynn,10031.08,Elizabeth Shea,Lawrence Davis,PO976908,INV514392,10031.08,10031.08,10031.08,none
100073,2024-09-20,18:21:00,2024-09-20 18:21:00,Operations,6000,Vendor Payments,White-Thomas,29461.7,Gerald Freeman,Donald Ferguson,PO941053,INV775526,29461.7,29461.7,29461.7,none
104985,2024-09-21,18:01:00,2024-09-21 18:01:00,IT,5000,Raw Materials Expense,"Smith, Montgomery and Reyes",2713.06,Timothy Johnson,Lawrence Davis,PO257550,INV377448,2713.06,2713.06,2713.06,weekend_posting
101042,2024-09-23,09:18:00,2024-09-23 09:18:00,IT,5100,Office Supplies,Francis-Burke,12493.75,Denise Elliott,James Dennis,PO839797,INV810803,12493.75,12493.75,12493.75,none
102189,2024-09-23,10:42:00,2024-09-23 10:42:00,Procurement,5300,Professional Fees,Stevens-Gibson,14349.1,Timothy Johnson,Jeffrey Hancock,PO357348,INV193562,14349.1,14349.1,14349.1,none
103348,2024-09-23,11:33:00,2024-09-23 11:33:00,Marketing,5300,Professional Fees,"Duncan, Graham and Stark",11208.47,Sean Kelly,Christine Gonzales,PO693101,INV520512,11208.47,11208.47,11208.47,none
102670,2024-09-23,11:42:00,2024-09-23 11:42:00,IT,5500,Utilities,Evans Ltd,4950.75,Dawn Hall,Lawrence Davis,PO206122,INV75315,4950.75,4950.75,4950.75,none
100402,2024-09-23,11:43:00,2024-09-23 11:43:00,Procurement,5500,Utilities,White-Thomas,4636.52,Janice Bush,Lawrence Davis,PO830412,INV331718,4636.52,4636.52,4636.52,none
104933,2024-09-23,11:44:00,2024-09-23 11:44:00,IT,6000,Vendor Payments,Harris PLC,26296.56,Donna Weber,Michael Rivas,PO727173,INV265409,26296.56,26296.56,26296.56,duplicate_payment
104310,2024-09-23,12:35:00,2024-09-23 12:35:00,Marketing,5100,Office Supplies,Rogers Ltd,11679.25,Elizabeth Shea,Kyle King,PO111295,INV357655,11679.25,11679.25,11679.25,none
104352,2024-09-23,13:53:00,2024-09-23 13:53:00,Marketing,5300,Professional Fees,"Duncan, Graham and Stark",14737.03,Alyssa Jackson,Sergio Arroyo,PO954818,INV167630,14737.03,14737.03,14737.03,none
104146,2024-09-23,15:12:00,2024-09-23 15:12:00,Operations,5100,Office Supplies,Harris PLC,3245.86,James Dennis,Elizabeth Shea,PO354005,INV896369,3245.86,3245.86,3245.86,none
100767,2024-09-23,16:26:00,2024-09-23 16:26:00,Operations,6000,Vendor Payments,"Silva, Jones and Oliver",18303.03,Dawn Hall,Taylor Carroll,PO683950,INV924473,18303.03,18303.03,18303.03,none
104795,2024-09-23,17:30:00,2024-09-23 17:30:00,Marketing,5300,Professional Fees,Gross-Morrison,41180.23,Anita Harris,Lawrence Davis,PO683021,INV176278,41180.23,41180.23,41180.23,none
104035,2024-09-23,17:51:00,2024-09-23 17:51:00,Finance,5300,Professional Fees,Schneider-Clark,16282.33,Autumn Reed,Patricia Lopez,PO5511,INV907938,16282.33,16282.33,16282.33,none
103444,2024-09-23,18:49:00,2024-09-23 18:49:00,Procurement,5400,IT & Software,Rogers Ltd,10419.83,Autumn Reed,Sergio Arroyo,PO205457,INV398471,10419.83,10419.83,10419.83,none
104521,2024-09-23,18:51:00,2024-09-23 18:51:00,Sales,5400,IT & Software,"Jefferson, Sullivan and Young",7150.48,Gary Mays,Christine Gonzales,PO374217,INV352183,7150.48,7150.48,7150.48,none
100856,2024-09-23,18:55:00,2024-09-23 18:55:00,Operations,5500,Utilities,Tucker Group,12615.04,Donald Ferguson,Kyle King,PO80437,INV953853,12615.04,12615.04,12615.04,none
104994,2024-09-24,09:10:00,2024-09-24 09:10:00,Operations,5200,Travel & Entertainment,Stewart-Russell,20676.07,Patricia Perry,Sean Kelly,PO361566,INV228794,20676.07,20676.07,20676.07,duplicate_payment
100646,2024-09-24,10:01:00,2024-09-24 10:01:00,Operations,5400,IT & Software,Smith-Parker,17525.16,Michael Macdonald,Janice Bush,PO677168,INV260817,17525.16,17525.16,17525.16,none
103354,2024-09-24,10:05:00,2024-09-24 10:05:00,Marketing,6000,Vendor Payments,Hughes-Nichols,7351.67,Joy Hernandez,Kyle King,PO488980,INV521710,7351.67,7351.67,7351.67,none
104158,2024-09-24,10:17:00,2024-09-24 10:17:00,HR,5200,Travel & Entertainment,Rivera-Charles,13425.21,Gary Mays,Christine Gonzales,PO420862,INV568827,13425.21,13425.21,13425.21,none
103470,2024-09-24,11:29:00,2024-09-24 11:29:00,Procurement,5000,Raw Materials Expense,Tucker Group,14725.52,Janice Bush,Lawrence Davis,PO843550,INV686358,14725.52,14725.52,14725.52,none
102306,2024-09-24,11:45:00,2024-09-24 11:45:00,Procurement,5000,Raw Materials Expense,Tucker Group,17261.76,Denise Elliott,Jeffrey Hancock,PO264514,INV787170,17261.76,17261.76,17261.76,none
102759,2024-09-24,12:40:00,2024-09-24 12:40:00,Procurement,5200,Travel & Entertainment,"Duncan, Graham and Stark",56939.66,Corey Jones,Donna Weber,PO770682,INV987999,56939.66,56939.66,56939.66,none
104732,2024-09-24,13:08:00,2024-09-24 13:08:00,Marketing,5000,Raw Materials Expense,"Cherry, Martin and Compton",11785.71,Autumn Reed,Donald Ferguson,PO804092,INV960499,11785.71,11785.71,11785.71,none
100845,2024-09-24,13:35:00,2024-09-24 13:35:00,IT,5400,IT & Software,Young Inc,36943.47,Gary Mays,Janice Bush,PO160627,INV403583,36943.47,36943.47,36943.47,none
100102,2024-09-24,13:39:00,2024-09-24 13:39:00,Marketing,5300,Professional Fees,Stewart-Russell,18567.03,Denise Elliott,Alyssa Jackson,PO153232,INV810262,18567.03,18567.03,18567.03,none
101084,2024-09-24,14:11:00,2024-09-24 14:11:00,Finance,5100,Office Supplies,Mays-Ortega,10183.65,Alyssa Jackson,Mary Harrison,PO279600,INV778787,10183.65,10183.65,10183.65,none
100633,2024-09-24,14:44:00,2024-09-24 14:44:00,Finance,5200,Travel & Entertainment,Harper-Hernandez,28865.79,Patricia Perry,Sean Kelly,PO274498,INV626827,28865.79,28865.79,28865.79,none
102349,2024-09-24,15:14:00,2024-09-24 15:14:00,Marketing,6000,Vendor Payments,Humphrey-Berg,16129.6,Janice Bush,Kyle King,PO636771,INV780681,16129.6,16129.6,16129.6,none
105000,2024-09-24,15:18:00,2024-09-24 15:18:00,Procurement,5100,Office Supplies,"Silva, Jones and Oliver",2908.18,Tanner Avila,Tanner Avila,PO619144,INV789467,2908.18,2908.18,2908.18,segregation_violation
100550,2024-09-24,15:34:00,2024-09-24 15:34:00,HR,5100,Office Supplies,Larson PLC,15967.73,Lindsey Lewis,Kyle King,PO636712,INV206214,15967.73,15967.73,15967.73,none
103549,2024-09-24,15:37:00,2024-09-24 15:37:00,IT,5500,Utilities,"Jefferson, Sullivan and Young",32318.33,Michael Rivas,Sergio Arroyo,PO55910,INV798291,32318.33,32318.33,32318.33,none
102997,2024-09-24,16:26:00,2024-09-24 16:26:00,Finance,5100,Office Supplies,Stevens-Gibson,21660.17,Denise Elliott,Timothy Johnson,PO275656,INV798326,21660.17,21660.17,21660.17,none
101691,2024-09-24,17:15:00,2024-09-24 17:15:00,HR,6000,Vendor Payments,White-Thomas,4091.73,Michael Macdonald,Anita Harris,PO834711,INV216414,4091.73,4091.73,4091.73,none
100952,2024-09-24,18:05:00,2024-09-24 18:05:00,IT,5500,Utilities,Nichols LLC,5940.65,Gary Stone,Corey Jones,PO796724,INV66341,5940.65,5940.65,5940.65,none
100621,2024-09-24,18:06:00,2024-09-24 18:06:00,IT,5400,IT & Software,Scott-Bailey,10779.73,Sean Kelly,James Dennis,PO26538,INV894849,10779.73,10779.73,10779.73,none
101141,2024-09-24,18:49:00,2024-09-24 18:49:00,Procurement,5400,IT & Software,Pearson PLC,10725.47,Christina Miller,Austin Cohen,PO24651,INV647976,10725.47,10725.47,10725.47,none
100831,2024-09-25,09:20:00,2024-09-25 09:20:00,Marketing,5500,Utilities,"Dixon, Jackson and Benjamin",30403.82,Lindsey Lewis,Elizabeth Boyle,PO91147,INV955361,30403.82,30403.82,30403.82,none
102116,2024-09-25,09:51:00,2024-09-25 09:51:00,HR,6000,Vendor Payments,Lopez Ltd,16812.47,Sean Kelly,Joy Hernandez,PO918615,INV176268,16812.47,16812.47,16812.47,none
103003,2024-09-25,12:21:00,2024-09-25 12:21:00,Operations,5200,Travel & Entertainment,Young Inc,13626.83,Dawn Hall,Anita Harris,PO334460,INV802490,13626.83,13626.83,13626.83,none
102653,2024-09-25,13:18:00,2024-09-25 13:18:00,HR,5500,Utilities,White-Thomas,11299.63,Denise Elliott,James Dennis,PO577767,INV307590,11299.63,11299.63,11299.63,none
102428,2024-09-25,13:28:00,2024-09-25 13:28:00,IT,5400,IT & Software,Gomez Ltd,19526.0,Michael Rivas,Donald Ferguson,PO456142,INV786428,19526.0,19526.0,19526.0,none
102379,2024-09-25,13:37:00,2024-09-25 13:37:00,Finance,5000,Raw Materials Expense,Ballard-Jenkins,22911.63,Autumn Reed,Elizabeth Shea,PO448688,INV711759,22911.63,22911.63,22911.63,none
101528,2024-09-25,13:44:00,2024-09-25 13:44:00,Procurement,6000,Vendor Payments,Gomez Ltd,5128.62,Brittany Jackson,Tanner Avila,PO17300,INV976129,5128.62,5128.62,5128.62,none
104418,2024-09-25,13:50:00,2024-09-25 13:50:00,Operations,5000,Raw Materials Expense,Reyes-Glover,7605.83,Thomas Martin,James Dennis,PO785003,INV230973,7605.83,7605.83,7605.83,none
101065,2024-09-25,14:04:00,2024-09-25 14:04:00,Procurement,5100,Office Supplies,Young Inc,12755.54,Michael Fox,Nicole Clarke,PO530825,INV878184,12755.54,12755.54,12755.54,none
101425,2024-09-25,15:41:00,2024-09-25 15:41:00,Operations,5000,Raw Materials Expense,Jones Inc,14738.03,Nicole Chavez,Tanner Avila,PO475426,INV423199,14738.03,14738.03,14738.03,none
102308,2024-09-25,15:41:00,2024-09-25 15:41:00,Procurement,5300,Professional Fees,Gross-Morrison,16919.66,Sergio Arroyo,Lindsey Lewis,PO588998,INV107172,16919.66,16919.66,16919.66,none
102440,2024-09-25,16:41:00,2024-09-25 16:41:00,Marketing,5300,Professional Fees,Larson PLC,17789.17,Sergio Arroyo,Kyle King,PO3245,INV722084,17789.17,17789.17,17789.17,none
104336,2024-09-25,16:47:00,2024-09-25 16:47:00,Sales,5300,Professional Fees,Jones Inc,8680.02,Leslie Robinson,Janice Bush,PO31720,INV626254,8680.02,8680.02,8680.02,none
102592,2024-09-25,17:05:00,2024-09-25 17:05:00,Procurement,5100,Office Supplies,Galvan Group,20049.01,Janice Bush,Donald Ferguson,PO417897,INV570070,20049.01,20049.01,20049.01,none
100775,2024-09-25,17:19:00,2024-09-25 17:19:00,IT,5500,Utilities,"Martin, Brewer and Young",3147.24,Sean Kelly,Tanner Avila,PO355908,INV322267,3147.24,3147.24,3147.24,none
104770,2024-09-25,17:35:00,2024-09-25 17:35:00,Sales,5400,IT & Software,Lopez Ltd,54642.92,Nicole Clarke,Joy Hernandez,PO529771,INV482135,54642.92,54642.92,54642.92,none
105045,2024-09-26,09:10:00,2024-09-26 09:10:00,Operations,5200,Travel & Entertainment,Stewart-Russell,20676.07,Patricia Perry,Sean Kelly,PO361566,INV228794,20676.07,20676.07,20676.07,duplicate_payment
102463,2024-09-26,11:42:00,2024-09-26 11:42:00,HR,5400,IT & Software,"Cherry, Martin and Compton",5101.12,Christopher Chung,Elizabeth Boyle,PO427034,INV419172,5101.12,5101.12,5101.12,none
104530,2024-09-26,12:09:00,2024-09-26 12:09:00,Sales,5500,Utilities,Galvan Group,20286.24,Autumn Reed,Elizabeth Shea,PO160241,INV160377,20286.24,20286.24,20286.24,none
104797,2024-09-26,12:49:00,2024-09-26 12:49:00,Marketing,6000,Vendor Payments,Miller LLC,34433.83,Patricia Perry,Lawrence Davis,PO573649,INV212897,34433.83,34433.83,34433.83,none
101795,2024-09-26,13:20:00,2024-09-26 13:20:00,Finance,5200,Travel & Entertainment,Miller LLC,2958.46,Janice Bush,Patricia Perry,PO394529,INV730506,2958.46,2958.46,2958.46,none
101491,2024-09-26,13:37:00,2024-09-26 13:37:00,Operations,5100,Office Supplies,"Dixon, Jackson and Benjamin",10950.78,Jeffrey Hancock,Elizabeth Shea,PO955448,INV725440,10950.78,10950.78,10950.78,none
101369,2024-09-26,14:58:00,2024-09-26 14:58:00,Procurement,6000,Vendor Payments,Gross-Morrison,19688.52,Taylor Carroll,Lawrence Davis,PO138159,INV66731,19688.52,19688.52,19688.52,none
104241,2024-09-26,15:02:00,2024-09-26 15:02:00,HR,5300,Professional Fees,Reyes-Glover,27578.37,Austin Cohen,Elizabeth Boyle,PO823315,INV581975,27578.37,27578.37,27578.37,none
100893,2024-09-26,15:33:00,2024-09-26 15:33:00,Procurement,5500,Utilities,"Silva, Jones and Oliver",14480.56,Gary Stone,Christine Gonzales,PO137632,INV674169,14480.56,14480.56,14480.56,none
101162,2024-09-26,15:49:00,2024-09-26 15:49:00,Finance,5100,Office Supplies,Smith-Parker,4782.09,Austin Cohen,Autumn Reed,PO711718,INV857424,4782.09,4782.09,4782.09,none
104853,2024-09-26,15:52:00,2024-09-26 15:52:00,Sales,5000,Raw Materials Expense,Harris PLC,13529.05,Gary Mays,Michael Fox,PO465901,INV555124,13529.05,13529.05,13529.05,duplicate_payment
104839,2024-09-26,15:54:00,2024-09-26 15:54:00,IT,5500,Utilities,Lopez Ltd,25000.0,Leslie Robinson,Christine Gonzales,PO362977,INV611822,25000.0,25000.0,25000.0,round_number
104694,2024-09-26,16:19:00,2024-09-26 16:19:00,Finance,5000,Raw Materials Expense,"Smith, Montgomery and Reyes",2712.35,Donna Weber,Leslie Robinson,PO636987,INV594148,2712.35,2712.35,2712.35,none
100341,2024-09-26,16:33:00,2024-09-26 16:33:00,Sales,5500,Utilities,Torres-Mendoza,14586.21,Taylor Carroll,Donald Ferguson,PO654677,INV798850,14586.21,14586.21,14586.21,none
102630,2024-09-26,16:46:00,2024-09-26 16:46:00,Procurement,5000,Raw Materials Expense,Jones Inc,22765.18,Taylor Carroll,Anita Harris,PO569937,INV328088,22765.18,22765.18,22765.18,none
101194,2024-09-26,17:05:00,2024-09-26 17:05:00,IT,5100,Office Supplies,Willis Group,6976.55,Denise Elliott,Christina Miller,PO485756,INV964944,6976.55,6976.55,6976.55,none
103847,2024-09-26,17:41:00,2024-09-26 17:41:00,HR,5400,IT & Software,Lopez Ltd,15951.26,Elizabeth Shea,James Dennis,PO321831,INV629330,15951.26,15951.26,15951.26,none
101333,2024-09-26,18:56:00,2024-09-26 18:56:00,Sales,5200,Travel & Entertainment,Stevens-Gibson,2410.87,Dawn Hall,Gerald Freeman,PO994750,INV799667,2410.87,2410.87,2410.87,none
102194,2024-09-27,09:12:00,2024-09-27 09:12:00,Finance,5300,Professional Fees,"Flores, Hood and Brown",32098.51,Patricia Perry,Lindsey Lewis,PO474147,INV765266,32098.51,32098.51,32098.51,none
100387,2024-09-27,09:14:00,2024-09-27 09:14:00,Operations,5500,Utilities,"Flores, Hood and Brown",3939.55,Christopher Chung,Timothy Johnson,PO85868,INV811666,3939.55,3939.55,3939.55,none
101256,2024-09-27,10:44:00,2024-09-27 10:44:00,Operations,5500,Utilities,Jones Ltd,3760.02,Elizabeth Shea,Joy Hernandez,PO577897,INV549685,3760.02,3760.02,3760.02,none
101768,2024-09-27,12:05:00,2024-09-27 12:05:00,Operations,5300,Professional Fees,Hopkins Inc,8417.56,Patricia Perry,James Dennis,PO769886,INV805167,8417.56,8417.56,8417.56,none
102542,2024-09-27,13:22:00,2024-09-27 13:22:00,Operations,5100,Office Supplies,Davidson-Frank,32110.07,Brittany Jackson,Leslie Robinson,PO275692,INV135288,32110.07,32110.07,32110.07,none
102216,2024-09-27,13:35:00,2024-09-27 13:35:00,Marketing,5300,Professional Fees,Rivera-Charles,21502.21,Lawrence Davis,Mary Harrison,PO981923,INV481855,21502.21,21502.21,21502.21,none
103352,2024-09-27,13:58:00,2024-09-27 13:58:00,Procurement,5300,Professional Fees,Rogers Ltd,3533.75,Christopher Chung,Taylor Carroll,PO504869,INV451803,3533.75,3533.75,3533.75,none
104592,2024-09-27,14:20:00,2024-09-27 14:20:00,HR,5300,Professional Fees,"Smith, Montgomery and Reyes",27573.84,Taylor Carroll,Patricia Lopez,PO168725,INV713769,27573.84,27573.84,27573.84,none
102835,2024-09-27,14:28:00,2024-09-27 14:28:00,Procurement,5400,IT & Software,Mora-Lynn,11201.37,Patricia Lopez,Dawn Hall,PO461308,INV792989,11201.37,11201.37,11201.37,none
102676,2024-09-27,14:36:00,2024-09-27 14:36:00,Marketing,5300,Professional Fees,Jones Inc,14630.49,Denise Elliott,Gary Mays,PO862664,INV101676,14630.49,14630.49,14630.49,none
104773,2024-09-27,14:59:00,2024-09-27 14:59:00,Operations,5500,Utilities,Galvan Group,24827.93,Christine Gonzales,Donald Ferguson,PO685246,INV382401,24827.93,24827.93,24827.93,none
100244,2024-09-27,15:10:00,2024-09-27 15:10:00,Operations,6000,Vendor Payments,Powers Group,37126.33,Brittany Jackson,Joy Hernandez,PO732221,INV439379,37126.33,37126.33,37126.33,none
102619,2024-09-27,15:13:00,2024-09-27 15:13:00,Operations,6000,Vendor Payments,Stewart-Russell,19942.21,Elizabeth Shea,Brittany Jackson,PO684131,INV383020,19942.21,19942.21,19942.21,none
102439,2024-09-27,16:43:00,2024-09-27 16:43:00,Operations,5100,Office Supplies,Rogers Ltd,26182.24,Patricia Perry,Corey Jones,PO779552,INV858991,26182.24,26182.24,26182.24,none
102969,2024-09-27,16:50:00,2024-09-27 16:50:00,HR,5500,Utilities,Smith-Parker,9394.68,Austin Cohen,Nicole Clarke,PO516447,INV352986,9394.68,9394.68,9394.68,none
103492,2024-09-27,17:17:00,2024-09-27 17:17:00,Finance,5400,IT & Software,"Silva, Jones and Oliver",21147.88,Christina Miller,Patricia Lopez,PO153065,INV90773,21147.88,21147.88,21147.88,none
103355,2024-09-27,17:21:00,2024-09-27 17:21:00,Sales,5500,Utilities,Young Inc,4245.09,Thomas Martin,James Dennis,PO146663,INV47106,4245.09,4245.09,4245.09,none
103187,2024-09-27,18:25:00,2024-09-27 18:25:00,Marketing,5300,Professional Fees,"Duncan, Graham and Stark",19912.66,Kyle King,Christine Gonzales,PO97756,INV476282,19912.66,19912.66,19912.66,none
105031,2024-09-28,11:44:00,2024-09-28 11:44:00,IT,6000,Vendor Payments,Harris PLC,26296.56,Donna Weber,Michael Rivas,PO727173,INV265409,26296.56,26296.56,26296.56,duplicate_payment
104852,2024-09-28,17:08:00,2024-09-28 17:08:00,HR,5000,Raw Materials Expense,Francis-Burke,6734.64,Anita Harris,Michael Macdonald,PO603441,INV120990,6734.64,6734.64,6734.64,weekend_posting
101202,2024-09-30,09:00:00,2024-09-30 09:00:00,HR,5200,Travel & Entertainment,"Silva, Jones and Oliver",20462.34,Jeffrey Hancock,Alyssa Jackson,PO885013,INV253815,20462.34,20462.34,20462.34,none
104022,2024-09-30,10:18:00,2024-09-30 10:18:00,Operations,5500,Utilities,Stevens-Gibson,27837.95,Gary Mays,Patricia Perry,PO768317,INV840100,27837.95,27837.95,27837.95,none
102434,2024-09-30,11:15:00,2024-09-30 11:15:00,Marketing,5200,Travel & Entertainment,Scott-Bailey,5617.12,Patricia Lopez,Denise Elliott,PO47213,INV303956,5617.12,5617.12,5617.12,none
100114,2024-09-30,11:17:00,2024-09-30 11:17:00,Sales,5200,Travel & Entertainment,"White, Tucker and Wolf",22650.5,Michael Fox,Autumn Reed,PO945974,INV977227,22650.5,22650.5,22650.5,none
101148,2024-09-30,12:54:00,2024-09-30 12:54:00,Finance,5500,Utilities,"Smith, Montgomery and Reyes",15934.33,Dawn Hall,Austin Cohen,PO229107,INV973011,15934.33,15934.33,15934.33,none
103777,2024-09-30,13:01:00,2024-09-30 13:01:00,Procurement,5100,Office Supplies,Pearson PLC,18943.14,Brittany Jackson,Nicole Chavez,PO530258,INV853366,18943.14,18943.14,18943.14,none
103982,2024-09-30,13:13:00,2024-09-30 13:13:00,Procurement,6000,Vendor Payments,Rivera-Charles,37208.36,Austin Cohen,James Dennis,PO690405,INV73822,37208.36,37208.36,37208.36,none
104973,2024-09-30,13:26:00,2024-09-30 13:26:00,Procurement,5500,Utilities,Nichols LLC,19550.53,Dawn Hall,Alyssa Jackson,PO476173,INV743470,19550.53,19550.53,19550.53,duplicate_payment
103217,2024-09-30,13:45:00,2024-09-30 13:45:00,Procurement,6000,Vendor Payments,"Nelson, Duncan and Smith",11277.29,Christopher Chung,Kyle King,PO1423,INV93249,11277.29,11277.29,11277.29,none
104578,2024-09-30,14:56:00,2024-09-30 14:56:00,Sales,5200,Travel & Entertainment,Cowan-Powers,3870.31,Nicole Clarke,Michael Fox,PO423003,INV27468,3870.31,3870.31,3870.31,none
103863,2024-09-30,15:01:00,2024-09-30 15:01:00,Marketing,6000,Vendor Payments,Raymond-Lucas,20875.86,Leslie Robinson,Sergio Arroyo,PO757411,INV731800,20875.86,20875.86,20875.86,none
101285,2024-09-30,18:04:00,2024-09-30 18:04:00,Marketing,5400,IT & Software,Powers Group,10247.86,Donna Weber,Patricia Lopez,PO759965,INV176801,10247.86,10247.86,10247.86,none
101776,2024-09-30,18:15:00,2024-09-30 18:15:00,Marketing,6000,Vendor Payments,Hughes-Nichols,19057.6,Patricia Perry,Nicole Chavez,PO195335,INV800607,19057.6,19057.6,19057.6,none
103154,2024-09-30,18:30:00,2024-09-30 18:30:00,Marketing,5000,Raw Materials Expense,Jones Ltd,21216.39,Christopher Chung,Timothy Johnson,PO162639,INV906604,21216.39,21216.39,21216.39,none
102915,2024-10-01,09:06:00,2024-10-01 09:06:00,HR,5500,Utilities,"Dixon, Jackson and Benjamin",3682.65,Lindsey Lewis,Autumn Reed,PO837783,INV553823,3682.65,3682.65,3682.65,none
100906,2024-10-01,09:13:00,2024-10-01 09:13:00,HR,5200,Travel & Entertainment,Smith-Parker,38636.07,Elizabeth Boyle,Sean Kelly,PO297907,INV308637,38636.07,38636.07,38636.07,none
102365,2024-10-01,09:16:00,2024-10-01 09:16:00,Sales,5300,Professional Fees,Cowan-Powers,26620.1,Sean Kelly,Brittany Jackson,PO734049,INV658398,26620.1,26620.1,26620.1,none
101661,2024-10-01,09:33:00,2024-10-01 09:33:00,Finance,5000,Raw Materials Expense,Raymond-Lucas,14649.66,Taylor Carroll,Thomas Martin,PO660548,INV185947,14649.66,14649.66,14649.66,none
100740,2024-10-01,09:44:00,2024-10-01 09:44:00,IT,5100,Office Supplies,Stevens-Gibson,24188.01,Elizabeth Boyle,Tanner Avila,PO753306,INV589353,24188.01,24188.01,24188.01,none
100301,2024-10-01,09:54:00,2024-10-01 09:54:00,Operations,5400,IT & Software,"Cherry, Martin and Compton",8719.54,Corey Jones,Patricia Perry,PO77808,INV718107,8719.54,8719.54,8719.54,none
100007,2024-10-01,10:59:00,2024-10-01 10:59:00,Finance,5400,IT & Software,Murphy Inc,9548.62,Donna Weber,Corey Jones,PO17223,INV458865,9548.62,9548.62,9548.62,none
100364,2024-10-01,12:03:00,2024-10-01 12:03:00,IT,5000,Raw Materials Expense,"Robles, Moses and Morgan",28627.44,Alyssa Jackson,Dawn Hall,PO916610,INV458932,28627.44,28627.44,28627.44,none
101124,2024-10-01,12:18:00,2024-10-01 12:18:00,Finance,5300,Professional Fees,Raymond-Lucas,24365.84,Nicole Clarke,Nicole Chavez,PO66228,INV275075,24365.84,24365.84,24365.84,none
101578,2024-10-01,12:24:00,2024-10-01 12:24:00,Operations,5400,IT & Software,Galvan Group,17125.51,Nicole Clarke,Janice Bush,PO339003,INV316635,17125.51,17125.51,17125.51,none
103679,2024-10-01,12:56:00,2024-10-01 12:56:00,Finance,5100,Office Supplies,"Jefferson, Sullivan and Young",10582.65,Gary Mays,Taylor Carroll,PO148443,INV480271,10582.65,10582.65,10582.65,none
102207,2024-10-01,13:18:00,2024-10-01 13:18:00,Sales,5500,Utilities,Murphy Inc,14129.41,Kyle King,Patricia Perry,PO792436,INV379782,14129.41,14129.41,14129.41,none
103850,2024-10-01,13:25:00,2024-10-01 13:25:00,Finance,5300,Professional Fees,Pearson PLC,24319.1,Sean Kelly,Mary Harrison,PO405744,INV516619,24319.1,24319.1,24319.1,none
104059,2024-10-01,13:30:00,2024-10-01 13:30:00,Sales,5100,Office Supplies,Larson PLC,11586.5,Denise Elliott,Michael Fox,PO489255,INV711103,11586.5,11586.5,11586.5,none
101336,2024-10-01,13:50:00,2024-10-01 13:50:00,Procurement,6000,Vendor Payments,Davidson-Frank,3766.21,Timothy Johnson,Leslie Robinson,PO585243,INV345586,3766.21,3766.21,3766.21,none
102223,2024-10-01,14:14:00,2024-10-01 14:14:00,Operations,5300,Professional Fees,Becker-Martinez,2394.92,Denise Elliott,Corey Jones,PO985038,INV250208,2394.92,2394.92,2394.92,none
100501,2024-10-01,14:49:00,2024-10-01 14:49:00,Operations,5300,Professional Fees,"Yang, Weber and Nielsen",42281.68,Michael Macdonald,Austin Cohen,PO846791,INV743434,42281.68,42281.68,42281.68,none
100659,2024-10-01,15:05:00,2024-10-01 15:05:00,Marketing,5400,IT & Software,Hughes-Nichols,38997.99,Michael Macdonald,Janice Bush,PO308655,INV21329,38997.99,38997.99,38997.99,none
103939,2024-10-01,15:18:00,2024-10-01 15:18:00,Procurement,5500,Utilities,Tucker Group,12016.68,Timothy Johnson,Elizabeth Shea,PO807363,INV195144,12016.68,12016.68,12016.68,none
101365,2024-10-01,15:30:00,2024-10-01 15:30:00,Operations,5300,Professional Fees,Hughes-Nichols,13151.48,Austin Cohen,Denise Elliott,PO894307,INV42548,13151.48,13151.48,13151.48,none
102000,2024-10-01,17:25:00,2024-10-01 17:25:00,Procurement,5500,Utilities,"Cherry, Martin and Compton",15016.98,Elizabeth Boyle,Joy Hernandez,PO774268,INV712308,15016.98,15016.98,15016.98,none
100475,2024-10-01,17:39:00,2024-10-01 17:39:00,Operations,5300,Professional Fees,"Smith, Montgomery and Reyes",5919.04,Kyle King,Donald Ferguson,PO724171,INV882584,5919.04,5919.04,5919.04,none
102390,2024-10-01,18:20:00,2024-10-01 18:20:00,Finance,5300,Professional Fees,Willis Group,22181.03,Christopher Chung,Michael Fox,PO202856,INV306652,22181.03,22181.03,22181.03,none
104179,2024-10-01,18:59:00,2024-10-01 18:59:00,HR,5300,Professional Fees,Mays-Ortega,8831.06,Leslie Robinson,Autumn Reed,PO470187,INV782861,8831.06,8831.06,8831.06,none
103243,2024-10-02,09:02:00,2024-10-02 09:02:00,Procurement,5100,Office Supplies,Young Inc,7847.53,Jeffrey Hancock,Lawrence Davis,PO908063,INV837315,7847.53,7847.53,7847.53,none
103590,2024-10-02,09:22:00,2024-10-02 09:22:00,Sales,5400,IT & Software,Mora-Lynn,27012.78,Elizabeth Shea,Autumn Reed,PO218300,INV479562,27012.78,27012.78,27012.78,none
103361,2024-10-02,09:48:00,2024-10-02 09:48:00,Marketing,5200,Travel & Entertainment,Reyes-Glover,16752.99,Elizabeth Boyle,Joy Hernandez,PO472456,INV358037,16752.99,16752.99,16752.99,none
103921,2024-10-02,09:55:00,2024-10-02 09:55:00,IT,5300,Professional Fees,"Cherry, Martin and Compton",11687.64,Alyssa Jackson,Anita Harris,PO22184,INV606586,11687.64,11687.64,11687.64,none
103000,2024-10-02,10:13:00,2024-10-02 10:13:00,IT,5400,IT & Software,"Robles, Moses and Morgan",25865.46,Denise Elliott,Nicole Clarke,PO200986,INV557857,25865.46,25865.46,25865.46,none
103685,2024-10-02,10:26:00,2024-10-02 10:26:00,Procurement,5500,Utilities,Lopez Ltd,8325.93,Nicole Chavez,Corey Jones,PO566783,INV4193,8325.93,8325.93,8325.93,none
102184,2024-10-02,10:51:00,2024-10-02 10:51:00,Marketing,5300,Professional Fees,"Jefferson, Sullivan and Young",6939.71,Mary Harrison,Donna Weber,PO998631,INV571766,6939.71,6939.71,6939.71,none
101831,2024-10-02,12:49:00,2024-10-02 12:49:00,Marketing,5300,Professional Fees,"Gardner, Perry and Cruz",28073.56,Sean Kelly,Elizabeth Shea,PO179558,INV46932,28073.56,28073.56,28073.56,none
103767,2024-10-02,13:35:00,2024-10-02 13:35:00,Operations,5300,Professional Fees,Jones Inc,6919.86,Jeffrey Hancock,Christine Gonzales,PO573295,INV56117,6919.86,6919.86,6919.86,none
100667,2024-10-02,15:41:00,2024-10-02 15:41:00,IT,5300,Professional Fees,Harper-Hernandez,23307.76,Jeffrey Hancock,James Dennis,PO918509,INV673799,23307.76,23307.76,23307.76,none
104378,2024-10-02,16:08:00,2024-10-02 16:08:00,IT,5500,Utilities,"Morton, Reynolds and Anderson",29084.76,Dawn Hall,Taylor Carroll,PO205301,INV401783,29084.76,29084.76,29084.76,none
102751,2024-10-02,16:17:00,2024-10-02 16:17:00,Marketing,5400,IT & Software,Ballard-Jenkins,1809.9,Michael Macdonald,Anita Harris,PO708888,INV343482,1809.9,1809.9,1809.9,none
101902,2024-10-02,16:21:00,2024-10-02 16:21:00,Procurement,5000,Raw Materials Expense,"Morton, Reynolds and Anderson",4462.96,Leslie Robinson,Gary Mays,PO687354,INV884878,4462.96,4462.96,4462.96,none
100677,2024-10-02,17:05:00,2024-10-02 17:05:00,Procurement,5000,Raw Materials Expense,Rogers Ltd,14951.53,Sean Kelly,Mary Harrison,PO353997,INV745339,14951.53,14951.53,14951.53,none
101481,2024-10-02,17:13:00,2024-10-02 17:13:00,IT,5200,Travel & Entertainment,Nichols LLC,6241.39,Christine Gonzales,Mary Harrison,PO216253,INV316403,6241.39,6241.39,6241.39,none
104155,2024-10-03,09:13:00,2024-10-03 09:13:00,Procurement,5300,Professional Fees,"Howard, Tucker and Flores",7584.55,Joy Hernandez,Lindsey Lewis,PO715512,INV947259,7584.55,7584.55,7584.55,none
102862,2024-10-03,09:26:00,2024-10-03 09:26:00,Procurement,5400,IT & Software,"White, Tucker and Wolf",5970.01,Lindsey Lewis,Thomas Martin,PO865757,INV396257,5970.01,5970.01,5970.01,none
100748,2024-10-03,09:32:00,2024-10-03 09:32:00,HR,5100,Office Supplies,Gomez Ltd,2068.05,Joy Hernandez,Tanner Avila,PO401052,INV832943,2068.05,2068.05,2068.05,none
101265,2024-10-03,09:42:00,2024-10-03 09:42:00,HR,5300,Professional Fees,"Dixon, Jackson and Benjamin",17756.11,James Dennis,Michael Macdonald,PO546864,INV365438,17756.11,17756.11,17756.11,none
100083,2024-10-03,10:08:00,2024-10-03 10:08:00,Finance,5100,Office Supplies,Cowan-Powers,7269.61,Christopher Chung,Elizabeth Boyle,PO170571,INV311457,7269.61,7269.61,7269.61,none
104673,2024-10-03,11:18:00,2024-10-03 11:18:00,Operations,5100,Office Supplies,"White, Tucker and Wolf",23281.9,Donna Weber,Tanner Avila,PO419774,INV813616,23281.9,23281.9,23281.9,none
100031,2024-10-03,11:46:00,2024-10-03 11:46:00,Sales,5200,Travel & Entertainment,Schneider-Clark,17468.35,Nicole Clarke,Gary Mays,PO871021,INV259668,17468.35,17468.35,17468.35,none
102345,2024-10-03,11:54:00,2024-10-03 11:54:00,Procurement,5200,Travel & Entertainment,Ballard-Jenkins,8621.77,Denise Elliott,Mary Harrison,PO276214,INV91547,8621.77,8621.77,8621.77,none
102344,2024-10-03,11:56:00,2024-10-03 11:56:00,Sales,5200,Travel & Entertainment,"Robles, Moses and Morgan",13041.58,Christine Gonzales,Corey Jones,PO668328,INV788442,13041.58,13041.58,13041.58,none
101243,2024-10-03,13:13:00,2024-10-03 13:13:00,HR,5200,Travel & Entertainment,"Dixon, Jackson and Benjamin",27180.5,Elizabeth Shea,Sergio Arroyo,PO750507,INV738333,27180.5,27180.5,27180.5,none
102641,2024-10-03,13:14:00,2024-10-03 13:14:00,Procurement,6000,Vendor Payments,Nichols LLC,16928.39,Sean Kelly,Patricia Perry,PO879666,INV195881,16928.39,16928.39,16928.39,none
103437,2024-10-03,13:32:00,2024-10-03 13:32:00,Sales,6000,Vendor Payments,"Yang, Weber and Nielsen",30451.06,James Dennis,Patricia Perry,PO137395,INV364967,30451.06,30451.06,30451.06,none
101774,2024-10-03,14:01:00,2024-10-03 14:01:00,Procurement,5000,Raw Materials Expense,Francis-Burke,7992.34,James Dennis,Lindsey Lewis,PO584794,INV660314,7992.34,7992.34,7992.34,none
103261,2024-10-03,14:12:00,2024-10-03 14:12:00,Procurement,5200,Travel & Entertainment,"Robles, Moses and Morgan",28052.99,Leslie Robinson,Gerald Freeman,PO435748,INV628049,28052.99,28052.99,28052.99,none
104118,2024-10-03,14:37:00,2024-10-03 14:37:00,Sales,5100,Office Supplies,Hopkins Inc,26218.6,Nicole Clarke,Austin Cohen,PO226168,INV665173,26218.6,26218.6,26218.6,none
104688,2024-10-03,16:36:00,2024-10-03 16:36:00,Sales,5400,IT & Software,Miller LLC,9848.36,Sean Kelly,Elizabeth Shea,PO713276,INV902337,9848.36,9848.36,9848.36,none
103867,2024-10-03,18:47:00,2024-10-03 18:47:00,Sales,5000,Raw Materials Expense,Stevens-Gibson,13780.66,Christopher Chung,Lindsey Lewis,PO72482,INV746276,13780.66,13780.66,13780.66,none
100648,2024-10-04,09:22:00,2024-10-04 09:22:00,IT,5200,Travel & Entertainment,Lopez Ltd,19087.34,Lindsey Lewis,Michael Fox,PO355161,INV509829,19087.34,19087.34,19087.34,none
100376,2024-10-04,09:33:00,2024-10-04 09:33:00,Sales,5500,Utilities,Galvan Group,11244.6,Nicole Clarke,Patricia Lopez,PO850432,INV337356,11244.6,11244.6,11244.6,none
100040,2024-10-04,09:47:00,2024-10-04 09:47:00,Sales,5200,Travel & Entertainment,Young Inc,12006.3,Lindsey Lewis,Taylor Carroll,PO613703,INV405809,12006.3,12006.3,12006.3,none
100440,2024-10-04,09:48:00,2024-10-04 09:48:00,Procurement,5400,IT & Software,"Mills, Crane and Kim",41758.46,Gary Stone,Janice Bush,PO658677,INV839938,41758.46,41758.46,41758.46,none
100745,2024-10-04,09:54:00,2024-10-04 09:54:00,Procurement,5500,Utilities,Schneider-Clark,14427.01,Nicole Clarke,Autumn Reed,PO83157,INV306291,14427.01,14427.01,14427.01,none
102889,2024-10-04,09:55:00,2024-10-04 09:55:00,HR,5400,IT & Software,Torres-Mendoza,21042.61,Sergio Arroyo,Donna Weber,PO205214,INV726007,21042.61,21042.61,21042.61,none
103236,2024-10-04,10:09:00,2024-10-04 10:09:00,Operations,5000,Raw Materials Expense,"Cherry, Martin and Compton",1529.88,Kyle King,Christine Gonzales,PO158267,INV888341,1529.88,1529.88,1529.88,none
102537,2024-10-04,10:16:00,2024-10-04 10:16:00,Operations,5000,Raw Materials Expense,Smith-Wise,9627.15,Dawn Hall,Michael Macdonald,PO139097,INV855165,9627.15,9627.15,9627.15,none
104806,2024-10-04,10:54:00,2024-10-04 10:54:00,Procurement,5300,Professional Fees,Gross-Morrison,15916.28,Tanner Avila,Patricia Lopez,PO818467,INV691707,15916.28,15916.28,15916.28,duplicate_payment
102195,2024-10-04,11:41:00,2024-10-04 11:41:00,Procurement,5200,Travel & Entertainment,White-Thomas,17754.7,Timothy Johnson,Sean Kelly,PO378247,INV801908,17754.7,17754.7,17754.7,none
101906,2024-10-04,12:04:00,2024-10-04 12:04:00,Marketing,5300,Professional Fees,"Robles, Moses and Morgan",12714.51,Michael Rivas,Sean Kelly,PO890809,INV383787,12714.51,12714.51,12714.51,none
102225,2024-10-04,12:25:00,2024-10-04 12:25:00,Finance,5100,Office Supplies,"Brown, Baker and Alvarado",7283.4,Anita Harris,Michael Macdonald,PO249919,INV415490,7283.4,7283.4,7283.4,none
104345,2024-10-04,12:31:00,2024-10-04 12:31:00,Marketing,5100,Office Supplies,Rogers Ltd,5870.99,Thomas Martin,Patricia Perry,PO784126,INV547050,5870.99,5870.99,5870.99,none
100521,2024-10-04,13:11:00,2024-10-04 13:11:00,HR,5100,Office Supplies,Smith-Parker,50977.86,Leslie Robinson,Christina Miller,PO68196,INV903637,50977.86,50977.86,50977.86,none
103809,2024-10-04,13:15:00,2024-10-04 13:15:00,IT,5500,Utilities,Smith-Wise,19039.6,Corey Jones,Donald Ferguson,PO598859,INV540326,19039.6,19039.6,19039.6,none
105040,2024-10-04,13:26:00,2024-10-04 13:26:00,Procurement,5500,Utilities,Nichols LLC,19550.53,Dawn Hall,Alyssa Jackson,PO476173,INV743470,19550.53,19550.53,19550.53,duplicate_payment
103314,2024-10-04,13:43:00,2024-10-04 13:43:00,Finance,5300,Professional Fees,White-Thomas,8320.99,Brittany Jackson,Michael Fox,PO797393,INV603958,8320.99,8320.99,8320.99,none
102713,2024-10-04,13:50:00,2024-10-04 13:50:00,IT,5200,Travel & Entertainment,"Decker, Eaton and Arnold",5115.99,Tanner Avila,Mary Harrison,PO650047,INV954826,5115.99,5115.99,5115.99,none
102963,2024-10-04,14:06:00,2024-10-04 14:06:00,Marketing,5100,Office Supplies,Powers Group,3082.91,Autumn Reed,Anita Harris,PO911634,INV104317,3082.91,3082.91,3082.91,none
100804,2024-10-04,14:29:00,2024-10-04 14:29:00,HR,5100,Office Supplies,"Hernandez, Hopkins and Houston",6908.43,Patricia Perry,Michael Rivas,PO702966,INV225120,6908.43,6908.43,6908.43,none
101109,2024-10-04,14:51:00,2024-10-04 14:51:00,IT,5300,Professional Fees,Francis-Burke,19906.47,Christina Miller,Michael Rivas,PO390908,INV208059,19906.47,19906.47,19906.47,none
103795,2024-10-04,15:01:00,2024-10-04 15:01:00,Marketing,5300,Professional Fees,Harper-Hernandez,28637.75,Elizabeth Shea,Elizabeth Boyle,PO391879,INV164574,28637.75,28637.75,28637.75,none
104373,2024-10-04,15:14:00,2024-10-04 15:14:00,Sales,5300,Professional Fees,Stevens-Gibson,57663.46,Donna Weber,Elizabeth Shea,PO667832,INV220210,57663.46,57663.46,57663.46,none
101989,2024-10-04,15:30:00,2024-10-04 15:30:00,Operations,5400,IT & Software,Harris PLC,54582.27,Taylor Carroll,Christopher Chung,PO200714,INV93856,54582.27,54582.27,54582.27,none
101634,2024-10-04,15:33:00,2024-10-04 15:33:00,Operations,5300,Professional Fees,Harris PLC,11961.02,Christine Gonzales,Dawn Hall,PO114956,INV803263,11961.02,11961.02,11961.02,none
100549,2024-10-04,15:48:00,2024-10-04 15:48:00,IT,5500,Utilities,Jones Inc,32810.74,Donald Ferguson,Dawn Hall,PO976307,INV770526,32810.74,32810.74,32810.74,none
103609,2024-10-04,16:31:00,2024-10-04 16:31:00,Procurement,5400,IT & Software,"White, Tucker and Wolf",13410.95,Autumn Reed,Elizabeth Boyle,PO558280,INV611807,13410.95,13410.95,13410.95,none
104869,2024-10-05,09:23:00,2024-10-05 09:23:00,Finance,5400,IT & Software,Powers Group,20931.23,Gerald Freeman,Autumn Reed,PO71581,INV386217,20931.23,20931.23,20931.23,weekend_posting
104872,2024-10-05,14:09:00,2024-10-05 14:09:00,Sales,5000,Raw Materials Expense,Hughes-Nichols,18852.19,Alyssa Jackson,Patricia Perry,PO967496,INV560132,18852.19,18852.19,18852.19,weekend_posting
105012,2024-10-06,15:52:00,2024-10-06 15:52:00,Sales,5000,Raw Materials Expense,Harris PLC,13529.05,Gary Mays,Michael Fox,PO465901,INV555124,13529.05,13529.05,13529.05,duplicate_payment
103971,2024-10-07,09:09:00,2024-10-07 09:09:00,Marketing,5300,Professional Fees,Harper-Hernandez,19043.83,Lindsey Lewis,Tanner Avila,PO213931,INV899949,19043.83,19043.83,19043.83,none
104114,2024-10-07,09:26:00,2024-10-07 09:26:00,Procurement,6000,Vendor Payments,"Smith, Montgomery and Reyes",4977.47,Elizabeth Boyle,Nicole Clarke,PO575328,INV748052,4977.47,4977.47,4977.47,none
100971,2024-10-07,09:43:00,2024-10-07 09:43:00,Sales,5400,IT & Software,"Duncan, Graham and Stark",43253.97,Patricia Lopez,Christopher Chung,PO122597,INV877395,43253.97,43253.97,43253.97,none
104484,2024-10-07,09:46:00,2024-10-07 09:46:00,Finance,5400,IT & Software,Torres-Mendoza,16953.43,Sean Kelly,Donald Ferguson,PO257158,INV68067,16953.43,16953.43,16953.43,none
104368,2024-10-07,10:09:00,2024-10-07 10:09:00,Finance,5500,Utilities,Harris PLC,17343.0,Lawrence Davis,Mary Harrison,PO889564,INV347158,17343.0,17343.0,17343.0,none
104977,2024-10-07,10:45:00,2024-10-07 10:45:00,Finance,5400,IT & Software,Mays-Ortega,191313.26,Gerald Freeman,Denise Elliott,PO945478,INV750237,191313.26,191313.26,191313.26,unusual_amount
102541,2024-10-07,12:03:00,2024-10-07 12:03:00,Finance,5400,IT & Software,"Flores, Hood and Brown",11167.38,Leslie Robinson,Christina Miller,PO472530,INV391949,11167.38,11167.38,11167.38,none
104000,2024-10-07,12:20:00,2024-10-07 12:20:00,IT,5500,Utilities,"Robles, Moses and Morgan",7578.01,Michael Macdonald,Leslie Robinson,PO834034,INV740570,7578.01,7578.01,7578.01,none
104781,2024-10-07,12:26:00,2024-10-07 12:26:00,IT,5200,Travel & Entertainment,"Howard, Tucker and Flores",14920.66,Patricia Perry,Mary Harrison,PO380915,INV894872,14920.66,14920.66,14920.66,none
104889,2024-10-07,12:29:00,2024-10-07 12:29:00,IT,6000,Vendor Payments,Larson PLC,50000.0,Lindsey Lewis,Anita Harris,PO630773,INV15392,50000.0,50000.0,50000.0,round_number
100751,2024-10-07,13:15:00,2024-10-07 13:15:00,Finance,5400,IT & Software,"Silva, Jones and Oliver",11748.16,Michael Rivas,Patricia Lopez,PO345843,INV940835,11748.16,11748.16,11748.16,none
100886,2024-10-07,13:39:00,2024-10-07 13:39:00,Procurement,5400,IT & Software,Evans Ltd,23833.75,Autumn Reed,Michael Rivas,PO385803,INV782135,23833.75,23833.75,23833.75,none
104043,2024-10-07,13:52:00,2024-10-07 13:52:00,HR,5500,Utilities,Mora-Lynn,4074.7,Patricia Lopez,Kyle King,PO482690,INV603636,4074.7,4074.7,4074.7,none
103955,2024-10-07,14:00:00,2024-10-07 14:00:00,Procurement,5200,Travel & Entertainment,Evans Ltd,13250.55,Donna Weber,Thomas Martin,PO742146,INV764069,13250.55,13250.55,13250.55,none
101261,2024-10-07,14:04:00,2024-10-07 14:04:00,Finance,5100,Office Supplies,"White, Tucker and Wolf",31102.0,Nicole Clarke,Autumn Reed,PO161861,INV493117,31102.0,31102.0,31102.0,none
104001,2024-10-07,14:32:00,2024-10-07 14:32:00,Finance,5100,Office Supplies,Schneider-Clark,22725.45,Patricia Perry,Tanner Avila,PO147716,INV85254,22725.45,22725.45,22725.45,none
102229,2024-10-07,15:23:00,2024-10-07 15:23:00,IT,5100,Office Supplies,Smith-Parker,5127.91,Leslie Robinson,Brittany Jackson,PO477521,INV806726,5127.91,5127.91,5127.91,none
103056,2024-10-07,15:38:00,2024-10-07 15:38:00,Marketing,6000,Vendor Payments,"Smith, Montgomery and Reyes",6800.43,Taylor Carroll,Gary Mays,PO972161,INV463925,6800.43,6800.43,6800.43,none
104116,2024-10-07,16:01:00,2024-10-07 16:01:00,Procurement,5500,Utilities,"Mills, Crane and Kim",10767.51,Kyle King,Nicole Clarke,PO563797,INV92111,10767.51,10767.51,10767.51,none
102431,2024-10-07,16:27:00,2024-10-07 16:27:00,IT,6000,Vendor Payments,"Flores, Hood and Brown",24631.85,Patricia Lopez,Michael Fox,PO884551,INV463742,24631.85,24631.85,24631.85,none
100080,2024-10-07,16:57:00,2024-10-07 16:57:00,Operations,5400,IT & Software,Mays-Ortega,14554.06,Christina Miller,Tanner Avila,PO830230,INV264645,14554.06,14554.06,14554.06,none
100454,2024-10-07,18:08:00,2024-10-07 18:08:00,Finance,5200,Travel & Entertainment,Harper-Hernandez,27936.02,Patricia Perry,Christine Gonzales,PO255995,INV533363,27936.02,27936.02,27936.02,none
101187,2024-10-07,18:24:00,2024-10-07 18:24:00,IT,5200,Travel & Entertainment,"Yang, Weber and Nielsen",14913.21,Lindsey Lewis,Donald Ferguson,PO777761,INV537632,14913.21,14913.21,14913.21,none
102455,2024-10-07,18:32:00,2024-10-07 18:32:00,Operations,5300,Professional Fees,Torres-Mendoza,17136.91,Christina Miller,Donna Weber,PO118543,INV585498,17136.91,17136.91,17136.91,none
100252,2024-10-07,18:33:00,2024-10-07 18:33:00,Procurement,5000,Raw Materials Expense,Murphy Inc,11239.97,Gary Mays,Denise Elliott,PO639942,INV392644,11239.97,11239.97,11239.97,none
104140,2024-10-08,09:18:00,2024-10-08 09:18:00,Sales,5200,Travel & Entertainment,White-Thomas,9315.27,Nicole Clarke,Anita Harris,PO954059,INV746570,9315.27,9315.27,9315.27,none
101343,2024-10-08,10:08:00,2024-10-08 10:08:00,Operations,5400,IT & Software,Hughes-Nichols,24091.64,Dawn Hall,Michael Rivas,PO516325,INV919679,24091.64,24091.64,24091.64,none
103466,2024-10-08,10:43:00,2024-10-08 10:43:00,Marketing,5400,IT & Software,Tucker Group,19613.48,Janice Bush,Christopher Chung,PO798264,INV913525,19613.48,19613.48,19613.48,none
103053,2024-10-08,10:46:00,2024-10-08 10:46:00,Sales,5400,IT & Software,Humphrey-Berg,21407.44,Christopher Chung,Sean Kelly,PO605695,INV62660,21407.44,21407.44,21407.44,none
103459,2024-10-08,11:17:00,2024-10-08 11:17:00,Sales,5500,Utilities,Gomez Ltd,5923.01,Jeffrey Hancock,Lindsey Lewis,PO953527,INV207243,5923.01,5923.01,5923.01,none
103900,2024-10-08,12:32:00,2024-10-08 12:32:00,IT,5500,Utilities,"Dixon, Jackson and Benjamin",45887.22,Gerald Freeman,Michael Macdonald,PO416505,INV513230,45887.22,45887.22,45887.22,none
104794,2024-10-08,12:36:00,2024-10-08 12:36:00,IT,5000,Raw Materials Expense,Schneider-Clark,21570.24,Sean Kelly,Taylor Carroll,PO469202,INV468555,21570.24,21570.24,21570.24,none
100733,2024-10-08,13:46:00,2024-10-08 13:46:00,HR,5000,Raw Materials Expense,Pearson PLC,16790.0,Nicole Chavez,Jeffrey Hancock,PO113081,INV844987,16790.0,16790.0,16790.0,none
100657,2024-10-08,14:04:00,2024-10-08 14:04:00,Finance,5400,IT & Software,Gomez Ltd,8263.02,Mary Harrison,Michael Fox,PO339343,INV248749,8263.02,8263.02,8263.02,none
100374,2024-10-08,14:16:00,2024-10-08 14:16:00,Sales,5300,Professional Fees,Smith-Parker,43496.35,Lawrence Davis,Christina Miller,PO537544,INV675875,43496.35,43496.35,43496.35,none
100110,2024-10-08,14:22:00,2024-10-08 14:22:00,Operations,5400,IT & Software,Nichols LLC,6795.36,Christine Gonzales,Alyssa Jackson,PO583348,INV789743,6795.36,6795.36,6795.36,none
103930,2024-10-08,14:40:00,2024-10-08 14:40:00,Finance,5000,Raw Materials Expense,"Dixon, Jackson and Benjamin",41373.54,Dawn Hall,Nicole Chavez,PO320809,INV535953,41373.54,41373.54,41373.54,none
100901,2024-10-08,14:49:00,2024-10-08 14:49:00,Marketing,5000,Raw Materials Expense,"Morton, Reynolds and Anderson",12032.19,Michael Fox,Joy Hernandez,PO18937,INV353491,12032.19,12032.19,12032.19,none
100819,2024-10-08,14:54:00,2024-10-08 14:54:00,HR,5300,Professional Fees,"Robles, Moses and Morgan",31146.96,Christine Gonzales,Elizabeth Boyle,PO383041,INV570344,31146.96,31146.96,31146.96,none
101998,2024-10-08,15:22:00,2024-10-08 15:22:00,Finance,5100,Office Supplies,"Silva, Jones and Oliver",28420.58,Gerald Freeman,Michael Macdonald,PO231660,INV97418,28420.58,28420.58,28420.58,none
103957,2024-10-08,15:30:00,2024-10-08 15:30:00,Marketing,5200,Travel & Entertainment,Miller LLC,12670.84,Patricia Perry,Michael Rivas,PO612406,INV444139,12670.84,12670.84,12670.84,none
102674,2024-10-08,15:36:00,2024-10-08 15:36:00,Sales,5300,Professional Fees,Schneider-Clark,7431.85,Gary Stone,Donald Ferguson,PO110724,INV142017,7431.85,7431.85,7431.85,none
100542,2024-10-08,16:09:00,2024-10-08 16:09:00,Sales,5000,Raw Materials Expense,Gomez Ltd,11493.82,Kyle King,Timothy Johnson,PO193584,INV534651,11493.82,11493.82,11493.82,none
101518,2024-10-08,16:51:00,2024-10-08 16:51:00,IT,5100,Office Supplies,Smith-Wise,9422.94,Gary Stone,Austin Cohen,PO389981,INV84822,9422.94,9422.94,9422.94,none
104638,2024-10-08,17:29:00,2024-10-08 17:29:00,Sales,5000,Raw Materials Expense,Mora-Lynn,17025.78,Sean Kelly,Thomas Martin,PO225784,INV633895,17025.78,17025.78,17025.78,none
104414,2024-10-08,17:29:00,2024-10-08 17:29:00,HR,6000,Vendor Payments,"Nelson, Duncan and Smith",10856.32,Christopher Chung,Gary Stone,PO542850,INV111291,10856.32,10856.32,10856.32,none
104433,2024-10-08,18:24:00,2024-10-08 18:24:00,Procurement,6000,Vendor Payments,Torres-Mendoza,12028.92,Denise Elliott,Anita Harris,PO617919,INV625155,12028.92,12028.92,12028.92,none
104233,2024-10-08,18:43:00,2024-10-08 18:43:00,Operations,6000,Vendor Payments,"Yang, Weber and Nielsen",26965.22,Gerald Freeman,Leslie Robinson,PO873841,INV143092,26965.22,26965.22,26965.22,none
104082,2024-10-09,09:08:00,2024-10-09 09:08:00,Sales,5300,Professional Fees,Schneider-Clark,12730.54,Janice Bush,Nicole Chavez,PO947100,INV701578,12730.54,12730.54,12730.54,none
104580,2024-10-09,09:53:00,2024-10-09 09:53:00,Sales,5400,IT & Software,Humphrey-Berg,6514.72,Dawn Hall,Christine Gonzales,PO242925,INV458427,6514.72,6514.72,6514.72,none
100122,2024-10-09,10:10:00,2024-10-09 10:10:00,IT,5000,Raw Materials Expense,Hughes-Nichols,15484.85,Lawrence Davis,Patricia Lopez,PO563103,INV712328,15484.85,15484.85,15484.85,none
104633,2024-10-09,10:47:00,2024-10-09 10:47:00,HR,5300,Professional Fees,Hopkins Inc,16711.92,Lindsey Lewis,Elizabeth Shea,PO618541,INV699417,16711.92,16711.92,16711.92,none
100424,2024-10-09,11:21:00,2024-10-09 11:21:00,Marketing,5200,Travel & Entertainment,Willis Group,26775.47,Jeffrey Hancock,Patricia Lopez,PO421436,INV280002,26775.47,26775.47,26775.47,none
103059,2024-10-09,12:39:00,2024-10-09 12:39:00,IT,6000,Vendor Payments,Smith-Wise,12729.17,Gerald Freeman,Autumn Reed,PO755891,INV508686,12729.17,12729.17,12729.17,none
102534,2024-10-09,13:06:00,2024-10-09 13:06:00,HR,6000,Vendor Payments,"Smith, Montgomery and Reyes",6030.9,Sergio Arroyo,Michael Fox,PO955457,INV311616,6030.9,6030.9,6030.9,none
103196,2024-10-09,14:45:00,2024-10-09 14:45:00,Marketing,5400,IT & Software,Harper-Hernandez,4725.05,Thomas Martin,Lindsey Lewis,PO248159,INV326999,4725.05,4725.05,4725.05,none
100054,2024-10-09,15:35:00,2024-10-09 15:35:00,Sales,5500,Utilities,Murphy Inc,17525.02,Gerald Freeman,Anita Harris,PO116788,INV733771,17525.02,17525.02,17525.02,none
103561,2024-10-09,15:36:00,2024-10-09 15:36:00,HR,5200,Travel & Entertainment,"Mills, Crane and Kim",4041.71,Patricia Perry,Gary Stone,PO691508,INV500032,4041.71,4041.71,4041.71,none
104276,2024-10-09,15:53:00,2024-10-09 15:53:00,Finance,5100,Office Supplies,"Cherry, Martin and Compton",22639.86,Anita Harris,Michael Rivas,PO392518,INV916338,22639.86,22639.86,22639.86,none
101354,2024-10-09,16:46:00,2024-10-09 16:46:00,IT,5100,Office Supplies,Smith-Wise,10672.06,James Dennis,Sergio Arroyo,PO48155,INV926667,10672.06,10672.06,10672.06,none
101494,2024-10-09,18:56:00,2024-10-09 18:56:00,Marketing,5300,Professional Fees,"White, Tucker and Wolf",23276.17,Christine Gonzales,Janice Bush,PO600114,INV529238,23276.17,23276.17,23276.17,none
104549,2024-10-10,09:04:00,2024-10-10 09:04:00,Finance,5000,Raw Materials Expense,"Flores, Hood and Brown",34674.81,Gary Mays,Leslie Robinson,PO779978,INV743485,34674.81,34674.81,34674.81,none
100226,2024-10-10,09:28:00,2024-10-10 09:28:00,HR,5400,IT & Software,"Dixon, Jackson and Benjamin",44112.77,Anita Harris,Taylor Carroll,PO375230,INV438115,44112.77,44112.77,44112.77,none
102974,2024-10-10,09:48:00,2024-10-10 09:48:00,Marketing,5100,Office Supplies,"Dixon, Jackson and Benjamin",23024.54,Autumn Reed,Elizabeth Boyle,PO500359,INV166002,23024.54,23024.54,23024.54,none
102654,2024-10-10,09:50:00,2024-10-10 09:50:00,IT,5000,Raw Materials Expense,"Mills, Crane and Kim",3209.83,Lawrence Davis,Elizabeth Boyle,PO997967,INV266828,3209.83,3209.83,3209.83,none
103657,2024-10-10,10:23:00,2024-10-10 10:23:00,IT,5300,Professional Fees,Torres-Mendoza,13815.64,James Dennis,Michael Macdonald,PO887030,INV770167,13815.64,13815.64,13815.64,none
100803,2024-10-10,11:04:00,2024-10-10 11:04:00,Finance,5200,Travel & Entertainment,Scott-Bailey,10408.14,Anita Harris,Gary Stone,PO104148,INV232615,10408.14,10408.14,10408.14,none
101330,2024-10-10,12:11:00,2024-10-10 12:11:00,Sales,5200,Travel & Entertainment,Scott-Bailey,13337.14,Patricia Lopez,Christine Gonzales,PO77169,INV745594,13337.14,13337.14,13337.14,none
104061,2024-10-10,13:28:00,2024-10-10 13:28:00,HR,5200,Travel & Entertainment,"Brown, Baker and Alvarado",21929.0,Autumn Reed,Patricia Perry,PO747823,INV996492,21929.0,21929.0,21929.0,none
104278,2024-10-10,14:22:00,2024-10-10 14:22:00,Finance,5300,Professional Fees,"Gardner, Perry and Cruz",13523.21,Joy Hernandez,Leslie Robinson,PO740293,INV847618,13523.21,13523.21,13523.21,none
104919,2024-10-10,14:43:00,2024-10-10 14:43:00,HR,5400,IT & Software,Evans Ltd,15743.51,Christopher Chung,Donna Weber,PO975935,INV956080,15743.51,18823.08,18823.08,three_way_mismatch
102922,2024-10-10,14:52:00,2024-10-10 14:52:00,Operations,6000,Vendor Payments,Torres-Mendoza,25619.58,Sergio Arroyo,Lindsey Lewis,PO309576,INV6555,25619.58,25619.58,25619.58,none
104481,2024-10-10,15:21:00,2024-10-10 15:21:00,IT,5500,Utilities,"Flores, Hood and Brown",6252.33,Nicole Chavez,Patricia Lopez,PO454690,INV118082,6252.33,6252.33,6252.33,none
101805,2024-10-10,15:46:00,2024-10-10 15:46:00,Operations,6000,Vendor Payments,Scott-Bailey,11522.23,Lindsey Lewis,Austin Cohen,PO588251,INV242044,11522.23,11522.23,11522.23,none
104214,2024-10-10,16:33:00,2024-10-10 16:33:00,Marketing,5400,IT & Software,"Nelson, Duncan and Smith",26173.32,Lawrence Davis,Nicole Chavez,PO758870,INV163111,26173.32,26173.32,26173.32,none
104840,2024-10-10,16:42:00,2024-10-10 16:42:00,Marketing,5400,IT & Software,Lopez Ltd,16297.71,Corey Jones,Corey Jones,PO835068,INV354671,16297.71,16297.71,16297.71,segregation_violation
100676,2024-10-10,17:09:00,2024-10-10 17:09:00,IT,6000,Vendor Payments,"Silva, Jones and Oliver",11645.29,Dawn Hall,Autumn Reed,PO948845,INV652486,11645.29,11645.29,11645.29,none
100467,2024-10-10,18:38:00,2024-10-10 18:38:00,Sales,5100,Office Supplies,Cowan-Powers,14701.34,Donald Ferguson,Michael Rivas,PO847148,INV555939,14701.34,14701.34,14701.34,none
101279,2024-10-10,18:43:00,2024-10-10 18:43:00,IT,5100,Office Supplies,Becker-Martinez,14734.05,Thomas Martin,Patricia Perry,PO756567,INV883254,14734.05,14734.05,14734.05,none
103570,2024-10-11,09:34:00,2024-10-11 09:34:00,Finance,6000,Vendor Payments,"Hernandez, Hopkins and Houston",10274.77,Tanner Avila,Lawrence Davis,PO141960,INV386513,10274.77,10274.77,10274.77,none
104065,2024-10-11,09:38:00,2024-10-11 09:38:00,Operations,5200,Travel & Entertainment,"Mills, Crane and Kim",9264.4,Dawn Hall,Christina Miller,PO671707,INV813894,9264.4,9264.4,9264.4,none
100930,2024-10-11,10:50:00,2024-10-11 10:50:00,HR,5000,Raw Materials Expense,Gross-Morrison,15943.37,Jeffrey Hancock,Christopher Chung,PO531985,INV878089,15943.37,15943.37,15943.37,none
101893,2024-10-11,10:58:00,2024-10-11 10:58:00,Sales,5200,Travel & Entertainment,Jones Ltd,9057.74,Corey Jones,Joy Hernandez,PO115715,INV105032,9057.74,9057.74,9057.74,none
102576,2024-10-11,11:01:00,2024-10-11 11:01:00,IT,5200,Travel & Entertainment,"Robles, Moses and Morgan",8243.55,Christine Gonzales,Anita Harris,PO817694,INV197765,8243.55,8243.55,8243.55,none
104009,2024-10-11,11:24:00,2024-10-11 11:24:00,Operations,6000,Vendor Payments,Smith-Wise,25050.04,Janice Bush,Thomas Martin,PO168666,INV739917,25050.04,25050.04,25050.04,none
102299,2024-10-11,11:38:00,2024-10-11 11:38:00,Finance,5300,Professional Fees,Miller LLC,9844.51,Denise Elliott,Anita Harris,PO558294,INV875594,9844.51,9844.51,9844.51,none
100107,2024-10-11,12:44:00,2024-10-11 12:44:00,Procurement,5400,IT & Software,Raymond-Lucas,13968.07,Donald Ferguson,Michael Rivas,PO567568,INV317669,13968.07,13968.07,13968.07,none
101286,2024-10-11,13:56:00,2024-10-11 13:56:00,Finance,5000,Raw Materials Expense,Gross-Morrison,16587.92,Austin Cohen,Denise Elliott,PO397929,INV915457,16587.92,16587.92,16587.92,none
100555,2024-10-11,15:35:00,2024-10-11 15:35:00,IT,6000,Vendor Payments,Rivera-Charles,7963.85,Donald Ferguson,Kyle King,PO1461,INV335418,7963.85,7963.85,7963.85,none
101282,2024-10-11,16:02:00,2024-10-11 16:02:00,Sales,6000,Vendor Payments,"Decker, Eaton and Arnold",34179.53,Sergio Arroyo,Tanner Avila,PO748597,INV742753,34179.53,34179.53,34179.53,none
100359,2024-10-11,16:03:00,2024-10-11 16:03:00,Procurement,5400,IT & Software,"Nelson, Duncan and Smith",37984.46,Patricia Lopez,Alyssa Jackson,PO718532,INV582343,37984.46,37984.46,37984.46,none
100039,2024-10-11,16:09:00,2024-10-11 16:09:00,Marketing,6000,Vendor Payments,Jones Ltd,9471.48,Patricia Perry,Alyssa Jackson,PO860344,INV951813,9471.48,9471.48,9471.48,none
101476,2024-10-11,16:51:00,2024-10-11 16:51:00,Marketing,5400,IT & Software,"Smith, Montgomery and Reyes",8127.9,Patricia Lopez,Autumn Reed,PO559088,INV316771,8127.9,8127.9,8127.9,none
103248,2024-10-11,17:03:00,2024-10-11 17:03:00,HR,5000,Raw Materials Expense,Nichols LLC,7047.58,Elizabeth Boyle,Michael Rivas,PO744048,INV370535,7047.58,7047.58,7047.58,none
105001,2024-10-13,10:54:00,2024-10-13 10:54:00,Procurement,5300,Professional Fees,Gross-Morrison,15916.28,Tanner Avila,Patricia Lopez,PO818467,INV691707,15916.28,15916.28,15916.28,duplicate_payment
104269,2024-10-14,09:04:00,2024-10-14 09:04:00,Marketing,5200,Travel & Entertainment,Schneider-Clark,22880.46,Autumn Reed,Michael Rivas,PO730780,INV18349,22880.46,22880.46,22880.46,none
100661,2024-10-14,09:07:00,2024-10-14 09:07:00,Sales,6000,Vendor Payments,Davidson-Frank,26760.45,Joy Hernandez,Corey Jones,PO904084,INV439622,26760.45,26760.45,26760.45,none
104626,2024-10-14,09:42:00,2024-10-14 09:42:00,Sales,5000,Raw Materials Expense,Powers Group,16397.47,Sergio Arroyo,Joy Hernandez,PO694646,INV779101,16397.47,16397.47,16397.47,none
104604,2024-10-14,11:24:00,2024-10-14 11:24:00,Finance,6000,Vendor Payments,"Martin, Brewer and Young",8813.26,Tanner Avila,Dawn Hall,PO330445,INV603008,8813.26,8813.26,8813.26,none
100890,2024-10-14,11:29:00,2024-10-14 11:29:00,Finance,5400,IT & Software,Schneider-Clark,7594.52,Taylor Carroll,Sean Kelly,PO653805,INV92618,7594.52,7594.52,7594.52,none
101114,2024-10-14,11:32:00,2024-10-14 11:32:00,HR,5500,Utilities,Galvan Group,12219.1,Sean Kelly,Corey Jones,PO969860,INV519680,12219.1,12219.1,12219.1,none
104708,2024-10-14,11:35:00,2024-10-14 11:35:00,Procurement,5400,IT & Software,Tucker Group,14690.5,Donna Weber,Elizabeth Shea,PO954849,INV288205,14690.5,14690.5,14690.5,none
101035,2024-10-14,12:08:00,2024-10-14 12:08:00,Finance,5100,Office Supplies,Willis Group,5786.76,Janice Bush,Nicole Chavez,PO21470,INV285735,5786.76,5786.76,5786.76,none
103140,2024-10-14,14:09:00,2024-10-14 14:09:00,IT,5200,Travel & Entertainment,"Gardner, Perry and Cruz",69445.17,Janice Bush,Michael Fox,PO323655,INV478271,69445.17,69445.17,69445.17,none
100197,2024-10-14,14:42:00,2024-10-14 14:42:00,Sales,5400,IT & Software,Gomez Ltd,18568.93,Timothy Johnson,Janice Bush,PO750429,INV157478,18568.93,18568.93,18568.93,none
102996,2024-10-14,14:44:00,2024-10-14 14:44:00,IT,6000,Vendor Payments,Willis Group,7766.53,Donald Ferguson,Joy Hernandez,PO215036,INV400256,7766.53,7766.53,7766.53,none
103347,2024-10-14,14:52:00,2024-10-14 14:52:00,Operations,5400,IT & Software,Humphrey-Berg,15780.91,Alyssa Jackson,Gerald Freeman,PO253838,INV649711,15780.91,15780.91,15780.91,none
104151,2024-10-14,14:58:00,2024-10-14 14:58:00,Procurement,6000,Vendor Payments,"Duncan, Graham and Stark",31554.68,Michael Rivas,Mary Harrison,PO331209,INV892605,31554.68,31554.68,31554.68,none
104766,2024-10-14,15:32:00,2024-10-14 15:32:00,Finance,5100,Office Supplies,Gomez Ltd,20532.21,Elizabeth Boyle,Mary Harrison,PO752814,INV583606,20532.21,20532.21,20532.21,none
104827,2024-10-14,15:49:00,2024-10-14 15:49:00,Operations,5200,Travel & Entertainment,Nichols LLC,289804.38,Kyle King,Taylor Carroll,PO577126,INV781464,289804.38,289804.38,289804.38,unusual_amount
104715,2024-10-14,16:52:00,2024-10-14 16:52:00,Marketing,5000,Raw Materials Expense,"Flores, Hood and Brown",29812.64,Michael Fox,Patricia Lopez,PO641208,INV294990,29812.64,29812.64,29812.64,none
100837,2024-10-14,18:47:00,2024-10-14 18:47:00,Operations,5300,Professional Fees,Willis Group,40804.51,Sean Kelly,Leslie Robinson,PO995159,INV999271,40804.51,40804.51,40804.51,none
104934,2024-10-15,09:11:00,2024-10-15 09:11:00,Operations,5400,IT & Software,"Dixon, Jackson and Benjamin",10969.83,Denise Elliott,Denise Elliott,PO696084,INV374980,10969.83,10969.83,10969.83,segregation_violation
102863,2024-10-15,10:19:00,2024-10-15 10:19:00,Operations,5200,Travel & Entertainment,Smith-Wise,4402.19,Donald Ferguson,Leslie Robinson,PO175864,INV916206,4402.19,4402.19,4402.19,none
104866,2024-10-15,11:16:00,2024-10-15 11:16:00,Marketing,5400,IT & Software,"Yang, Weber and Nielsen",22542.09,Christine Gonzales,Anita Harris,PO802002,INV938428,22542.09,22542.09,22542.09,duplicate_payment
100095,2024-10-15,12:29:00,2024-10-15 12:29:00,Sales,5100,Office Supplies,Tucker Group,17094.99,Corey Jones,Austin Cohen,PO702632,INV451687,17094.99,17094.99,17094.99,none
100390,2024-10-15,12:36:00,2024-10-15 12:36:00,HR,5100,Office Supplies,Torres-Mendoza,31749.36,Kyle King,Nicole Chavez,PO512028,INV688273,31749.36,31749.36,31749.36,none
100956,2024-10-15,13:03:00,2024-10-15 13:03:00,Procurement,5500,Utilities,"Robles, Moses and Morgan",21521.72,Taylor Carroll,Michael Fox,PO634410,INV738828,21521.72,21521.72,21521.72,none
100118,2024-10-15,13:05:00,2024-10-15 13:05:00,HR,5500,Utilities,Hopkins Inc,3509.6,Lindsey Lewis,Gerald Freeman,PO44477,INV429973,3509.6,3509.6,3509.6,none
102843,2024-10-15,13:36:00,2024-10-15 13:36:00,Sales,5400,IT & Software,Miller LLC,7884.86,Janice Bush,Nicole Chavez,PO261271,INV690735,7884.86,7884.86,7884.86,none
101758,2024-10-15,14:29:00,2024-10-15 14:29:00,HR,5000,Raw Materials Expense,"White, Tucker and Wolf",7474.2,Denise Elliott,Dawn Hall,PO98324,INV481845,7474.2,7474.2,7474.2,none
104896,2024-10-15,15:28:00,2024-10-15 15:28:00,HR,5100,Office Supplies,"Brown, Baker and Alvarado",100000.0,Elizabeth Boyle,Christopher Chung,PO240772,INV561193,100000.0,100000.0,100000.0,round_number
101733,2024-10-15,15:43:00,2024-10-15 15:43:00,Finance,5200,Travel & Entertainment,Evans Ltd,12932.8,Michael Fox,Patricia Lopez,PO540847,INV423084,12932.8,12932.8,12932.8,none
102666,2024-10-15,17:03:00,2024-10-15 17:03:00,Marketing,5100,Office Supplies,Miller LLC,16483.27,Tanner Avila,Kyle King,PO303553,INV839592,16483.27,16483.27,16483.27,none
101181,2024-10-15,18:13:00,2024-10-15 18:13:00,Marketing,5200,Travel & Entertainment,"White, Tucker and Wolf",14066.71,Gerald Freeman,Joy Hernandez,PO884239,INV270246,14066.71,14066.71,14066.71,none
101542,2024-10-16,09:50:00,2024-10-16 09:50:00,Finance,5500,Utilities,Tucker Group,7513.54,Patricia Perry,Donna Weber,PO610245,INV93634,7513.54,7513.54,7513.54,none
103928,2024-10-16,10:21:00,2024-10-16 10:21:00,Operations,5400,IT & Software,Miller LLC,32530.61,Gary Mays,Donna Weber,PO961513,INV6063,32530.61,32530.61,32530.61,none
104031,2024-10-16,10:31:00,2024-10-16 10:31:00,Finance,5100,Office Supplies,Rivera-Charles,27412.77,Tanner Avila,Lindsey Lewis,PO222215,INV638120,27412.77,27412.77,27412.77,none
101298,2024-10-16,11:04:00,2024-10-16 11:04:00,HR,5100,Office Supplies,Schneider-Clark,22001.28,Sean Kelly,Mary Harrison,PO929974,INV462240,22001.28,22001.28,22001.28,none
100156,2024-10-16,11:10:00,2024-10-16 11:10:00,Operations,5100,Office Supplies,"Decker, Eaton and Arnold",18962.41,Joy Hernandez,Michael Macdonald,PO318462,INV477325,18962.41,18962.41,18962.41,none
101415,2024-10-16,11:12:00,2024-10-16 11:12:00,Operations,5000,Raw Materials Expense,Becker-Martinez,57880.12,Austin Cohen,Kyle King,PO224167,INV322921,57880.12,57880.12,57880.12,none
103695,2024-10-16,11:41:00,2024-10-16 11:41:00,Sales,5400,IT & Software,Ballard-Jenkins,23574.82,Timothy Johnson,Christopher Chung,PO472765,INV587133,23574.82,23574.82,23574.82,none
103010,2024-10-16,11:46:00,2024-10-16 11:46:00,Procurement,5200,Travel & Entertainment,Gross-Morrison,17684.44,Gerald Freeman,James Dennis,PO184807,INV78815,17684.44,17684.44,17684.44,none
103596,2024-10-16,12:57:00,2024-10-16 12:57:00,HR,6000,Vendor Payments,"Silva, Jones and Oliver",31695.23,Gary Stone,Donald Ferguson,PO887836,INV175342,31695.23,31695.23,31695.23,none
101936,2024-10-16,14:26:00,2024-10-16 14:26:00,IT,5200,Travel & Entertainment,"White, Tucker and Wolf",14369.12,Gary Stone,Elizabeth Shea,PO314735,INV298929,14369.12,14369.12,14369.12,none
103812,2024-10-16,15:18:00,2024-10-16 15:18:00,Operations,5100,Office Supplies,"Flores, Hood and Brown",26197.24,Elizabeth Shea,James Dennis,PO886007,INV470365,26197.24,26197.24,26197.24,none
104800,2024-10-16,15:20:00,2024-10-16 15:20:00,IT,5200,Travel & Entertainment,Jones Inc,10721.31,Alyssa Jackson,Timothy Johnson,PO835818,INV52955,10721.31,10721.31,10721.31,none
104343,2024-10-16,15:37:00,2024-10-16 15:37:00,Finance,5300,Professional Fees,"Yang, Weber and Nielsen",11251.31,Brittany Jackson,Janice Bush,PO255305,INV996217,11251.31,11251.31,11251.31,none
101072,2024-10-16,15:55:00,2024-10-16 15:55:00,HR,5500,Utilities,Humphrey-Berg,8394.19,Timothy Johnson,Corey Jones,PO600232,INV26437,8394.19,8394.19,8394.19,none
102285,2024-10-16,16:04:00,2024-10-16 16:04:00,Finance,6000,Vendor Payments,"Smith, Montgomery and Reyes",31755.51,Elizabeth Shea,Brittany Jackson,PO786773,INV364082,31755.51,31755.51,31755.51,none
104631,2024-10-16,16:41:00,2024-10-16 16:41:00,Finance,6000,Vendor Payments,Stevens-Gibson,13415.19,Sean Kelly,Donna Weber,PO543345,INV618297,13415.19,13415.19,13415.19,none
104645,2024-10-16,18:00:00,2024-10-16 18:00:00,Finance,5400,IT & Software,"Martin, Brewer and Young",23044.19,Timothy Johnson,Corey Jones,PO229905,INV974928,23044.19,23044.19,23044.19,none
100694,2024-10-16,18:42:00,2024-10-16 18:42:00,HR,5100,Office Supplies,"Hernandez, Hopkins and Houston",14290.95,Gerald Freeman,Leslie Robinson,PO213051,INV156313,14290.95,14290.95,14290.95,none
101620,2024-10-17,09:38:00,2024-10-17 09:38:00,Sales,5300,Professional Fees,Lopez Ltd,13181.33,Gary Mays,Christopher Chung,PO316257,INV617623,13181.33,13181.33,13181.33,none
100274,2024-10-17,09:38:00,2024-10-17 09:38:00,Marketing,5500,Utilities,Humphrey-Berg,9070.56,Dawn Hall,Kyle King,PO668151,INV821615,9070.56,9070.56,9070.56,none
103185,2024-10-17,09:52:00,2024-10-17 09:52:00,Procurement,5100,Office Supplies,Scott-Bailey,24728.92,Mary Harrison,James Dennis,PO741955,INV451664,24728.92,24728.92,24728.92,none
103256,2024-10-17,10:05:00,2024-10-17 10:05:00,Marketing,5000,Raw Materials Expense,Powers Group,3299.12,Nicole Clarke,Joy Hernandez,PO176028,INV118164,3299.12,3299.12,3299.12,none
104305,2024-10-17,10:50:00,2024-10-17 10:50:00,Procurement,5400,IT & Software,Larson PLC,9715.37,Lawrence Davis,Michael Macdonald,PO807915,INV414068,9715.37,9715.37,9715.37,none
103235,2024-10-17,11:01:00,2024-10-17 11:01:00,Finance,6000,Vendor Payments,Hughes-Nichols,6065.13,Gerald Freeman,Dawn Hall,PO914545,INV137223,6065.13,6065.13,6065.13,none
100802,2024-10-17,11:34:00,2024-10-17 11:34:00,Finance,5400,IT & Software,"Smith, Montgomery and Reyes",19796.02,Nicole Clarke,Leslie Robinson,PO514443,INV166196,19796.02,19796.02,19796.02,none
103446,2024-10-17,11:52:00,2024-10-17 11:52:00,Procurement,5000,Raw Materials Expense,"Nelson, Duncan and Smith",26559.8,Donald Ferguson,Kyle King,PO344739,INV563319,26559.8,26559.8,26559.8,none
101889,2024-10-17,12:03:00,2024-10-17 12:03:00,Operations,5400,IT & Software,Harper-Hernandez,10088.61,Corey Jones,Sergio Arroyo,PO494121,INV741590,10088.61,10088.61,10088.61,none
102158,2024-10-17,12:26:00,2024-10-17 12:26:00,Marketing,5300,Professional Fees,Harris PLC,12534.68,Janice Bush,Sean Kelly,PO328882,INV231444,12534.68,12534.68,12534.68,none
104725,2024-10-17,13:00:00,2024-10-17 13:00:00,Marketing,5300,Professional Fees,Gomez Ltd,6017.08,Thomas Martin,Nicole Chavez,PO678820,INV709721,6017.08,6017.08,6017.08,none
101496,2024-10-17,13:03:00,2024-10-17 13:03:00,Sales,5500,Utilities,Tucker Group,5848.27,Denise Elliott,Kyle King,PO599481,INV828835,5848.27,5848.27,5848.27,none
104144,2024-10-17,13:20:00,2024-10-17 13:20:00,Operations,5500,Utilities,Scott-Bailey,11438.48,Denise Elliott,Lindsey Lewis,PO867048,INV645808,11438.48,11438.48,11438.48,none
102018,2024-10-17,13:38:00,2024-10-17 13:38:00,IT,5300,Professional Fees,"Duncan, Graham and Stark",5319.78,Alyssa Jackson,Michael Rivas,PO798714,INV773831,5319.78,5319.78,5319.78,none
102469,2024-10-17,14:19:00,2024-10-17 14:19:00,Finance,5300,Professional Fees,Pearson PLC,19878.42,Kyle King,Tanner Avila,PO714470,INV8201,19878.42,19878.42,19878.42,none
102404,2024-10-17,15:12:00,2024-10-17 15:12:00,HR,5400,IT & Software,Mays-Ortega,20922.01,Gary Stone,Joy Hernandez,PO419569,INV901223,20922.01,20922.01,20922.01,none
101606,2024-10-17,16:06:00,2024-10-17 16:06:00,Sales,5400,IT & Software,Evans Ltd,40755.58,Nicole Chavez,Gerald Freeman,PO868141,INV789361,40755.58,40755.58,40755.58,none
101735,2024-10-17,16:34:00,2024-10-17 16:34:00,HR,5100,Office Supplies,"Morton, Reynolds and Anderson",14264.71,Michael Fox,Donald Ferguson,PO111778,INV781964,14264.71,14264.71,14264.71,none
104547,2024-10-17,17:49:00,2024-10-17 17:49:00,Operations,5300,Professional Fees,Harris PLC,5629.83,Janice Bush,Lindsey Lewis,PO571566,INV216123,5629.83,5629.83,5629.83,none
100986,2024-10-17,17:59:00,2024-10-17 17:59:00,Sales,5000,Raw Materials Expense,"Dixon, Jackson and Benjamin",867.35,Corey Jones,Austin Cohen,PO261420,INV636604,867.35,867.35,867.35,none
100864,2024-10-17,18:14:00,2024-10-17 18:14:00,Marketing,5400,IT & Software,Davidson-Frank,9576.07,Gary Stone,Mary Harrison,PO680380,INV605238,9576.07,9576.07,9576.07,none
100557,2024-10-17,18:37:00,2024-10-17 18:37:00,HR,6000,Vendor Payments,Harris PLC,2290.86,Austin Cohen,Tanner Avila,PO802392,INV374456,2290.86,2290.86,2290.86,none
103952,2024-10-17,18:50:00,2024-10-17 18:50:00,HR,5300,Professional Fees,"Decker, Eaton and Arnold",29895.51,Nicole Clarke,Elizabeth Shea,PO599866,INV993527,29895.51,29895.51,29895.51,none
103304,2024-10-18,09:32:00,2024-10-18 09:32:00,IT,6000,Vendor Payments,White-Thomas,18316.93,Patricia Perry,Alyssa Jackson,PO555264,INV419662,18316.93,18316.93,18316.93,none
102038,2024-10-18,09:37:00,2024-10-18 09:37:00,HR,5100,Office Supplies,Evans Ltd,30984.13,Nicole Clarke,Michael Fox,PO592745,INV171265,30984.13,30984.13,30984.13,none
101092,2024-10-18,10:06:00,2024-10-18 10:06:00,Marketing,5400,IT & Software,Miller LLC,33661.92,Mary Harrison,Lawrence Davis,PO883988,INV691478,33661.92,33661.92,33661.92,none
104202,2024-10-18,10:52:00,2024-10-18 10:52:00,Procurement,5200,Travel & Entertainment,Smith-Parker,9271.09,Kyle King,Nicole Clarke,PO434236,INV308490,9271.09,9271.09,9271.09,none
104126,2024-10-18,10:56:00,2024-10-18 10:56:00,Marketing,5500,Utilities,Francis-Burke,8854.74,Michael Macdonald,Christopher Chung,PO302937,INV612137,8854.74,8854.74,8854.74,none
103386,2024-10-18,11:11:00,2024-10-18 11:11:00,Operations,5200,Travel & Entertainment,"Smith, Montgomery and Reyes",14196.06,Taylor Carroll,Autumn Reed,PO46468,INV665552,14196.06,14196.06,14196.06,none
102710,2024-10-18,11:46:00,2024-10-18 11:46:00,Operations,5000,Raw Materials Expense,Hopkins Inc,5788.28,Michael Rivas,Michael Macdonald,PO782209,INV560061,5788.28,5788.28,5788.28,none
101299,2024-10-18,12:56:00,2024-10-18 12:56:00,HR,5100,Office Supplies,Pearson PLC,22384.1,Nicole Chavez,Denise Elliott,PO177662,INV884907,22384.1,22384.1,22384.1,none
104400,2024-10-18,13:05:00,2024-10-18 13:05:00,Finance,5100,Office Supplies,"Gardner, Perry and Cruz",16447.52,Sergio Arroyo,Brittany Jackson,PO834683,INV343417,16447.52,16447.52,16447.52,none
103033,2024-10-18,13:19:00,2024-10-18 13:19:00,IT,5100,Office Supplies,Stewart-Russell,28708.92,Gary Mays,Leslie Robinson,PO145931,INV299176,28708.92,28708.92,28708.92,none
102321,2024-10-18,13:53:00,2024-10-18 13:53:00,Operations,6000,Vendor Payments,Jones Inc,15007.83,Gary Mays,Leslie Robinson,PO636282,INV566210,15007.83,15007.83,15007.83,none
104780,2024-10-18,14:06:00,2024-10-18 14:06:00,Operations,5400,IT & Software,"Hernandez, Hopkins and Houston",5267.17,Joy Hernandez,Mary Harrison,PO583093,INV79619,5267.17,5267.17,5267.17,none
103171,2024-10-18,14:39:00,2024-10-18 14:39:00,Finance,5400,IT & Software,Powers Group,27432.67,Joy Hernandez,Sean Kelly,PO544805,INV893319,27432.67,27432.67,27432.67,none
101210,2024-10-18,15:03:00,2024-10-18 15:03:00,Operations,5400,IT & Software,"Decker, Eaton and Arnold",3168.04,Leslie Robinson,Michael Fox,PO291155,INV120242,3168.04,3168.04,3168.04,none
104410,2024-10-18,15:51:00,2024-10-18 15:51:00,Operations,6000,Vendor Payments,"Martin, Brewer and Young",13495.15,Autumn Reed,Michael Rivas,PO187765,INV512072,13495.15,13495.15,13495.15,none
101610,2024-10-18,16:02:00,2024-10-18 16:02:00,Operations,5500,Utilities,"Robles, Moses and Morgan",17534.23,Elizabeth Shea,Austin Cohen,PO644879,INV610776,17534.23,17534.23,17534.23,none
100590,2024-10-18,16:09:00,2024-10-18 16:09:00,Marketing,5100,Office Supplies,Tucker Group,14229.7,Leslie Robinson,Christine Gonzales,PO126715,INV574314,14229.7,14229.7,14229.7,none
101361,2024-10-18,16:40:00,2024-10-18 16:40:00,Operations,5100,Office Supplies,Smith-Wise,9284.05,Jeffrey Hancock,Christine Gonzales,PO329960,INV799706,9284.05,9284.05,9284.05,none
101557,2024-10-18,16:46:00,2024-10-18 16:46:00,Sales,5300,Professional Fees,"White, Tucker and Wolf",10453.31,Patricia Lopez,Gary Mays,PO140187,INV506548,10453.31,10453.31,10453.31,none
104122,2024-10-18,17:36:00,2024-10-18 17:36:00,Procurement,5500,Utilities,"Decker, Eaton and Arnold",1489.2,Anita Harris,Christopher Chung,PO824802,INV86637,1489.2,1489.2,1489.2,none
100902,2024-10-18,18:01:00,2024-10-18 18:01:00,Procurement,5000,Raw Materials Expense,Hopkins Inc,33670.23,Christopher Chung,Christine Gonzales,PO463969,INV154697,33670.23,33670.23,33670.23,none
102813,2024-10-18,18:22:00,2024-10-18 18:22:00,Marketing,5000,Raw Materials Expense,Stevens-Gibson,7737.94,Autumn Reed,James Dennis,PO549982,INV82747,7737.94,7737.94,7737.94,none
103174,2024-10-18,18:37:00,2024-10-18 18:37:00,Finance,6000,Vendor Payments,Rivera-Charles,34379.68,Michael Fox,Austin Cohen,PO91722,INV642012,34379.68,34379.68,34379.68,none
103822,2024-10-18,18:39:00,2024-10-18 18:39:00,Operations,5000,Raw Materials Expense,Becker-Martinez,41324.11,Alyssa Jackson,Elizabeth Boyle,PO565357,INV66231,41324.11,41324.11,41324.11,none
100104,2024-10-18,18:42:00,2024-10-18 18:42:00,Marketing,5100,Office Supplies,Harper-Hernandez,7465.48,Donald Ferguson,Patricia Perry,PO825690,INV943797,7465.48,7465.48,7465.48,none
104669,2024-10-18,18:57:00,2024-10-18 18:57:00,HR,5200,Travel & Entertainment,Jones Ltd,4195.96,Donna Weber,James Dennis,PO852547,INV451562,4195.96,4195.96,4195.96,none
104879,2024-10-20,11:54:00,2024-10-20 11:54:00,IT,5400,IT & Software,"Gardner, Perry and Cruz",15250.22,Autumn Reed,Corey Jones,PO622304,INV493028,15250.22,15250.22,15250.22,weekend_posting
104966,2024-10-20,18:28:00,2024-10-20 18:28:00,Sales,5100,Office Supplies,Jones Ltd,7593.5,Mary Harrison,Kyle King,PO617058,INV407906,7593.5,7593.5,7593.5,weekend_posting
104591,2024-10-21,09:31:00,2024-10-21 09:31:00,Procurement,5300,Professional Fees,Jones Ltd,29471.67,Sean Kelly,Gary Stone,PO498081,INV28297,29471.67,29471.67,29471.67,none
102984,2024-10-21,09:46:00,2024-10-21 09:46:00,Marketing,6000,Vendor Payments,Humphrey-Berg,14924.11,Nicole Clarke,Autumn Reed,PO395034,INV772368,14924.11,14924.11,14924.11,none
103817,2024-10-21,10:16:00,2024-10-21 10:16:00,Sales,5100,Office Supplies,Hopkins Inc,6588.44,Patricia Lopez,Thomas Martin,PO598623,INV56942,6588.44,6588.44,6588.44,none
103740,2024-10-21,11:02:00,2024-10-21 11:02:00,Finance,5000,Raw Materials Expense,"Gardner, Perry and Cruz",15533.69,Michael Macdonald,Donald Ferguson,PO479568,INV19924,15533.69,15533.69,15533.69,none
104113,2024-10-21,11:35:00,2024-10-21 11:35:00,Marketing,5300,Professional Fees,Rivera-Charles,4194.7,Elizabeth Shea,Thomas Martin,PO156897,INV326322,4194.7,4194.7,4194.7,none
102234,2024-10-21,12:09:00,2024-10-21 12:09:00,IT,5400,IT & Software,Miller LLC,23410.58,Denise Elliott,Michael Macdonald,PO256107,INV565171,23410.58,23410.58,23410.58,none
100255,2024-10-21,12:45:00,2024-10-21 12:45:00,Operations,5400,IT & Software,Galvan Group,4055.55,Thomas Martin,Joy Hernandez,PO407748,INV69475,4055.55,4055.55,4055.55,none
101032,2024-10-21,12:50:00,2024-10-21 12:50:00,Procurement,5200,Travel & Entertainment,Mora-Lynn,12549.37,Gary Stone,Janice Bush,PO627920,INV900544,12549.37,12549.37,12549.37,none
103363,2024-10-21,12:50:00,2024-10-21 12:50:00,Operations,5000,Raw Materials Expense,Pearson PLC,12222.54,Austin Cohen,Elizabeth Shea,PO477416,INV471456,12222.54,12222.54,12222.54,none
104392,2024-10-21,13:06:00,2024-10-21 13:06:00,Procurement,5200,Travel & Entertainment,Harris PLC,14675.84,Gary Stone,Autumn Reed,PO6454,INV807296,14675.84,14675.84,14675.84,none
100746,2024-10-21,13:31:00,2024-10-21 13:31:00,Operations,5200,Travel & Entertainment,Davidson-Frank,20086.28,Elizabeth Boyle,Christina Miller,PO401550,INV472863,20086.28,20086.28,20086.28,none
103849,2024-10-21,14:25:00,2024-10-21 14:25:00,Operations,5500,Utilities,Rivera-Charles,13238.93,Leslie Robinson,Gary Stone,PO748017,INV170815,13238.93,13238.93,13238.93,none
104534,2024-10-21,14:53:00,2024-10-21 14:53:00,HR,5100,Office Supplies,Smith-Wise,13899.35,Gary Stone,Patricia Perry,PO331207,INV116459,13899.35,13899.35,13899.35,none
100518,2024-10-21,15:22:00,2024-10-21 15:22:00,HR,6000,Vendor Payments,"Flores, Hood and Brown",15905.98,Lindsey Lewis,Lawrence Davis,PO131217,INV213474,15905.98,15905.98,15905.98,none
100214,2024-10-21,15:36:00,2024-10-21 15:36:00,Procurement,5300,Professional Fees,Becker-Martinez,18427.4,Nicole Chavez,Christopher Chung,PO921208,INV655659,18427.4,18427.4,18427.4,none
102159,2024-10-21,15:47:00,2024-10-21 15:47:00,Sales,6000,Vendor Payments,Nichols LLC,38430.42,Timothy Johnson,Kyle King,PO816560,INV784906,38430.42,38430.42,38430.42,none
101833,2024-10-21,16:40:00,2024-10-21 16:40:00,Finance,5000,Raw Materials Expense,Reyes-Glover,13830.09,Michael Macdonald,Tanner Avila,PO766095,INV983409,13830.09,13830.09,13830.09,none
104544,2024-10-21,16:41:00,2024-10-21 16:41:00,Marketing,5100,Office Supplies,Harper-Hernandez,14040.91,Donna Weber,Jeffrey Hancock,PO90202,INV532603,14040.91,14040.91,14040.91,none
102624,2024-10-21,17:32:00,2024-10-21 17:32:00,Marketing,5200,Travel & Entertainment,"Silva, Jones and Oliver",14869.27,Patricia Perry,Joy Hernandez,PO719148,INV656188,14869.27,14869.27,14869.27,none
102190,2024-10-21,17:33:00,2024-10-21 17:33:00,IT,5200,Travel & Entertainment,Becker-Martinez,23454.49,Joy Hernandez,Timothy Johnson,PO298551,INV987580,23454.49,23454.49,23454.49,none
101679,2024-10-22,09:18:00,2024-10-22 09:18:00,HR,5200,Travel & Entertainment,"Nelson, Duncan and Smith",15898.3,Brittany Jackson,Lawrence Davis,PO510355,INV363022,15898.3,15898.3,15898.3,none
101451,2024-10-22,09:19:00,2024-10-22 09:19:00,Procurement,5400,IT & Software,Humphrey-Berg,12016.92,Elizabeth Shea,Christopher Chung,PO783202,INV372535,12016.92,12016.92,12016.92,none
102335,2024-10-22,09:42:00,2024-10-22 09:42:00,Procurement,5300,Professional Fees,Mora-Lynn,13775.99,Anita Harris,Michael Macdonald,PO480283,INV460311,13775.99,13775.99,13775.99,none
102983,2024-10-22,11:08:00,2024-10-22 11:08:00,Operations,6000,Vendor Payments,Ballard-Jenkins,1617.69,Elizabeth Shea,Autumn Reed,PO687172,INV89936,1617.69,1617.69,1617.69,none
102076,2024-10-22,11:12:00,2024-10-22 11:12:00,Operations,5500,Utilities,Schneider-Clark,9719.17,Leslie Robinson,Timothy Johnson,PO104247,INV660218,9719.17,9719.17,9719.17,none
104870,2024-10-22,11:40:00,2024-10-22 11:40:00,Operations,5100,Office Supplies,"Brown, Baker and Alvarado",7785.58,Christina Miller,Michael Rivas,PO583034,INV605174,7785.58,9722.98,9722.98,three_way_mismatch
104424,2024-10-22,12:31:00,2024-10-22 12:31:00,Marketing,5000,Raw Materials Expense,Willis Group,5175.06,Christopher Chung,Tanner Avila,PO268821,INV18217,5175.06,5175.06,5175.06,none
103356,2024-10-22,12:39:00,2024-10-22 12:39:00,Marketing,5300,Professional Fees,"Durham, Bowen and Hess",32950.78,Sergio Arroyo,Austin Cohen,PO50092,INV862831,32950.78,32950.78,32950.78,none
104101,2024-10-22,12:41:00,2024-10-22 12:41:00,Operations,5000,Raw Materials Expense,Schneider-Clark,17105.48,Timothy Johnson,Lindsey Lewis,PO729503,INV956868,17105.48,17105.48,17105.48,none
101579,2024-10-22,12:44:00,2024-10-22 12:44:00,Procurement,5400,IT & Software,Stewart-Russell,3502.73,Michael Macdonald,Sergio Arroyo,PO493182,INV488758,3502.73,3502.73,3502.73,none
100008,2024-10-22,12:45:00,2024-10-22 12:45:00,Operations,5000,Raw Materials Expense,Larson PLC,20258.52,Patricia Perry,Brittany Jackson,PO863241,INV426362,20258.52,20258.52,20258.52,none
104040,2024-10-22,13:10:00,2024-10-22 13:10:00,HR,5000,Raw Materials Expense,Schneider-Clark,12654.62,Brittany Jackson,Austin Cohen,PO793269,INV929116,12654.62,12654.62,12654.62,none
103774,2024-10-22,13:26:00,2024-10-22 13:26:00,Procurement,6000,Vendor Payments,Davidson-Frank,8565.6,Sean Kelly,Christopher Chung,PO772613,INV581246,8565.6,8565.6,8565.6,none
100916,2024-10-22,13:40:00,2024-10-22 13:40:00,Procurement,5000,Raw Materials Expense,Nichols LLC,28387.85,Michael Fox,Thomas Martin,PO411671,INV483296,28387.85,28387.85,28387.85,none
100291,2024-10-22,13:41:00,2024-10-22 13:41:00,Marketing,6000,Vendor Payments,"Jefferson, Sullivan and Young",11962.55,Donald Ferguson,Donna Weber,PO20711,INV280974,11962.55,11962.55,11962.55,none
100964,2024-10-22,14:03:00,2024-10-22 14:03:00,Operations,5500,Utilities,"Martin, Brewer and Young",22584.67,Gerald Freeman,James Dennis,PO102710,INV667839,22584.67,22584.67,22584.67,none
101646,2024-10-22,15:08:00,2024-10-22 15:08:00,Operations,5100,Office Supplies,Davidson-Frank,17815.4,Kyle King,Lindsey Lewis,PO987499,INV522940,17815.4,17815.4,17815.4,none
101720,2024-10-22,15:23:00,2024-10-22 15:23:00,Sales,5200,Travel & Entertainment,Francis-Burke,28228.74,Thomas Martin,Michael Rivas,PO916315,INV289275,28228.74,28228.74,28228.74,none
102107,2024-10-22,15:28:00,2024-10-22 15:28:00,HR,5300,Professional Fees,Smith-Wise,6574.86,Christine Gonzales,Leslie Robinson,PO783586,INV56046,6574.86,6574.86,6574.86,none
101130,2024-10-22,16:13:00,2024-10-22 16:13:00,Procurement,5500,Utilities,Stewart-Russell,15823.68,Joy Hernandez,Patricia Lopez,PO944745,INV319512,15823.68,15823.68,15823.68,none
102008,2024-10-22,16:29:00,2024-10-22 16:29:00,Sales,5200,Travel & Entertainment,Rivera-Charles,6244.07,Thomas Martin,James Dennis,PO226089,INV301622,6244.07,6244.07,6244.07,none
104480,2024-10-22,17:19:00,2024-10-22 17:19:00,HR,5200,Travel & Entertainment,"Duncan, Graham and Stark",25128.07,Mary Harrison,Lindsey Lewis,PO811708,INV848069,25128.07,25128.07,25128.07,none
102973,2024-10-22,17:53:00,2024-10-22 17:53:00,IT,6000,Vendor Payments,"Howard, Tucker and Flores",18806.48,Anita Harris,Sergio Arroyo,PO509147,INV968807,18806.48,18806.48,18806.48,none
101021,2024-10-22,17:54:00,2024-10-22 17:54:00,Finance,5400,IT & Software,Hughes-Nichols,7699.74,Mary Harrison,Gerald Freeman,PO472905,INV211415,7699.74,7699.74,7699.74,none
104520,2024-10-22,18:00:00,2024-10-22 18:00:00,Marketing,5400,IT & Software,Cowan-Powers,8994.82,Alyssa Jackson,Donald Ferguson,PO111907,INV615937,8994.82,8994.82,8994.82,none
104953,2024-10-22,18:05:00,2024-10-22 18:05:00,Procurement,6000,Vendor Payments,Gross-Morrison,13634.81,Thomas Martin,Sean Kelly,PO349418,INV411436,13634.81,13634.81,13634.81,duplicate_payment
104904,2024-10-22,18:08:00,2024-10-22 18:08:00,Procurement,5500,Utilities,"Mills, Crane and Kim",152130.67,Lawrence Davis,Corey Jones,PO585098,INV667472,152130.67,152130.67,152130.67,unusual_amount
104397,2024-10-22,18:11:00,2024-10-22 18:11:00,Operations,5200,Travel & Entertainment,Davidson-Frank,9275.03,Gary Stone,Patricia Lopez,PO795833,INV740907,9275.03,9275.03,9275.03,none
100888,2024-10-22,18:19:00,2024-10-22 18:19:00,IT,5200,Travel & Entertainment,"Brown, Baker and Alvarado",19254.04,Denise Elliott,Donna Weber,PO890623,INV490522,19254.04,19254.04,19254.04,none
100761,2024-10-22,18:41:00,2024-10-22 18:41:00,Finance,6000,Vendor Payments,Hopkins Inc,11644.08,Taylor Carroll,Leslie Robinson,PO424849,INV385366,11644.08,11644.08,11644.08,none
102917,2024-10-22,18:56:00,2024-10-22 18:56:00,Sales,5100,Office Supplies,"Silva, Jones and Oliver",8247.76,Donald Ferguson,Leslie Robinson,PO894832,INV56151,8247.76,8247.76,8247.76,none
102777,2024-10-22,18:58:00,2024-10-22 18:58:00,Procurement,5200,Travel & Entertainment,"White, Tucker and Wolf",4715.6,Patricia Lopez,Denise Elliott,PO377205,INV961838,4715.6,4715.6,4715.6,none
104512,2024-10-23,09:16:00,2024-10-23 09:16:00,Operations,5500,Utilities,Evans Ltd,20458.52,Christopher Chung,Donna Weber,PO20719,INV603230,20458.52,20458.52,20458.52,none
101352,2024-10-23,09:30:00,2024-10-23 09:30:00,Marketing,5200,Travel & Entertainment,"Flores, Hood and Brown",19880.97,Kyle King,Michael Macdonald,PO348844,INV60958,19880.97,19880.97,19880.97,none
100097,2024-10-23,09:59:00,2024-10-23 09:59:00,IT,5000,Raw Materials Expense,Miller LLC,43876.6,Gerald Freeman,Elizabeth Boyle,PO991331,INV344429,43876.6,43876.6,43876.6,none
102162,2024-10-23,11:06:00,2024-10-23 11:06:00,Marketing,6000,Vendor Payments,"Smith, Montgomery and Reyes",7579.76,Lawrence Davis,Janice Bush,PO668898,INV217146,7579.76,7579.76,7579.76,none
105014,2024-10-23,11:16:00,2024-10-23 11:16:00,Marketing,5400,IT & Software,"Yang, Weber and Nielsen",22542.09,Christine Gonzales,Anita Harris,PO802002,INV938428,22542.09,22542.09,22542.09,duplicate_payment
104134,2024-10-23,11:36:00,2024-10-23 11:36:00,IT,5100,Office Supplies,"Yang, Weber and Nielsen",12062.93,Autumn Reed,Tanner Avila,PO697850,INV754585,12062.93,12062.93,12062.93,none
100994,2024-10-23,12:59:00,2024-10-23 12:59:00,IT,5500,Utilities,Nichols LLC,12098.04,Anita Harris,Janice Bush,PO107182,INV606838,12098.04,12098.04,12098.04,none
102503,2024-10-23,13:25:00,2024-10-23 13:25:00,Finance,5500,Utilities,"Durham, Bowen and Hess",19703.62,Donna Weber,Lawrence Davis,PO602995,INV624006,19703.62,19703.62,19703.62,none
100953,2024-10-23,13:39:00,2024-10-23 13:39:00,Sales,5300,Professional Fees,"Martin, Brewer and Young",7987.07,Nicole Chavez,Janice Bush,PO344416,INV107364,7987.07,7987.07,7987.07,none
104660,2024-10-23,13:51:00,2024-10-23 13:51:00,HR,6000,Vendor Payments,"Durham, Bowen and Hess",19149.98,Timothy Johnson,Dawn Hall,PO846714,INV232413,19149.98,19149.98,19149.98,none
101816,2024-10-23,14:02:00,2024-10-23 14:02:00,Procurement,5100,Office Supplies,Hopkins Inc,15268.99,Christina Miller,Alyssa Jackson,PO31947,INV705849,15268.99,15268.99,15268.99,none
102696,2024-10-23,14:03:00,2024-10-23 14:03:00,Finance,5200,Travel & Entertainment,"Nelson, Duncan and Smith",7961.54,Lindsey Lewis,Patricia Lopez,PO778191,INV732920,7961.54,7961.54,7961.54,none
104942,2024-10-23,14:08:00,2024-10-23 14:08:00,Procurement,5200,Travel & Entertainment,Murphy Inc,32801.31,Michael Macdonald,Michael Macdonald,PO463410,INV167155,32801.31,32801.31,32801.31,segregation_violation
101938,2024-10-23,14:22:00,2024-10-23 14:22:00,Operations,5200,Travel & Entertainment,Reyes-Glover,13213.16,Nicole Clarke,Christine Gonzales,PO805079,INV946443,13213.16,13213.16,13213.16,none
100144,2024-10-23,16:55:00,2024-10-23 16:55:00,Procurement,5200,Travel & Entertainment,Scott-Bailey,7208.87,Michael Fox,Taylor Carroll,PO263843,INV885725,7208.87,7208.87,7208.87,none
101723,2024-10-23,17:44:00,2024-10-23 17:44:00,Operations,5200,Travel & Entertainment,"Morton, Reynolds and Anderson",5073.9,Leslie Robinson,Donna Weber,PO465974,INV797346,5073.9,5073.9,5073.9,none
104681,2024-10-23,17:50:00,2024-10-23 17:50:00,Marketing,5200,Travel & Entertainment,"Decker, Eaton and Arnold",9691.61,Jeffrey Hancock,Elizabeth Shea,PO354535,INV32548,9691.61,9691.61,9691.61,none
104170,2024-10-23,18:49:00,2024-10-23 18:49:00,Finance,5100,Office Supplies,Humphrey-Berg,5243.96,Lawrence Davis,Michael Rivas,PO989175,INV289654,5243.96,5243.96,5243.96,none
104106,2024-10-23,18:51:00,2024-10-23 18:51:00,Finance,5200,Travel & Entertainment,Evans Ltd,23564.28,Michael Fox,Autumn Reed,PO611480,INV724626,23564.28,23564.28,23564.28,none
101074,2024-10-24,09:09:00,2024-10-24 09:09:00,HR,5000,Raw Materials Expense,"Durham, Bowen and Hess",23145.39,Michael Rivas,Gerald Freeman,PO841350,INV109736,23145.39,23145.39,23145.39,none
101639,2024-10-24,09:42:00,2024-10-24 09:42:00,HR,5000,Raw Materials Expense,"Martin, Brewer and Young",23581.83,Alyssa Jackson,Joy Hernandez,PO761934,INV426228,23581.83,23581.83,23581.83,none
103429,2024-10-24,10:10:00,2024-10-24 10:10:00,HR,5500,Utilities,"Mills, Crane and Kim",10118.57,Elizabeth Boyle,Janice Bush,PO667822,INV826082,10118.57,10118.57,10118.57,none
100750,2024-10-24,10:20:00,2024-10-24 10:20:00,Finance,5500,Utilities,Rogers Ltd,21038.7,Autumn Reed,James Dennis,PO227844,INV459899,21038.7,21038.7,21038.7,none
101036,2024-10-24,12:48:00,2024-10-24 12:48:00,Finance,5100,Office Supplies,Galvan Group,26561.22,Austin Cohen,Nicole Clarke,PO797875,INV527202,26561.22,26561.22,26561.22,none
101754,2024-10-24,13:02:00,2024-10-24 13:02:00,Finance,5300,Professional Fees,"Mills, Crane and Kim",9982.14,Sean Kelly,Brittany Jackson,PO224790,INV314989,9982.14,9982.14,9982.14,none
102902,2024-10-24,13:11:00,2024-10-24 13:11:00,IT,5500,Utilities,Smith-Parker,9008.61,Michael Fox,Elizabeth Shea,PO588521,INV542613,9008.61,9008.61,9008.61,none
100260,2024-10-24,14:08:00,2024-10-24 14:08:00,Marketing,5000,Raw Materials Expense,"Howard, Tucker and Flores",17989.24,Lawrence Davis,Jeffrey Hancock,PO304889,INV546333,17989.24,17989.24,17989.24,none
102341,2024-10-24,15:23:00,2024-10-24 15:23:00,HR,5400,IT & Software,Lopez Ltd,3328.84,Elizabeth Boyle,Dawn Hall,PO410729,INV127639,3328.84,3328.84,3328.84,none
102035,2024-10-24,16:29:00,2024-10-24 16:29:00,Procurement,5100,Office Supplies,"Gardner, Perry and Cruz",30316.78,Lawrence Davis,Taylor Carroll,PO69342,INV971346,30316.78,30316.78,30316.78,none
100418,2024-10-24,18:14:00,2024-10-24 18:14:00,Procurement,5200,Travel & Entertainment,"Gardner, Perry and Cruz",7302.19,Christina Miller,Sergio Arroyo,PO697467,INV743241,7302.19,7302.19,7302.19,none
103412,2024-10-25,09:00:00,2024-10-25 09:00:00,Sales,5000,Raw Materials Expense,Smith-Parker,4833.4,Dawn Hall,Leslie Robinson,PO287136,INV63719,4833.4,4833.4,4833.4,none
103197,2024-10-25,09:09:00,2024-10-25 09:09:00,IT,5100,Office Supplies,Smith-Parker,7939.74,Gary Stone,Kyle King,PO833053,INV910106,7939.74,7939.74,7939.74,none
103803,2024-10-25,09:20:00,2024-10-25 09:20:00,Procurement,5500,Utilities,Stevens-Gibson,11974.92,Elizabeth Boyle,Corey Jones,PO201789,INV382129,11974.92,11974.92,11974.92,none
101344,2024-10-25,09:29:00,2024-10-25 09:29:00,Marketing,5000,Raw Materials Expense,Powers Group,5142.67,Alyssa Jackson,Sergio Arroyo,PO179440,INV714382,5142.67,5142.67,5142.67,none
102776,2024-10-25,11:53:00,2024-10-25 11:53:00,Operations,6000,Vendor Payments,Stewart-Russell,53887.8,Gary Mays,Timothy Johnson,PO258633,INV268246,53887.8,53887.8,53887.8,none
103102,2024-10-25,12:15:00,2024-10-25 12:15:00,Marketing,5200,Travel & Entertainment,Gomez Ltd,10293.12,Michael Rivas,Janice Bush,PO146232,INV202468,10293.12,10293.12,10293.12,none
104239,2024-10-25,12:36:00,2024-10-25 12:36:00,Marketing,5300,Professional Fees,"Duncan, Graham and Stark",21293.65,Corey Jones,Sean Kelly,PO150900,INV465237,21293.65,21293.65,21293.65,none
101250,2024-10-25,12:52:00,2024-10-25 12:52:00,Operations,5400,IT & Software,Pearson PLC,46434.73,Lawrence Davis,Jeffrey Hancock,PO426074,INV479160,46434.73,46434.73,46434.73,none
104979,2024-10-25,12:59:00,2024-10-25 12:59:00,Finance,5300,Professional Fees,Rogers Ltd,10955.34,Patricia Perry,Corey Jones,PO786393,INV496582,10955.34,13603.05,13603.05,three_way_mismatch
103179,2024-10-25,13:06:00,2024-10-25 13:06:00,Sales,5400,IT & Software,Schneider-Clark,16033.49,Sergio Arroyo,Joy Hernandez,PO678516,INV198798,16033.49,16033.49,16033.49,none
102377,2024-10-25,15:07:00,2024-10-25 15:07:00,HR,5200,Travel & Entertainment,Smith-Wise,22497.69,Nicole Chavez,Leslie Robinson,PO266277,INV823434,22497.69,22497.69,22497.69,none
104463,2024-10-25,15:25:00,2024-10-25 15:25:00,Operations,5500,Utilities,Rogers Ltd,63810.43,Gary Stone,Corey Jones,PO625091,INV858936,63810.43,63810.43,63810.43,none
101167,2024-10-25,16:05:00,2024-10-25 16:05:00,HR,5300,Professional Fees,Becker-Martinez,22025.99,Lawrence Davis,Brittany Jackson,PO940124,INV91438,22025.99,22025.99,22025.99,none
101666,2024-10-25,18:19:00,2024-10-25 18:19:00,Marketing,5500,Utilities,Cowan-Powers,10001.58,Kyle King,Jeffrey Hancock,PO574251,INV573241,10001.58,10001.58,10001.58,none
104807,2024-10-25,22:24:00,2024-10-25 22:24:00,Sales,5400,IT & Software,Tucker Group,12455.04,Nicole Clarke,Donna Weber,PO422393,INV482039,12455.04,12455.04,12455.04,odd_hour_posting
102536,2024-10-28,09:06:00,2024-10-28 09:06:00,IT,5000,Raw Materials Expense,Tucker Group,30341.6,Nicole Chavez,Austin Cohen,PO435876,INV781130,30341.6,30341.6,30341.6,none
101121,2024-10-28,09:20:00,2024-10-28 09:20:00,HR,5300,Professional Fees,Cowan-Powers,26049.77,Thomas Martin,Nicole Clarke,PO873792,INV568286,26049.77,26049.77,26049.77,none
101144,2024-10-28,09:31:00,2024-10-28 09:31:00,Sales,5200,Travel & Entertainment,"Hernandez, Hopkins and Houston",6733.11,Michael Macdonald,Michael Rivas,PO826619,INV509724,6733.11,6733.11,6733.11,none
104213,2024-10-28,09:33:00,2024-10-28 09:33:00,Procurement,5000,Raw Materials Expense,Becker-Martinez,14778.08,Lindsey Lewis,Nicole Chavez,PO956983,INV870051,14778.08,14778.08,14778.08,none
100443,2024-10-28,14:55:00,2024-10-28 14:55:00,Procurement,6000,Vendor Payments,Stevens-Gibson,21341.6,Lawrence Davis,Gary Mays,PO851752,INV378769,21341.6,21341.6,21341.6,none
101880,2024-10-28,15:12:00,2024-10-28 15:12:00,Marketing,5400,IT & Software,Evans Ltd,19766.35,Denise Elliott,Jeffrey Hancock,PO92129,INV488937,19766.35,19766.35,19766.35,none
103511,2024-10-28,15:16:00,2024-10-28 15:16:00,Marketing,5100,Office Supplies,Tucker Group,68084.02,Leslie Robinson,Mary Harrison,PO287837,INV163191,68084.02,68084.02,68084.02,none
100120,2024-10-28,15:19:00,2024-10-28 15:19:00,Marketing,5400,IT & Software,"Dixon, Jackson and Benjamin",4662.01,Alyssa Jackson,Anita Harris,PO204024,INV560673,4662.01,4662.01,4662.01,none
100217,2024-10-28,15:33:00,2024-10-28 15:33:00,Operations,6000,Vendor Payments,Jones Inc,14088.08,Lawrence Davis,Alyssa Jackson,PO449003,INV893688,14088.08,14088.08,14088.08,none
103908,2024-10-28,17:09:00,2024-10-28 17:09:00,HR,5100,Office Supplies,"Gardner, Perry and Cruz",22910.79,Corey Jones,Denise Elliott,PO232085,INV299524,22910.79,22910.79,22910.79,none
101253,2024-10-28,17:33:00,2024-10-28 17:33:00,Operations,5000,Raw Materials Expense,Humphrey-Berg,4272.87,Joy Hernandez,Kyle King,PO352810,INV246789,4272.87,4272.87,4272.87,none
104982,2024-10-28,17:33:00,2024-10-28 17:33:00,Operations,5300,Professional Fees,"Silva, Jones and Oliver",295829.15,Tanner Avila,Corey Jones,PO356042,INV638337,295829.15,295829.15,295829.15,unusual_amount
102700,2024-10-28,17:52:00,2024-10-28 17:52:00,Sales,5000,Raw Materials Expense,Rogers Ltd,6825.28,Gerald Freeman,Donald Ferguson,PO205475,INV198668,6825.28,6825.28,6825.28,none
104629,2024-10-28,18:05:00,2024-10-28 18:05:00,HR,5300,Professional Fees,Jones Ltd,1287.26,Michael Fox,Jeffrey Hancock,PO244584,INV689262,1287.26,1287.26,1287.26,none
100716,2024-10-28,18:06:00,2024-10-28 18:06:00,Operations,6000,Vendor Payments,Miller LLC,7588.16,Brittany Jackson,Christine Gonzales,PO939694,INV102293,7588.16,7588.16,7588.16,none
103257,2024-10-28,18:38:00,2024-10-28 18:38:00,Operations,6000,Vendor Payments,Davidson-Frank,28412.62,Alyssa Jackson,Denise Elliott,PO600706,INV133071,28412.62,28412.62,28412.62,none
102820,2024-10-29,09:26:00,2024-10-29 09:26:00,IT,5500,Utilities,Reyes-Glover,14548.81,Tanner Avila,Alyssa Jackson,PO718784,INV737578,14548.81,14548.81,14548.81,none
104518,2024-10-29,09:56:00,2024-10-29 09:56:00,Procurement,5300,Professional Fees,Willis Group,52069.77,Elizabeth Shea,Denise Elliott,PO225144,INV262089,52069.77,52069.77,52069.77,none
104972,2024-10-29,10:06:00,2024-10-29 10:06:00,Marketing,5100,Office Supplies,"Yang, Weber and Nielsen",52182.61,Denise Elliott,Austin Cohen,PO86041,INV176210,52182.61,52182.61,52182.61,unusual_amount
102445,2024-10-29,11:41:00,2024-10-29 11:41:00,Procurement,5100,Office Supplies,Mora-Lynn,22388.79,Denise Elliott,Anita Harris,PO874691,INV583718,22388.79,22388.79,22388.79,none
101453,2024-10-29,12:06:00,2024-10-29 12:06:00,IT,6000,Vendor Payments,Tucker Group,31809.9,Joy Hernandez,Mary Harrison,PO555855,INV918365,31809.9,31809.9,31809.9,none
103887,2024-10-29,12:42:00,2024-10-29 12:42:00,IT,5000,Raw Materials Expense,"Dixon, Jackson and Benjamin",30889.62,Kyle King,Patricia Lopez,PO113766,INV74182,30889.62,30889.62,30889.62,none
103285,2024-10-29,13:04:00,2024-10-29 13:04:00,Operations,5100,Office Supplies,Torres-Mendoza,15294.45,Mary Harrison,Michael Macdonald,PO992119,INV214941,15294.45,15294.45,15294.45,none
102466,2024-10-29,13:51:00,2024-10-29 13:51:00,HR,5200,Travel & Entertainment,Francis-Burke,17457.46,Kyle King,Lindsey Lewis,PO552735,INV557670,17457.46,17457.46,17457.46,none
103801,2024-10-29,14:19:00,2024-10-29 14:19:00,Finance,5200,Travel & Entertainment,Rivera-Charles,10961.49,Gary Mays,Michael Rivas,PO970291,INV190589,10961.49,10961.49,10961.49,none
103022,2024-10-29,14:41:00,2024-10-29 14:41:00,Sales,5300,Professional Fees,Evans Ltd,13458.99,Janice Bush,Lindsey Lewis,PO786892,INV272481,13458.99,13458.99,13458.99,none
100002,2024-10-29,15:02:00,2024-10-29 15:02:00,Procurement,5500,Utilities,Pearson PLC,12455.72,Sergio Arroyo,Donald Ferguson,PO199604,INV689555,12455.72,12455.72,12455.72,none
102970,2024-10-29,15:11:00,2024-10-29 15:11:00,HR,5000,Raw Materials Expense,Humphrey-Berg,37897.17,Thomas Martin,Brittany Jackson,PO43700,INV197318,37897.17,37897.17,37897.17,none
104459,2024-10-29,15:53:00,2024-10-29 15:53:00,IT,6000,Vendor Payments,Evans Ltd,9144.1,Christina Miller,Timothy Johnson,PO545442,INV420372,9144.1,9144.1,9144.1,none
103227,2024-10-29,15:54:00,2024-10-29 15:54:00,Sales,5300,Professional Fees,Hopkins Inc,35006.33,Elizabeth Boyle,Michael Rivas,PO606264,INV327366,35006.33,35006.33,35006.33,none
101022,2024-10-29,16:53:00,2024-10-29 16:53:00,Sales,5000,Raw Materials Expense,Harris PLC,12523.14,Joy Hernandez,Nicole Clarke,PO711720,INV963390,12523.14,12523.14,12523.14,none
102185,2024-10-29,17:10:00,2024-10-29 17:10:00,Finance,5200,Travel & Entertainment,Jones Inc,8690.57,Christine Gonzales,Patricia Lopez,PO91315,INV249947,8690.57,8690.57,8690.57,none
102747,2024-10-29,17:30:00,2024-10-29 17:30:00,Finance,5100,Office Supplies,Jones Ltd,11544.07,Brittany Jackson,Sergio Arroyo,PO822705,INV997156,11544.07,11544.07,11544.07,none
102103,2024-10-29,17:33:00,2024-10-29 17:33:00,Sales,5500,Utilities,Schneider-Clark,12207.08,Michael Fox,Christine Gonzales,PO929585,INV204971,12207.08,12207.08,12207.08,none
102712,2024-10-29,17:49:00,2024-10-29 17:49:00,Operations,5300,Professional Fees,Torres-Mendoza,9334.53,Taylor Carroll,Donna Weber,PO205407,INV26322,9334.53,9334.53,9334.53,none
104666,2024-10-29,18:11:00,2024-10-29 18:11:00,IT,5300,Professional Fees,Nichols LLC,19406.29,Christine Gonzales,Tanner Avila,PO970518,INV557498,19406.29,19406.29,19406.29,none
102584,2024-10-29,18:21:00,2024-10-29 18:21:00,IT,5400,IT & Software,Stewart-Russell,8722.17,Janice Bush,Joy Hernandez,PO994263,INV40161,8722.17,8722.17,8722.17,none
100774,2024-10-29,18:29:00,2024-10-29 18:29:00,Finance,5400,IT & Software,"Hernandez, Hopkins and Houston",4090.75,Elizabeth Shea,Janice Bush,PO434973,INV315704,4090.75,4090.75,4090.75,none
102830,2024-10-30,09:55:00,2024-10-30 09:55:00,HR,5000,Raw Materials Expense,Stevens-Gibson,8625.03,Dawn Hall,Anita Harris,PO980473,INV61756,8625.03,8625.03,8625.03,none
104711,2024-10-30,10:21:00,2024-10-30 10:21:00,Operations,5400,IT & Software,"Duncan, Graham and Stark",7542.19,Christina Miller,Gerald Freeman,PO399742,INV496285,7542.19,7542.19,7542.19,none
101650,2024-10-30,11:01:00,2024-10-30 11:01:00,Procurement,5000,Raw Materials Expense,"Jefferson, Sullivan and Young",25634.46,Tanner Avila,Autumn Reed,PO948201,INV357556,25634.46,25634.46,25634.46,none
102277,2024-10-30,11:13:00,2024-10-30 11:13:00,Operations,6000,Vendor Payments,Mays-Ortega,2289.59,Patricia Lopez,Denise Elliott,PO807722,INV144253,2289.59,2289.59,2289.59,none
101471,2024-10-30,11:24:00,2024-10-30 11:24:00,HR,5400,IT & Software,Smith-Parker,8168.87,Corey Jones,Gary Stone,PO477519,INV699713,8168.87,8168.87,8168.87,none
101450,2024-10-30,12:47:00,2024-10-30 12:47:00,Procurement,5200,Travel & Entertainment,Reyes-Glover,8368.75,Austin Cohen,Donald Ferguson,PO899166,INV972423,8368.75,8368.75,8368.75,none
100103,2024-10-30,13:20:00,2024-10-30 13:20:00,Marketing,5400,IT & Software,Miller LLC,11456.16,Corey Jones,Anita Harris,PO776302,INV394213,11456.16,11456.16,11456.16,none
101126,2024-10-30,14:17:00,2024-10-30 14:17:00,Procurement,5500,Utilities,"Durham, Bowen and Hess",21531.47,Timothy Johnson,Jeffrey Hancock,PO905587,INV392369,21531.47,21531.47,21531.47,none
103384,2024-10-30,14:50:00,2024-10-30 14:50:00,Finance,5300,Professional Fees,"Mills, Crane and Kim",3744.38,Joy Hernandez,Taylor Carroll,PO64840,INV977020,3744.38,3744.38,3744.38,none
100519,2024-10-30,14:51:00,2024-10-30 14:51:00,Marketing,6000,Vendor Payments,"White, Tucker and Wolf",14318.7,Patricia Lopez,Michael Rivas,PO497450,INV946417,14318.7,14318.7,14318.7,none
103277,2024-10-30,15:37:00,2024-10-30 15:37:00,Procurement,5300,Professional Fees,Becker-Martinez,30945.07,Christina Miller,Austin Cohen,PO913132,INV311500,30945.07,30945.07,30945.07,none
102946,2024-10-30,16:10:00,2024-10-30 16:10:00,Sales,5100,Office Supplies,Harper-Hernandez,2705.69,Janice Bush,James Dennis,PO35573,INV466682,2705.69,2705.69,2705.69,none
104573,2024-10-30,16:29:00,2024-10-30 16:29:00,Marketing,5000,Raw Materials Expense,"Howard, Tucker and Flores",27595.0,Gary Mays,Brittany Jackson,PO672428,INV318821,27595.0,27595.0,27595.0,none
103162,2024-10-30,16:59:00,2024-10-30 16:59:00,IT,6000,Vendor Payments,Mora-Lynn,18381.35,Nicole Clarke,Kyle King,PO896897,INV767230,18381.35,18381.35,18381.35,none
103896,2024-10-30,17:04:00,2024-10-30 17:04:00,IT,6000,Vendor Payments,"Hernandez, Hopkins and Houston",26534.38,Michael Macdonald,Christina Miller,PO918803,INV541555,26534.38,26534.38,26534.38,none
104897,2024-10-30,17:14:00,2024-10-30 17:14:00,Operations,5400,IT & Software,Evans Ltd,20101.96,Donald Ferguson,Thomas Martin,PO400199,INV112523,20101.96,20101.96,20101.96,duplicate_payment
103663,2024-10-30,17:15:00,2024-10-30 17:15:00,IT,5100,Office Supplies,"Hernandez, Hopkins and Houston",1891.54,Gary Stone,Alyssa Jackson,PO447710,INV826085,1891.54,1891.54,1891.54,none
101046,2024-10-30,17:53:00,2024-10-30 17:53:00,IT,5500,Utilities,"Flores, Hood and Brown",5441.75,Elizabeth Boyle,Christina Miller,PO399308,INV746135,5441.75,5441.75,5441.75,none
101841,2024-10-30,18:23:00,2024-10-30 18:23:00,Marketing,5400,IT & Software,Reyes-Glover,19367.56,Denise Elliott,Autumn Reed,PO175586,INV634616,19367.56,19367.56,19367.56,none
101947,2024-10-30,18:44:00,2024-10-30 18:44:00,Marketing,5000,Raw Materials Expense,"Hernandez, Hopkins and Houston",6140.01,Mary Harrison,Anita Harris,PO474028,INV724278,6140.01,6140.01,6140.01,none
100602,2024-10-31,09:42:00,2024-10-31 09:42:00,IT,5200,Travel & Entertainment,Miller LLC,35635.59,Sergio Arroyo,Lindsey Lewis,PO370385,INV527465,35635.59,35635.59,35635.59,none
101585,2024-10-31,11:01:00,2024-10-31 11:01:00,IT,5000,Raw Materials Expense,Schneider-Clark,16243.24,Timothy Johnson,Nicole Chavez,PO978142,INV6624,16243.24,16243.24,16243.24,none
100828,2024-10-31,13:02:00,2024-10-31 13:02:00,Operations,5100,Office Supplies,Francis-Burke,6837.02,Sean Kelly,Jeffrey Hancock,PO174409,INV187513,6837.02,6837.02,6837.02,none
100554,2024-10-31,13:20:00,2024-10-31 13:20:00,Procurement,5300,Professional Fees,Reyes-Glover,15200.63,Tanner Avila,Leslie Robinson,PO346781,INV988693,15200.63,15200.63,15200.63,none
102851,2024-10-31,13:37:00,2024-10-31 13:37:00,Sales,5500,Utilities,"Smith, Montgomery and Reyes",6719.71,Christina Miller,Taylor Carroll,PO732758,INV375288,6719.71,6719.71,6719.71,none
100079,2024-10-31,14:48:00,2024-10-31 14:48:00,Sales,6000,Vendor Payments,Jones Ltd,3374.54,Joy Hernandez,Sean Kelly,PO431781,INV784985,3374.54,3374.54,3374.54,none
103376,2024-10-31,15:49:00,2024-10-31 15:49:00,Sales,5300,Professional Fees,"Jefferson, Sullivan and Young",6696.74,Gerald Freeman,Janice Bush,PO199159,INV929400,6696.74,6696.74,6696.74,none
101410,2024-10-31,17:09:00,2024-10-31 17:09:00,Marketing,5300,Professional Fees,Mora-Lynn,11011.97,Donald Ferguson,Elizabeth Boyle,PO534595,INV733289,11011.97,11011.97,11011.97,none
102394,2024-10-31,17:14:00,2024-10-31 17:14:00,IT,5200,Travel & Entertainment,"Robles, Moses and Morgan",1859.99,Gary Stone,Michael Fox,PO520982,INV300330,1859.99,1859.99,1859.99,none
100870,2024-10-31,17:33:00,2024-10-31 17:33:00,Procurement,5400,IT & Software,Pearson PLC,8530.68,Brittany Jackson,Elizabeth Boyle,PO969232,INV305813,8530.68,8530.68,8530.68,none
102523,2024-10-31,17:35:00,2024-10-31 17:35:00,Marketing,5300,Professional Fees,Reyes-Glover,4741.19,Elizabeth Shea,Jeffrey Hancock,PO740643,INV559409,4741.19,4741.19,4741.19,none
105036,2024-10-31,18:05:00,2024-10-31 18:05:00,Procurement,6000,Vendor Payments,Gross-Morrison,13634.81,Thomas Martin,Sean Kelly,PO349418,INV411436,13634.81,13634.81,13634.81,duplicate_payment
100833,2024-10-31,18:32:00,2024-10-31 18:32:00,Procurement,5500,Utilities,Scott-Bailey,7258.8,Kyle King,Anita Harris,PO891173,INV289354,7258.8,7258.8,7258.8,none
100822,2024-11-01,09:33:00,2024-11-01 09:33:00,Operations,5000,Raw Materials Expense,Scott-Bailey,62795.12,Donna Weber,Michael Fox,PO102455,INV738673,62795.12,62795.12,62795.12,none
101976,2024-11-01,10:22:00,2024-11-01 10:22:00,Procurement,5300,Professional Fees,"Yang, Weber and Nielsen",32491.89,Michael Fox,Donna Weber,PO71920,INV446127,32491.89,32491.89,32491.89,none
103741,2024-11-01,10:37:00,2024-11-01 10:37:00,Sales,5500,Utilities,"Duncan, Graham and Stark",24217.92,Mary Harrison,Timothy Johnson,PO585294,INV387798,24217.92,24217.92,24217.92,none
102638,2024-11-01,10:46:00,2024-11-01 10:46:00,Operations,5500,Utilities,"Smith, Montgomery and Reyes",14034.51,Nicole Clarke,Michael Rivas,PO326039,INV452687,14034.51,14034.51,14034.51,none
100205,2024-11-01,10:56:00,2024-11-01 10:56:00,Finance,5200,Travel & Entertainment,Scott-Bailey,7704.6,Elizabeth Boyle,Timothy Johnson,PO59996,INV219153,7704.6,7704.6,7704.6,none
103461,2024-11-01,13:00:00,2024-11-01 13:00:00,Sales,5500,Utilities,"Gardner, Perry and Cruz",12268.73,Christina Miller,Alyssa Jackson,PO429007,INV118561,12268.73,12268.73,12268.73,none
100106,2024-11-01,13:35:00,2024-11-01 13:35:00,Finance,6000,Vendor Payments,Murphy Inc,17676.21,Christopher Chung,Gary Stone,PO939200,INV622807,17676.21,17676.21,17676.21,none
103785,2024-11-01,14:14:00,2024-11-01 14:14:00,Operations,6000,Vendor Payments,Humphrey-Berg,18876.68,Sean Kelly,Anita Harris,PO319995,INV937999,18876.68,18876.68,18876.68,none
100429,2024-11-01,15:39:00,2024-11-01 15:39:00,Finance,5500,Utilities,"Silva, Jones and Oliver",8462.33,Nicole Clarke,Sergio Arroyo,PO80513,INV149850,8462.33,8462.33,8462.33,none
103252,2024-11-01,15:46:00,2024-11-01 15:46:00,Marketing,5300,Professional Fees,Pearson PLC,39634.98,Michael Fox,Austin Cohen,PO452088,INV380867,39634.98,39634.98,39634.98,none
103552,2024-11-01,16:27:00,2024-11-01 16:27:00,Sales,5400,IT & Software,Harris PLC,19820.53,Donald Ferguson,Christopher Chung,PO224130,INV643311,19820.53,19820.53,19820.53,none
100191,2024-11-01,17:18:00,2024-11-01 17:18:00,IT,5400,IT & Software,Larson PLC,29727.33,Elizabeth Boyle,Kyle King,PO220931,INV458326,29727.33,29727.33,29727.33,none
100598,2024-11-01,17:21:00,2024-11-01 17:21:00,Procurement,5200,Travel & Entertainment,Powers Group,28364.77,Anita Harris,Sergio Arroyo,PO14809,INV527287,28364.77,28364.77,28364.77,none
102898,2024-11-01,17:48:00,2024-11-01 17:48:00,Operations,5000,Raw Materials Expense,Mora-Lynn,13696.4,Lindsey Lewis,Lawrence Davis,PO469892,INV490594,13696.4,13696.4,13696.4,none
100119,2024-11-01,18:14:00,2024-11-01 18:14:00,Sales,5000,Raw Materials Expense,Larson PLC,16168.97,Michael Macdonald,Mary Harrison,PO572988,INV412326,16168.97,16168.97,16168.97,none
100400,2024-11-01,18:50:00,2024-11-01 18:50:00,Procurement,5000,Raw Materials Expense,"Howard, Tucker and Flores",10885.06,Janice Bush,Donald Ferguson,PO294273,INV644940,10885.06,10885.06,10885.06,none
104932,2024-11-03,09:16:00,2024-11-03 09:16:00,Marketing,5400,IT & Software,Evans Ltd,27896.3,Michael Fox,Tanner Avila,PO108077,INV801324,27896.3,27896.3,27896.3,weekend_posting
102098,2024-11-04,09:19:00,2024-11-04 09:19:00,Operations,6000,Vendor Payments,White-Thomas,32331.01,Sergio Arroyo,Alyssa Jackson,PO73527,INV347214,32331.01,32331.01,32331.01,none
100003,2024-11-04,09:35:00,2024-11-04 09:35:00,Procurement,5000,Raw Materials Expense,Young Inc,11558.27,James Dennis,Joy Hernandez,PO992192,INV920462,11558.27,11558.27,11558.27,none
100830,2024-11-04,09:40:00,2024-11-04 09:40:00,Marketing,5300,Professional Fees,Harris PLC,18338.97,Austin Cohen,Lawrence Davis,PO597108,INV995107,18338.97,18338.97,18338.97,none
102137,2024-11-04,10:37:00,2024-11-04 10:37:00,HR,5400,IT & Software,"Silva, Jones and Oliver",13760.71,Brittany Jackson,Donna Weber,PO112766,INV400640,13760.71,13760.71,13760.71,none
102977,2024-11-04,11:50:00,2024-11-04 11:50:00,IT,5100,Office Supplies,Francis-Burke,6477.65,Patricia Perry,Kyle King,PO261909,INV84247,6477.65,6477.65,6477.65,none
102325,2024-11-04,11:58:00,2024-11-04 11:58:00,Operations,5500,Utilities,"Yang, Weber and Nielsen",11357.22,Anita Harris,Kyle King,PO56531,INV263840,11357.22,11357.22,11357.22,none
100522,2024-11-04,12:01:00,2024-11-04 12:01:00,Operations,5000,Raw Materials Expense,Reyes-Glover,16578.36,Lindsey Lewis,Lawrence Davis,PO673339,INV762496,16578.36,16578.36,16578.36,none
101792,2024-11-04,12:18:00,2024-11-04 12:18:00,Sales,5200,Travel & Entertainment,"Brown, Baker and Alvarado",4618.52,Elizabeth Boyle,Dawn Hall,PO836192,INV827541,4618.52,4618.52,4618.52,none
100087,2024-11-04,12:31:00,2024-11-04 12:31:00,Marketing,5300,Professional Fees,"Durham, Bowen and Hess",3168.67,Michael Macdonald,Janice Bush,PO449692,INV275180,3168.67,3168.67,3168.67,none
102291,2024-11-04,13:04:00,2024-11-04 13:04:00,Finance,5000,Raw Materials Expense,Nichols LLC,9192.04,Nicole Clarke,Anita Harris,PO218734,INV108470,9192.04,9192.04,9192.04,none
103426,2024-11-04,13:46:00,2024-11-04 13:46:00,Sales,5300,Professional Fees,Harris PLC,5408.91,Donald Ferguson,Corey Jones,PO621781,INV736887,5408.91,5408.91,5408.91,none
101139,2024-11-04,13:55:00,2024-11-04 13:55:00,Operations,6000,Vendor Payments,"Jefferson, Sullivan and Young",7015.41,Lindsey Lewis,Jeffrey Hancock,PO951990,INV607469,7015.41,7015.41,7015.41,none
102343,2024-11-04,13:56:00,2024-11-04 13:56:00,HR,5300,Professional Fees,Humphrey-Berg,35179.17,Tanner Avila,Donald Ferguson,PO560672,INV735578,35179.17,35179.17,35179.17,none
100530,2024-11-04,14:58:00,2024-11-04 14:58:00,Marketing,6000,Vendor Payments,Smith-Parker,8853.79,Donna Weber,Leslie Robinson,PO217587,INV842954,8853.79,8853.79,8853.79,none
101104,2024-11-04,15:31:00,2024-11-04 15:31:00,Finance,6000,Vendor Payments,"Flores, Hood and Brown",8351.53,Kyle King,Christine Gonzales,PO145808,INV427181,8351.53,8351.53,8351.53,none
102247,2024-11-04,16:01:00,2024-11-04 16:01:00,Finance,5200,Travel & Entertainment,Stewart-Russell,4936.38,Donald Ferguson,Dawn Hall,PO419892,INV413638,4936.38,4936.38,4936.38,none
101483,2024-11-04,17:13:00,2024-11-04 17:13:00,Finance,6000,Vendor Payments,Harper-Hernandez,4725.14,Gary Mays,Elizabeth Shea,PO911130,INV486671,4725.14,4725.14,4725.14,none
103718,2024-11-04,17:15:00,2024-11-04 17:15:00,HR,5400,IT & Software,Schneider-Clark,27856.68,Denise Elliott,Taylor Carroll,PO476229,INV484831,27856.68,27856.68,27856.68,none
101153,2024-11-04,17:47:00,2024-11-04 17:47:00,Finance,5400,IT & Software,Rivera-Charles,26495.73,Christine Gonzales,Tanner Avila,PO261277,INV923841,26495.73,26495.73,26495.73,none
102879,2024-11-04,18:04:00,2024-11-04 18:04:00,Operations,5100,Office Supplies,Torres-Mendoza,9260.68,Joy Hernandez,Alyssa Jackson,PO934755,INV725598,9260.68,9260.68,9260.68,none
104279,2024-11-05,10:37:00,2024-11-05 10:37:00,Finance,5200,Travel & Entertainment,Reyes-Glover,22359.48,Michael Rivas,Alyssa Jackson,PO123452,INV706513,22359.48,22359.48,22359.48,none
102640,2024-11-05,10:51:00,2024-11-05 10:51:00,Marketing,5200,Travel & Entertainment,Tucker Group,30506.93,Lindsey Lewis,Donald Ferguson,PO868973,INV622876,30506.93,30506.93,30506.93,none
101593,2024-11-05,10:52:00,2024-11-05 10:52:00,HR,5000,Raw Materials Expense,"Gardner, Perry and Cruz",30979.93,Kyle King,Patricia Lopez,PO977112,INV348382,30979.93,30979.93,30979.93,none
103547,2024-11-05,11:13:00,2024-11-05 11:13:00,Operations,5300,Professional Fees,Harris PLC,19580.25,Elizabeth Shea,Dawn Hall,PO312199,INV682948,19580.25,19580.25,19580.25,none
104564,2024-11-05,11:21:00,2024-11-05 11:21:00,IT,5200,Travel & Entertainment,"Morton, Reynolds and Anderson",24020.4,Jeffrey Hancock,Elizabeth Boyle,PO294207,INV19932,24020.4,24020.4,24020.4,none
100975,2024-11-05,11:24:00,2024-11-05 11:24:00,IT,5000,Raw Materials Expense,Stewart-Russell,5566.22,Austin Cohen,Donald Ferguson,PO420553,INV692144,5566.22,5566.22,5566.22,none
102263,2024-11-05,11:30:00,2024-11-05 11:30:00,HR,5100,Office Supplies,Smith-Wise,5762.94,Leslie Robinson,Christina Miller,PO15519,INV37874,5762.94,5762.94,5762.94,none
103551,2024-11-05,11:30:00,2024-11-05 11:30:00,Procurement,5200,Travel & Entertainment,"Flores, Hood and Brown",8916.98,Thomas Martin,Sergio Arroyo,PO174565,INV347571,8916.98,8916.98,8916.98,none
103292,2024-11-05,11:42:00,2024-11-05 11:42:00,Procurement,5200,Travel & Entertainment,Powers Group,49537.78,Elizabeth Boyle,Autumn Reed,PO840983,INV276673,49537.78,49537.78,49537.78,none
100960,2024-11-05,11:58:00,2024-11-05 11:58:00,Finance,6000,Vendor Payments,Murphy Inc,28846.97,Autumn Reed,Elizabeth Shea,PO877910,INV975504,28846.97,28846.97,28846.97,none
101488,2024-11-05,12:04:00,2024-11-05 12:04:00,Sales,5300,Professional Fees,Mays-Ortega,17780.33,Denise Elliott,Christopher Chung,PO570614,INV702061,17780.33,17780.33,17780.33,none
101914,2024-11-05,12:10:00,2024-11-05 12:10:00,Finance,6000,Vendor Payments,Nichols LLC,44595.14,Elizabeth Boyle,Sergio Arroyo,PO263337,INV533985,44595.14,44595.14,44595.14,none
101830,2024-11-05,12:28:00,2024-11-05 12:28:00,HR,5400,IT & Software,Rivera-Charles,28740.22,Dawn Hall,Nicole Clarke,PO401897,INV758261,28740.22,28740.22,28740.22,none
104248,2024-11-05,12:52:00,2024-11-05 12:52:00,Sales,5100,Office Supplies,Hughes-Nichols,10971.42,James Dennis,Leslie Robinson,PO846361,INV947112,10971.42,10971.42,10971.42,none
103639,2024-11-05,13:11:00,2024-11-05 13:11:00,Marketing,5000,Raw Materials Expense,Mora-Lynn,16527.58,Gary Mays,Gary Stone,PO514438,INV652793,16527.58,16527.58,16527.58,none
101899,2024-11-05,13:30:00,2024-11-05 13:30:00,Finance,5400,IT & Software,Hopkins Inc,33129.91,Gary Mays,Brittany Jackson,PO81131,INV515548,33129.91,33129.91,33129.91,none
103487,2024-11-05,14:10:00,2024-11-05 14:10:00,Procurement,5200,Travel & Entertainment,"Flores, Hood and Brown",2138.81,Tanner Avila,Michael Rivas,PO4629,INV929447,2138.81,2138.81,2138.81,none
101535,2024-11-05,14:15:00,2024-11-05 14:15:00,IT,6000,Vendor Payments,Humphrey-Berg,21449.17,Timothy Johnson,Joy Hernandez,PO322277,INV751662,21449.17,21449.17,21449.17,none
102443,2024-11-05,15:24:00,2024-11-05 15:24:00,HR,5200,Travel & Entertainment,Harper-Hernandez,1517.02,Michael Fox,Austin Cohen,PO293087,INV932573,1517.02,1517.02,1517.02,none
104094,2024-11-05,15:25:00,2024-11-05 15:25:00,Sales,5000,Raw Materials Expense,Cowan-Powers,5215.08,Thomas Martin,Denise Elliott,PO564679,INV414842,5215.08,5215.08,5215.08,none
104102,2024-11-05,16:05:00,2024-11-05 16:05:00,Sales,5100,Office Supplies,Humphrey-Berg,3513.49,Mary Harrison,James Dennis,PO139411,INV630854,3513.49,3513.49,3513.49,none
101618,2024-11-05,16:13:00,2024-11-05 16:13:00,Operations,5200,Travel & Entertainment,Rivera-Charles,32194.57,Elizabeth Boyle,Christine Gonzales,PO23517,INV285173,32194.57,32194.57,32194.57,none
100227,2024-11-05,16:32:00,2024-11-05 16:32:00,Marketing,5400,IT & Software,Willis Group,6540.51,Leslie Robinson,Christopher Chung,PO712017,INV806241,6540.51,6540.51,6540.51,none
101418,2024-11-05,16:43:00,2024-11-05 16:43:00,IT,5500,Utilities,"Jefferson, Sullivan and Young",8809.61,Denise Elliott,Gary Stone,PO884013,INV567331,8809.61,8809.61,8809.61,none
103178,2024-11-05,16:46:00,2024-11-05 16:46:00,HR,5200,Travel & Entertainment,Ballard-Jenkins,10248.67,Michael Macdonald,Elizabeth Shea,PO514044,INV858973,10248.67,10248.67,10248.67,none
104444,2024-11-05,16:52:00,2024-11-05 16:52:00,IT,5000,Raw Materials Expense,Ballard-Jenkins,3555.01,Mary Harrison,Janice Bush,PO928942,INV331786,3555.01,3555.01,3555.01,none
100929,2024-11-05,18:08:00,2024-11-05 18:08:00,Operations,6000,Vendor Payments,Hughes-Nichols,30240.52,Patricia Perry,Dawn Hall,PO949420,INV188653,30240.52,30240.52,30240.52,none
101367,2024-11-05,18:19:00,2024-11-05 18:19:00,Marketing,5500,Utilities,Schneider-Clark,8695.01,Corey Jones,Gerald Freeman,PO240920,INV783749,8695.01,8695.01,8695.01,none
102438,2024-11-06,09:04:00,2024-11-06 09:04:00,Operations,5100,Office Supplies,Stewart-Russell,31455.96,Austin Cohen,Michael Rivas,PO45020,INV470954,31455.96,31455.96,31455.96,none
103548,2024-11-06,09:26:00,2024-11-06 09:26:00,HR,5300,Professional Fees,Scott-Bailey,11604.58,Christina Miller,Corey Jones,PO796131,INV223230,11604.58,11604.58,11604.58,none
100294,2024-11-06,11:20:00,2024-11-06 11:20:00,Procurement,5100,Office Supplies,"Hernandez, Hopkins and Houston",20533.76,Michael Macdonald,Nicole Clarke,PO849381,INV907730,20533.76,20533.76,20533.76,none
102669,2024-11-06,12:20:00,2024-11-06 12:20:00,Sales,5200,Travel & Entertainment,Larson PLC,24969.18,James Dennis,Sergio Arroyo,PO727689,INV44886,24969.18,24969.18,24969.18,none
104225,2024-11-06,12:30:00,2024-11-06 12:30:00,HR,5400,IT & Software,"Mills, Crane and Kim",21622.23,Michael Fox,Elizabeth Shea,PO448430,INV928157,21622.23,21622.23,21622.23,none
104473,2024-11-06,13:18:00,2024-11-06 13:18:00,Finance,6000,Vendor Payments,"Morton, Reynolds and Anderson",2178.12,Elizabeth Shea,Autumn Reed,PO217518,INV611972,2178.12,2178.12,2178.12,none
104327,2024-11-06,14:06:00,2024-11-06 14:06:00,Finance,5400,IT & Software,Humphrey-Berg,20285.68,Thomas Martin,Janice Bush,PO611727,INV124039,20285.68,20285.68,20285.68,none
101820,2024-11-06,14:21:00,2024-11-06 14:21:00,IT,5300,Professional Fees,"Cherry, Martin and Compton",36167.88,Patricia Perry,Denise Elliott,PO482372,INV103754,36167.88,36167.88,36167.88,none
100908,2024-11-06,15:11:00,2024-11-06 15:11:00,Operations,5500,Utilities,Galvan Group,3328.27,Gerald Freeman,Timothy Johnson,PO557045,INV380085,3328.27,3328.27,3328.27,none
100026,2024-11-06,15:13:00,2024-11-06 15:13:00,Operations,5400,IT & Software,Hughes-Nichols,15682.68,Michael Rivas,Sergio Arroyo,PO42605,INV542096,15682.68,15682.68,15682.68,none
103623,2024-11-06,15:25:00,2024-11-06 15:25:00,HR,5400,IT & Software,"White, Tucker and Wolf",3959.03,Taylor Carroll,Autumn Reed,PO445177,INV253051,3959.03,3959.03,3959.03,none
101668,2024-11-06,15:27:00,2024-11-06 15:27:00,IT,5200,Travel & Entertainment,Mays-Ortega,19509.4,Elizabeth Boyle,Jeffrey Hancock,PO436298,INV297804,19509.4,19509.4,19509.4,none
103276,2024-11-06,16:26:00,2024-11-06 16:26:00,Marketing,5000,Raw Materials Expense,Davidson-Frank,1369.54,Elizabeth Shea,Corey Jones,PO380312,INV282649,1369.54,1369.54,1369.54,none
102791,2024-11-06,16:33:00,2024-11-06 16:33:00,Procurement,5200,Travel & Entertainment,Torres-Mendoza,13607.05,Janice Bush,Nicole Clarke,PO771892,INV146123,13607.05,13607.05,13607.05,none
101826,2024-11-06,16:42:00,2024-11-06 16:42:00,Procurement,6000,Vendor Payments,"Cherry, Martin and Compton",39722.42,Joy Hernandez,Lindsey Lewis,PO163468,INV458591,39722.42,39722.42,39722.42,none
100708,2024-11-06,16:55:00,2024-11-06 16:55:00,IT,5500,Utilities,Schneider-Clark,2023.19,Patricia Perry,Donald Ferguson,PO630962,INV990652,2023.19,2023.19,2023.19,none
104562,2024-11-06,17:04:00,2024-11-06 17:04:00,Marketing,5400,IT & Software,"Smith, Montgomery and Reyes",6750.83,Sean Kelly,Jeffrey Hancock,PO742352,INV460415,6750.83,6750.83,6750.83,none
103683,2024-11-06,17:10:00,2024-11-06 17:10:00,HR,5300,Professional Fees,Raymond-Lucas,36823.4,Autumn Reed,Brittany Jackson,PO420748,INV393482,36823.4,36823.4,36823.4,none
102012,2024-11-06,17:45:00,2024-11-06 17:45:00,Marketing,5300,Professional Fees,Murphy Inc,23090.67,Sergio Arroyo,Austin Cohen,PO15541,INV922769,23090.67,23090.67,23090.67,none
103430,2024-11-06,17:56:00,2024-11-06 17:56:00,Marketing,5300,Professional Fees,Galvan Group,15212.58,Kyle King,Patricia Perry,PO42306,INV838564,15212.58,15212.58,15212.58,none
102136,2024-11-06,18:24:00,2024-11-06 18:24:00,Marketing,6000,Vendor Payments,Stewart-Russell,11915.44,Nicole Clarke,Sean Kelly,PO313577,INV279618,11915.44,11915.44,11915.44,none
102643,2024-11-06,18:32:00,2024-11-06 18:32:00,Sales,6000,Vendor Payments,Scott-Bailey,67332.68,Gerald Freeman,James Dennis,PO56123,INV279317,67332.68,67332.68,67332.68,none
101170,2024-11-06,18:45:00,2024-11-06 18:45:00,Procurement,5000,Raw Materials Expense,"Duncan, Graham and Stark",6518.38,Lawrence Davis,Nicole Clarke,PO738211,INV702088,6518.38,6518.38,6518.38,none
100096,2024-11-06,18:47:00,2024-11-06 18:47:00,IT,5200,Travel & Entertainment,Miller LLC,7732.67,Dawn Hall,Gerald Freeman,PO799226,INV396499,7732.67,7732.67,7732.67,none
103312,2024-11-07,09:21:00,2024-11-07 09:21:00,Sales,5100,Office Supplies,"Durham, Bowen and Hess",4798.13,Patricia Lopez,Austin Cohen,PO421231,INV785967,4798.13,4798.13,4798.13,none
100727,2024-11-07,09:46:00,2024-11-07 09:46:00,Procurement,5000,Raw Materials Expense,Murphy Inc,2439.25,James Dennis,Brittany Jackson,PO615421,INV488800,2439.25,2439.25,2439.25,none
104401,2024-11-07,09:53:00,2024-11-07 09:53:00,Marketing,5000,Raw Materials Expense,"Martin, Brewer and Young",6898.53,Sergio Arroyo,Leslie Robinson,PO161113,INV143365,6898.53,6898.53,6898.53,none
102800,2024-11-07,10:09:00,2024-11-07 10:09:00,Sales,5500,Utilities,"Nelson, Duncan and Smith",14160.22,Nicole Clarke,Donald Ferguson,PO653185,INV317845,14160.22,14160.22,14160.22,none
103350,2024-11-07,10:52:00,2024-11-07 10:52:00,Operations,5500,Utilities,"Nelson, Duncan and Smith",9328.07,Anita Harris,Janice Bush,PO761000,INV51523,9328.07,9328.07,9328.07,none
104843,2024-11-07,11:07:00,2024-11-07 11:07:00,Marketing,5100,Office Supplies,Mays-Ortega,82623.36,Elizabeth Boyle,Austin Cohen,PO520562,INV80655,82623.36,82623.36,82623.36,unusual_amount
103436,2024-11-07,11:53:00,2024-11-07 11:53:00,HR,5500,Utilities,Scott-Bailey,4899.62,Joy Hernandez,Leslie Robinson,PO553839,INV216242,4899.62,4899.62,4899.62,none
100022,2024-11-07,12:09:00,2024-11-07 12:09:00,Procurement,6000,Vendor Payments,"Martin, Brewer and Young",4781.45,Michael Fox,Joy Hernandez,PO711260,INV215336,4781.45,4781.45,4781.45,none
100820,2024-11-07,12:36:00,2024-11-07 12:36:00,Finance,5300,Professional Fees,Torres-Mendoza,14054.23,Tanner Avila,Elizabeth Boyle,PO648009,INV821688,14054.23,14054.23,14054.23,none
101822,2024-11-07,12:51:00,2024-11-07 12:51:00,Finance,5000,Raw Materials Expense,Powers Group,11074.24,Denise Elliott,Taylor Carroll,PO2174,INV988267,11074.24,11074.24,11074.24,none
100201,2024-11-07,13:01:00,2024-11-07 13:01:00,Sales,6000,Vendor Payments,Mora-Lynn,9536.16,Janice Bush,Sean Kelly,PO783051,INV516508,9536.16,9536.16,9536.16,none
102033,2024-11-07,13:35:00,2024-11-07 13:35:00,IT,5500,Utilities,Jones Ltd,13176.33,Patricia Lopez,Donna Weber,PO526925,INV195035,13176.33,13176.33,13176.33,none
104409,2024-11-07,13:56:00,2024-11-07 13:56:00,Marketing,5400,IT & Software,"Martin, Brewer and Young",6934.35,Joy Hernandez,Dawn Hall,PO14661,INV323582,6934.35,6934.35,6934.35,none
102735,2024-11-07,14:06:00,2024-11-07 14:06:00,Marketing,5500,Utilities,"Gardner, Perry and Cruz",7638.15,Christopher Chung,Sergio Arroyo,PO797564,INV923974,7638.15,7638.15,7638.15,none
101402,2024-11-07,15:33:00,2024-11-07 15:33:00,Sales,5400,IT & Software,Gomez Ltd,6831.44,Lawrence Davis,James Dennis,PO543847,INV915904,6831.44,6831.44,6831.44,none
101785,2024-11-07,15:43:00,2024-11-07 15:43:00,Marketing,6000,Vendor Payments,Stevens-Gibson,6860.12,Leslie Robinson,Janice Bush,PO527535,INV22845,6860.12,6860.12,6860.12,none
101289,2024-11-07,16:00:00,2024-11-07 16:00:00,Finance,5000,Raw Materials Expense,Becker-Martinez,10788.13,Elizabeth Shea,Autumn Reed,PO58989,INV165140,10788.13,10788.13,10788.13,none
101704,2024-11-07,16:33:00,2024-11-07 16:33:00,Operations,5100,Office Supplies,Evans Ltd,38785.65,Gary Stone,Sergio Arroyo,PO911709,INV700016,38785.65,38785.65,38785.65,none
103351,2024-11-07,16:57:00,2024-11-07 16:57:00,Sales,5200,Travel & Entertainment,Nichols LLC,20716.98,Sergio Arroyo,Leslie Robinson,PO984478,INV107651,20716.98,20716.98,20716.98,none
104665,2024-11-07,17:16:00,2024-11-07 17:16:00,IT,5000,Raw Materials Expense,Torres-Mendoza,36851.51,Gary Mays,Taylor Carroll,PO920115,INV483709,36851.51,36851.51,36851.51,none
101395,2024-11-07,18:28:00,2024-11-07 18:28:00,IT,5300,Professional Fees,Rivera-Charles,73370.52,Christopher Chung,Thomas Martin,PO427899,INV156906,73370.52,73370.52,73370.52,none
104861,2024-11-08,09:10:00,2024-11-08 09:10:00,Sales,6000,Vendor Payments,Smith-Wise,77509.12,Joy Hernandez,Christine Gonzales,PO12887,INV191064,77509.12,77509.12,77509.12,unusual_amount
101435,2024-11-08,09:22:00,2024-11-08 09:22:00,Marketing,5100,Office Supplies,Humphrey-Berg,41491.91,Kyle King,Brittany Jackson,PO776427,INV191530,41491.91,41491.91,41491.91,none
101006,2024-11-08,09:38:00,2024-11-08 09:38:00,Finance,5400,IT & Software,"Hernandez, Hopkins and Houston",7476.07,Michael Macdonald,Lawrence Davis,PO825020,INV232666,7476.07,7476.07,7476.07,none
103398,2024-11-08,09:46:00,2024-11-08 09:46:00,Marketing,5100,Office Supplies,"Silva, Jones and Oliver",6710.76,James Dennis,Donald Ferguson,PO176710,INV495633,6710.76,6710.76,6710.76,none
103934,2024-11-08,10:27:00,2024-11-08 10:27:00,IT,5000,Raw Materials Expense,Becker-Martinez,9482.07,Nicole Clarke,Gary Stone,PO559402,INV141970,9482.07,9482.07,9482.07,none
101525,2024-11-08,11:12:00,2024-11-08 11:12:00,IT,6000,Vendor Payments,Stevens-Gibson,14287.82,Jeffrey Hancock,Joy Hernandez,PO634525,INV449242,14287.82,14287.82,14287.82,none
103253,2024-11-08,11:45:00,2024-11-08 11:45:00,Sales,5100,Office Supplies,Powers Group,10528.73,Patricia Lopez,Austin Cohen,PO905918,INV77850,10528.73,10528.73,10528.73,none
100997,2024-11-08,11:53:00,2024-11-08 11:53:00,Finance,6000,Vendor Payments,"Flores, Hood and Brown",7541.23,Jeffrey Hancock,Corey Jones,PO61376,INV971473,7541.23,7541.23,7541.23,none
104071,2024-11-08,12:01:00,2024-11-08 12:01:00,Sales,5000,Raw Materials Expense,Willis Group,18368.77,Christina Miller,Sean Kelly,PO226490,INV333756,18368.77,18368.77,18368.77,none
100173,2024-11-08,12:41:00,2024-11-08 12:41:00,Procurement,5400,IT & Software,"Cherry, Martin and Compton",8625.68,Janice Bush,Elizabeth Boyle,PO407681,INV304419,8625.68,8625.68,8625.68,none
103200,2024-11-08,13:27:00,2024-11-08 13:27:00,HR,6000,Vendor Payments,"Flores, Hood and Brown",12758.77,Dawn Hall,Lindsey Lewis,PO830573,INV478981,12758.77,12758.77,12758.77,none
100241,2024-11-08,13:48:00,2024-11-08 13:48:00,Finance,5500,Utilities,Scott-Bailey,19883.41,Lawrence Davis,Anita Harris,PO493344,INV152939,19883.41,19883.41,19883.41,none
103681,2024-11-08,15:28:00,2024-11-08 15:28:00,Procurement,5000,Raw Materials Expense,Powers Group,42774.54,Christine Gonzales,Timothy Johnson,PO243228,INV102797,42774.54,42774.54,42774.54,none
103706,2024-11-08,15:41:00,2024-11-08 15:41:00,Operations,6000,Vendor Payments,Mays-Ortega,11524.99,Lindsey Lewis,Michael Rivas,PO236479,INV3207,11524.99,11524.99,11524.99,none
100333,2024-11-08,15:52:00,2024-11-08 15:52:00,Finance,5400,IT & Software,Hopkins Inc,24364.78,Leslie Robinson,Patricia Lopez,PO840250,INV498985,24364.78,24364.78,24364.78,none
101017,2024-11-08,16:11:00,2024-11-08 16:11:00,HR,5300,Professional Fees,Gomez Ltd,15407.59,Tanner Avila,Denise Elliott,PO695009,INV693155,15407.59,15407.59,15407.59,none
103986,2024-11-08,16:27:00,2024-11-08 16:27:00,Sales,5400,IT & Software,Gross-Morrison,5284.64,Michael Fox,Elizabeth Boyle,PO788994,INV624376,5284.64,5284.64,5284.64,none
101813,2024-11-08,17:20:00,2024-11-08 17:20:00,Operations,5000,Raw Materials Expense,"Nelson, Duncan and Smith",6432.36,Donald Ferguson,Patricia Perry,PO380143,INV957010,6432.36,6432.36,6432.36,none
104733,2024-11-08,17:47:00,2024-11-08 17:47:00,HR,6000,Vendor Payments,"Gardner, Perry and Cruz",45485.35,Gary Mays,Christine Gonzales,PO937647,INV346287,45485.35,45485.35,45485.35,none
104855,2024-11-08,18:04:00,2024-11-08 18:04:00,Sales,5300,Professional Fees,Ballard-Jenkins,100000.0,Leslie Robinson,Tanner Avila,PO75519,INV725118,100000.0,100000.0,100000.0,round_number
101227,2024-11-08,18:50:00,2024-11-08 18:50:00,Operations,6000,Vendor Payments,Jones Ltd,11957.28,Austin Cohen,Jeffrey Hancock,PO75229,INV249380,11957.28,11957.28,11957.28,none
104379,2024-11-08,18:55:00,2024-11-08 18:55:00,IT,5200,Travel & Entertainment,Becker-Martinez,24003.79,Donna Weber,Sean Kelly,PO58001,INV478819,24003.79,24003.79,24003.79,none
105022,2024-11-09,17:14:00,2024-11-09 17:14:00,Operations,5400,IT & Software,Evans Ltd,20101.96,Donald Ferguson,Thomas Martin,PO400199,INV112523,20101.96,20101.96,20101.96,duplicate_payment
104858,2024-11-10,15:48:00,2024-11-10 15:48:00,Procurement,5100,Office Supplies,"Dixon, Jackson and Benjamin",19490.5,Taylor Carroll,Sean Kelly,PO501450,INV279087,19490.5,19490.5,19490.5,weekend_posting
100251,2024-11-11,09:57:00,2024-11-11 09:57:00,Finance,6000,Vendor Payments,Smith-Wise,2669.04,Elizabeth Shea,Nicole Clarke,PO613674,INV146334,2669.04,2669.04,2669.04,none
102393,2024-11-11,10:16:00,2024-11-11 10:16:00,Procurement,5500,Utilities,Francis-Burke,8215.51,Christopher Chung,Janice Bush,PO465590,INV410328,8215.51,8215.51,8215.51,none
103949,2024-11-11,11:13:00,2024-11-11 11:13:00,Marketing,5300,Professional Fees,"Mills, Crane and Kim",7573.22,Gary Stone,Michael Fox,PO927212,INV641616,7573.22,7573.22,7573.22,none
103166,2024-11-11,11:29:00,2024-11-11 11:29:00,IT,5300,Professional Fees,Cowan-Powers,40700.77,Sean Kelly,Tanner Avila,PO576300,INV186113,40700.77,40700.77,40700.77,none
103264,2024-11-11,11:42:00,2024-11-11 11:42:00,Procurement,5200,Travel & Entertainment,Larson PLC,12957.78,Gerald Freeman,Tanner Avila,PO319274,INV438154,12957.78,12957.78,12957.78,none
100444,2024-11-11,11:50:00,2024-11-11 11:50:00,IT,5400,IT & Software,"Martin, Brewer and Young",3302.51,Tanner Avila,Gerald Freeman,PO14106,INV856810,3302.51,3302.51,3302.51,none
100405,2024-11-11,12:29:00,2024-11-11 12:29:00,Finance,5100,Office Supplies,Scott-Bailey,3352.44,Nicole Clarke,Mary Harrison,PO961259,INV81985,3352.44,3352.44,3352.44,none
100683,2024-11-11,13:44:00,2024-11-11 13:44:00,Sales,5200,Travel & Entertainment,Francis-Burke,20268.42,Alyssa Jackson,Christopher Chung,PO195852,INV674862,20268.42,20268.42,20268.42,none
100923,2024-11-11,14:19:00,2024-11-11 14:19:00,Sales,5500,Utilities,Evans Ltd,6201.58,Timothy Johnson,Alyssa Jackson,PO635643,INV460977,6201.58,6201.58,6201.58,none
103682,2024-11-11,14:52:00,2024-11-11 14:52:00,Procurement,5300,Professional Fees,Evans Ltd,4551.08,Patricia Lopez,Nicole Chavez,PO662810,INV929045,4551.08,4551.08,4551.08,none
100297,2024-11-11,15:15:00,2024-11-11 15:15:00,Sales,5000,Raw Materials Expense,Gomez Ltd,14340.77,Patricia Perry,Kyle King,PO269894,INV206347,14340.77,14340.77,14340.77,none
103414,2024-11-11,16:05:00,2024-11-11 16:05:00,Operations,5100,Office Supplies,Tucker Group,10920.96,Christopher Chung,Timothy Johnson,PO185185,INV579513,10920.96,10920.96,10920.96,none
104760,2024-11-11,16:07:00,2024-11-11 16:07:00,IT,5200,Travel & Entertainment,Davidson-Frank,38477.43,Michael Rivas,Nicole Chavez,PO393973,INV107741,38477.43,38477.43,38477.43,none
102720,2024-11-11,16:17:00,2024-11-11 16:17:00,HR,6000,Vendor Payments,Schneider-Clark,39454.59,Patricia Lopez,Thomas Martin,PO638522,INV490068,39454.59,39454.59,39454.59,none
104506,2024-11-11,16:47:00,2024-11-11 16:47:00,Sales,5000,Raw Materials Expense,"Brown, Baker and Alvarado",9538.41,Anita Harris,Gary Stone,PO422365,INV994316,9538.41,9538.41,9538.41,none
102892,2024-11-11,17:39:00,2024-11-11 17:39:00,Sales,5300,Professional Fees,"Martin, Brewer and Young",11351.78,Brittany Jackson,Michael Rivas,PO711978,INV527032,11351.78,11351.78,11351.78,none
102146,2024-11-11,17:47:00,2024-11-11 17:47:00,Operations,6000,Vendor Payments,Reyes-Glover,16503.84,Christopher Chung,Dawn Hall,PO331182,INV679944,16503.84,16503.84,16503.84,none
104539,2024-11-11,18:31:00,2024-11-11 18:31:00,Operations,5200,Travel & Entertainment,Torres-Mendoza,6016.49,Austin Cohen,Elizabeth Shea,PO740951,INV177482,6016.49,6016.49,6016.49,none
101034,2024-11-12,09:23:00,2024-11-12 09:23:00,Procurement,5000,Raw Materials Expense,"Dixon, Jackson and Benjamin",15553.4,Dawn Hall,Corey Jones,PO212607,INV305267,15553.4,15553.4,15553.4,none
102804,2024-11-12,09:28:00,2024-11-12 09:28:00,Procurement,5100,Office Supplies,Becker-Martinez,21171.19,Patricia Lopez,Donna Weber,PO300426,INV65937,21171.19,21171.19,21171.19,none
101684,2024-11-12,10:01:00,2024-11-12 10:01:00,IT,5300,Professional Fees,Francis-Burke,19001.61,Austin Cohen,Brittany Jackson,PO727088,INV628455,19001.61,19001.61,19001.61,none
102151,2024-11-12,10:12:00,2024-11-12 10:12:00,Marketing,5400,IT & Software,Galvan Group,22345.61,Patricia Lopez,Michael Macdonald,PO443170,INV261395,22345.61,22345.61,22345.61,none
104308,2024-11-12,10:23:00,2024-11-12 10:23:00,Operations,5500,Utilities,Powers Group,16984.96,Christine Gonzales,Mary Harrison,PO818535,INV776566,16984.96,16984.96,16984.96,none
104304,2024-11-12,11:10:00,2024-11-12 11:10:00,Procurement,6000,Vendor Payments,Mora-Lynn,15458.99,Denise Elliott,Donald Ferguson,PO309268,INV915055,15458.99,15458.99,15458.99,none
104707,2024-11-12,11:22:00,2024-11-12 11:22:00,Marketing,5300,Professional Fees,Schneider-Clark,45263.25,Elizabeth Shea,Thomas Martin,PO809791,INV243375,45263.25,45263.25,45263.25,none
100629,2024-11-12,13:56:00,2024-11-12 13:56:00,HR,5000,Raw Materials Expense,Mays-Ortega,25712.79,Donald Ferguson,Mary Harrison,PO565647,INV700166,25712.79,25712.79,25712.79,none
103321,2024-11-12,14:35:00,2024-11-12 14:35:00,Finance,5400,IT & Software,Willis Group,51362.86,Sergio Arroyo,Lawrence Davis,PO246746,INV446683,51362.86,51362.86,51362.86,none
102611,2024-11-12,14:50:00,2024-11-12 14:50:00,HR,6000,Vendor Payments,Davidson-Frank,16128.83,Janice Bush,Anita Harris,PO251353,INV36519,16128.83,16128.83,16128.83,none
101008,2024-11-12,14:55:00,2024-11-12 14:55:00,Procurement,5400,IT & Software,"Decker, Eaton and Arnold",16158.65,Leslie Robinson,Austin Cohen,PO78352,INV87858,16158.65,16158.65,16158.65,none
102091,2024-11-12,15:52:00,2024-11-12 15:52:00,Sales,6000,Vendor Payments,Pearson PLC,1832.7,Patricia Perry,Brittany Jackson,PO593507,INV100173,1832.7,1832.7,1832.7,none
104187,2024-11-12,15:59:00,2024-11-12 15:59:00,Marketing,5500,Utilities,Schneider-Clark,7453.68,Alyssa Jackson,Nicole Clarke,PO610597,INV866474,7453.68,7453.68,7453.68,none
102964,2024-11-12,16:02:00,2024-11-12 16:02:00,Operations,5400,IT & Software,Mays-Ortega,6500.8,Timothy Johnson,Gary Stone,PO60103,INV470262,6500.8,6500.8,6500.8,none
101510,2024-11-12,16:03:00,2024-11-12 16:03:00,Sales,5200,Travel & Entertainment,"Robles, Moses and Morgan",18002.25,Christina Miller,Donna Weber,PO981647,INV74140,18002.25,18002.25,18002.25,none
102056,2024-11-12,17:28:00,2024-11-12 17:28:00,Operations,5200,Travel & Entertainment,Larson PLC,12764.97,Janice Bush,Leslie Robinson,PO989767,INV234869,12764.97,12764.97,12764.97,none
102893,2024-11-12,17:28:00,2024-11-12 17:28:00,Marketing,5100,Office Supplies,"Smith, Montgomery and Reyes",3980.34,Timothy Johnson,Kyle King,PO970509,INV620911,3980.34,3980.34,3980.34,none
101204,2024-11-12,18:23:00,2024-11-12 18:23:00,IT,5500,Utilities,Evans Ltd,29415.41,Nicole Clarke,Michael Fox,PO104516,INV291150,29415.41,29415.41,29415.41,none
103814,2024-11-12,18:41:00,2024-11-12 18:41:00,Sales,6000,Vendor Payments,Gross-Morrison,10389.07,Anita Harris,Brittany Jackson,PO909418,INV64610,10389.07,10389.07,10389.07,none
103915,2024-11-12,18:43:00,2024-11-12 18:43:00,Sales,5500,Utilities,Reyes-Glover,14388.87,Joy Hernandez,Corey Jones,PO367500,INV149250,14388.87,14388.87,14388.87,none
103298,2024-11-12,18:47:00,2024-11-12 18:47:00,IT,6000,Vendor Payments,Galvan Group,1666.33,Janice Bush,Lawrence Davis,PO832996,INV478653,1666.33,1666.33,1666.33,none
102819,2024-11-13,09:28:00,2024-11-13 09:28:00,Operations,5200,Travel & Entertainment,Gomez Ltd,7377.91,Gerald Freeman,Mary Harrison,PO638108,INV811268,7377.91,7377.91,7377.91,none
102430,2024-11-13,09:36:00,2024-11-13 09:36:00,Finance,5100,Office Supplies,Nichols LLC,12581.87,Nicole Chavez,Lawrence Davis,PO788897,INV392070,12581.87,12581.87,12581.87,none
101613,2024-11-13,09:47:00,2024-11-13 09:47:00,Operations,5400,IT & Software,"Hernandez, Hopkins and Houston",9033.43,Michael Rivas,Donna Weber,PO464351,INV275670,9033.43,9033.43,9033.43,none
103518,2024-11-13,10:15:00,2024-11-13 10:15:00,Operations,6000,Vendor Payments,"Hernandez, Hopkins and Houston",22207.46,Christine Gonzales,Nicole Chavez,PO720553,INV437416,22207.46,22207.46,22207.46,none
100043,2024-11-13,10:26:00,2024-11-13 10:26:00,Procurement,5400,IT & Software,"Decker, Eaton and Arnold",17927.9,Timothy Johnson,Mary Harrison,PO279742,INV591117,17927.9,17927.9,17927.9,none
100682,2024-11-13,10:57:00,2024-11-13 10:57:00,Finance,5200,Travel & Entertainment,Tucker Group,15136.72,Lawrence Davis,Jeffrey Hancock,PO91865,INV48893,15136.72,15136.72,15136.72,none
104393,2024-11-13,10:57:00,2024-11-13 10:57:00,Finance,5300,Professional Fees,"Howard, Tucker and Flores",17430.13,Leslie Robinson,Janice Bush,PO137967,INV639997,17430.13,17430.13,17430.13,none
101611,2024-11-13,11:28:00,2024-11-13 11:28:00,Finance,6000,Vendor Payments,Powers Group,9980.26,Kyle King,Tanner Avila,PO875665,INV272464,9980.26,9980.26,9980.26,none
103009,2024-11-13,14:22:00,2024-11-13 14:22:00,Finance,5500,Utilities,Gomez Ltd,8451.6,Kyle King,Dawn Hall,PO699098,INV383330,8451.6,8451.6,8451.6,none
102726,2024-11-13,14:43:00,2024-11-13 14:43:00,Marketing,5200,Travel & Entertainment,Torres-Mendoza,28667.48,Brittany Jackson,Kyle King,PO566736,INV824338,28667.48,28667.48,28667.48,none
103838,2024-11-13,14:52:00,2024-11-13 14:52:00,IT,5400,IT & Software,Mora-Lynn,10384.16,Donna Weber,Taylor Carroll,PO454401,INV673940,10384.16,10384.16,10384.16,none
103732,2024-11-13,15:08:00,2024-11-13 15:08:00,Marketing,5000,Raw Materials Expense,Davidson-Frank,5935.07,Michael Rivas,Sean Kelly,PO677984,INV387677,5935.07,5935.07,5935.07,none
101171,2024-11-13,15:19:00,2024-11-13 15:19:00,IT,6000,Vendor Payments,"Brown, Baker and Alvarado",4935.49,Autumn Reed,Gary Stone,PO730307,INV2876,4935.49,4935.49,4935.49,none
103073,2024-11-13,15:25:00,2024-11-13 15:25:00,Marketing,5500,Utilities,Galvan Group,13187.47,Gary Stone,Nicole Chavez,PO146190,INV465913,13187.47,13187.47,13187.47,none
103993,2024-11-13,15:26:00,2024-11-13 15:26:00,Finance,6000,Vendor Payments,"Decker, Eaton and Arnold",22278.9,Christina Miller,Lindsey Lewis,PO737608,INV180708,22278.9,22278.9,22278.9,none
104705,2024-11-13,16:00:00,2024-11-13 16:00:00,IT,5400,IT & Software,"Duncan, Graham and Stark",4133.38,Christina Miller,Jeffrey Hancock,PO208480,INV203585,4133.38,4133.38,4133.38,none
102761,2024-11-13,16:09:00,2024-11-13 16:09:00,HR,5400,IT & Software,Davidson-Frank,20585.33,Brittany Jackson,Kyle King,PO739218,INV122513,20585.33,20585.33,20585.33,none
104565,2024-11-13,17:11:00,2024-11-13 17:11:00,Sales,5500,Utilities,Jones Inc,684.51,Tanner Avila,Gary Stone,PO438314,INV34418,684.51,684.51,684.51,none
100631,2024-11-13,18:30:00,2024-11-13 18:30:00,Sales,6000,Vendor Payments,Jones Ltd,49122.52,Christopher Chung,Sean Kelly,PO720364,INV818938,49122.52,49122.52,49122.52,none
103346,2024-11-13,18:46:00,2024-11-13 18:46:00,Finance,5300,Professional Fees,Cowan-Powers,22773.09,Christina Miller,Sergio Arroyo,PO879152,INV810547,22773.09,22773.09,22773.09,none
101821,2024-11-14,09:10:00,2024-11-14 09:10:00,Operations,5500,Utilities,Humphrey-Berg,8344.15,Corey Jones,Patricia Perry,PO476590,INV608510,8344.15,8344.15,8344.15,none
103395,2024-11-14,10:22:00,2024-11-14 10:22:00,Sales,5500,Utilities,Rogers Ltd,44478.39,Taylor Carroll,Autumn Reed,PO953929,INV985398,44478.39,44478.39,44478.39,none
104217,2024-11-14,12:03:00,2024-11-14 12:03:00,HR,6000,Vendor Payments,"White, Tucker and Wolf",5613.86,Mary Harrison,Lindsey Lewis,PO109361,INV379888,5613.86,5613.86,5613.86,none
101219,2024-11-14,12:18:00,2024-11-14 12:18:00,Marketing,5500,Utilities,Willis Group,20882.4,Dawn Hall,Nicole Clarke,PO136360,INV486874,20882.4,20882.4,20882.4,none
104744,2024-11-14,12:19:00,2024-11-14 12:19:00,Marketing,6000,Vendor Payments,Cowan-Powers,13709.81,Sean Kelly,James Dennis,PO602280,INV364207,13709.81,13709.81,13709.81,none
103865,2024-11-14,13:51:00,2024-11-14 13:51:00,Procurement,5100,Office Supplies,Harris PLC,8321.61,Leslie Robinson,Donna Weber,PO283223,INV375035,8321.61,8321.61,8321.61,none
104067,2024-11-14,13:58:00,2024-11-14 13:58:00,Marketing,5000,Raw Materials Expense,"Jefferson, Sullivan and Young",2238.14,Michael Fox,Jeffrey Hancock,PO299288,INV550838,2238.14,2238.14,2238.14,none
104864,2024-11-14,14:22:00,2024-11-14 14:22:00,Finance,5400,IT & Software,"Morton, Reynolds and Anderson",10257.53,Nicole Chavez,Taylor Carroll,PO688552,INV151157,10257.53,10257.53,10257.53,duplicate_payment
101804,2024-11-14,15:55:00,2024-11-14 15:55:00,Marketing,5400,IT & Software,Young Inc,7747.32,Thomas Martin,Christine Gonzales,PO160449,INV865314,7747.32,7747.32,7747.32,none
102941,2024-11-14,18:37:00,2024-11-14 18:37:00,IT,5200,Travel & Entertainment,"Silva, Jones and Oliver",28458.01,Sergio Arroyo,Brittany Jackson,PO18265,INV566816,28458.01,28458.01,28458.01,none
102766,2024-11-15,10:03:00,2024-11-15 10:03:00,HR,5100,Office Supplies,"Cherry, Martin and Compton",4528.06,Autumn Reed,Elizabeth Boyle,PO792336,INV813063,4528.06,4528.06,4528.06,none
103699,2024-11-15,10:29:00,2024-11-15 10:29:00,HR,5100,Office Supplies,Harper-Hernandez,13312.32,Thomas Martin,Michael Rivas,PO260386,INV974523,13312.32,13312.32,13312.32,none
101325,2024-11-15,12:15:00,2024-11-15 12:15:00,Procurement,5500,Utilities,"Gardner, Perry and Cruz",29023.53,James Dennis,Corey Jones,PO800033,INV531658,29023.53,29023.53,29023.53,none
102566,2024-11-15,12:56:00,2024-11-15 12:56:00,HR,5200,Travel & Entertainment,Jones Inc,4001.77,Brittany Jackson,Nicole Clarke,PO786265,INV816431,4001.77,4001.77,4001.77,none
102238,2024-11-15,14:37:00,2024-11-15 14:37:00,Sales,5100,Office Supplies,"Morton, Reynolds and Anderson",18321.86,Nicole Chavez,Brittany Jackson,PO176520,INV507635,18321.86,18321.86,18321.86,none
104921,2024-11-15,16:09:00,2024-11-15 16:09:00,Sales,5200,Travel & Entertainment,"Smith, Montgomery and Reyes",13336.0,Christopher Chung,Michael Rivas,PO97258,INV467296,13336.0,13336.0,13336.0,duplicate_payment
104353,2024-11-15,18:03:00,2024-11-15 18:03:00,HR,5300,Professional Fees,White-Thomas,11160.0,Patricia Perry,Taylor Carroll,PO456782,INV225616,11160.0,11160.0,11160.0,none
104554,2024-11-15,18:04:00,2024-11-15 18:04:00,Sales,5000,Raw Materials Expense,"Martin, Brewer and Young",24472.72,Christopher Chung,Gary Mays,PO862479,INV387739,24472.72,24472.72,24472.72,none
102722,2024-11-15,18:58:00,2024-11-15 18:58:00,HR,5400,IT & Software,Francis-Burke,19008.31,Brittany Jackson,Janice Bush,PO590760,INV184940,19008.31,19008.31,19008.31,none
104844,2024-11-17,14:23:00,2024-11-17 14:23:00,Finance,5000,Raw Materials Expense,Gross-Morrison,14497.11,Timothy Johnson,Michael Fox,PO337034,INV204094,14497.11,14497.11,14497.11,weekend_posting
104854,2024-11-17,15:38:00,2024-11-17 15:38:00,Procurement,5300,Professional Fees,"Dixon, Jackson and Benjamin",15379.36,Nicole Chavez,Tanner Avila,PO76676,INV269203,15379.36,15379.36,15379.36,weekend_posting
105027,2024-11-17,16:09:00,2024-11-17 16:09:00,Sales,5200,Travel & Entertainment,"Smith, Montgomery and Reyes",13336.0,Christopher Chung,Michael Rivas,PO97258,INV467296,13336.0,13336.0,13336.0,duplicate_payment
104729,2024-11-18,09:58:00,2024-11-18 09:58:00,Procurement,5400,IT & Software,Torres-Mendoza,21452.1,Donald Ferguson,Patricia Perry,PO244084,INV428124,21452.1,21452.1,21452.1,none
101887,2024-11-18,10:06:00,2024-11-18 10:06:00,Procurement,5500,Utilities,"Morton, Reynolds and Anderson",11665.08,Christopher Chung,Denise Elliott,PO315220,INV955850,11665.08,11665.08,11665.08,none
101540,2024-11-18,10:58:00,2024-11-18 10:58:00,HR,5500,Utilities,Murphy Inc,11905.43,Janice Bush,Christine Gonzales,PO38047,INV601105,11905.43,11905.43,11905.43,none
100425,2024-11-18,11:11:00,2024-11-18 11:11:00,HR,5300,Professional Fees,Jones Ltd,2425.94,James Dennis,Michael Macdonald,PO42039,INV111268,2425.94,2425.94,2425.94,none
103701,2024-11-18,11:41:00,2024-11-18 11:41:00,Finance,5100,Office Supplies,"Yang, Weber and Nielsen",15368.83,Taylor Carroll,Brittany Jackson,PO172476,INV171151,15368.83,15368.83,15368.83,none
103358,2024-11-18,11:53:00,2024-11-18 11:53:00,Marketing,5000,Raw Materials Expense,Pearson PLC,17421.49,Mary Harrison,Sean Kelly,PO25216,INV780119,17421.49,17421.49,17421.49,none
104749,2024-11-18,12:03:00,2024-11-18 12:03:00,Operations,5100,Office Supplies,Cowan-Powers,22345.0,Christopher Chung,Lawrence Davis,PO548183,INV933787,22345.0,22345.0,22345.0,none
101233,2024-11-18,12:09:00,2024-11-18 12:09:00,Finance,5500,Utilities,Torres-Mendoza,21101.95,Michael Macdonald,Dawn Hall,PO799717,INV757217,21101.95,21101.95,21101.95,none
104014,2024-11-18,13:00:00,2024-11-18 13:00:00,Procurement,5300,Professional Fees,Tucker Group,11634.54,Timothy Johnson,Taylor Carroll,PO777178,INV808318,11634.54,11634.54,11634.54,none
103829,2024-11-18,13:05:00,2024-11-18 13:05:00,Finance,5100,Office Supplies,Davidson-Frank,24728.36,Christina Miller,Michael Fox,PO841899,INV823995,24728.36,24728.36,24728.36,none
103007,2024-11-18,13:25:00,2024-11-18 13:25:00,Sales,5200,Travel & Entertainment,Stevens-Gibson,10576.91,James Dennis,Kyle King,PO713968,INV285338,10576.91,10576.91,10576.91,none
101266,2024-11-18,13:35:00,2024-11-18 13:35:00,Operations,5500,Utilities,Cowan-Powers,9407.76,Donald Ferguson,Patricia Lopez,PO689811,INV290472,9407.76,9407.76,9407.76,none
104371,2024-11-18,13:53:00,2024-11-18 13:53:00,Marketing,5400,IT & Software,"Smith, Montgomery and Reyes",33392.11,Patricia Lopez,Christopher Chung,PO495570,INV259328,33392.11,33392.11,33392.11,none
102141,2024-11-18,14:06:00,2024-11-18 14:06:00,Procurement,5100,Office Supplies,Smith-Parker,4012.42,Patricia Lopez,Thomas Martin,PO304099,INV77310,4012.42,4012.42,4012.42,none
103290,2024-11-18,14:13:00,2024-11-18 14:13:00,Operations,5100,Office Supplies,Powers Group,21075.25,Anita Harris,Sergio Arroyo,PO194339,INV230132,21075.25,21075.25,21075.25,none
103791,2024-11-18,14:33:00,2024-11-18 14:33:00,IT,5400,IT & Software,Evans Ltd,8413.78,Brittany Jackson,Christine Gonzales,PO95742,INV379646,8413.78,8413.78,8413.78,none
103113,2024-11-18,14:52:00,2024-11-18 14:52:00,Procurement,5200,Travel & Entertainment,Becker-Martinez,7089.55,Lindsey Lewis,Donna Weber,PO244425,INV885201,7089.55,7089.55,7089.55,none
103274,2024-11-18,14:52:00,2024-11-18 14:52:00,Operations,5300,Professional Fees,"Dixon, Jackson and Benjamin",18447.07,Jeffrey Hancock,Donna Weber,PO744561,INV380167,18447.07,18447.07,18447.07,none
103182,2024-11-18,15:23:00,2024-11-18 15:23:00,Marketing,5400,IT & Software,"Howard, Tucker and Flores",11911.77,Leslie Robinson,Michael Fox,PO742996,INV345143,11911.77,11911.77,11911.77,none
100670,2024-11-18,15:27:00,2024-11-18 15:27:00,Sales,5200,Travel & Entertainment,Harris PLC,11139.53,Brittany Jackson,Anita Harris,PO585947,INV584736,11139.53,11139.53,11139.53,none
101839,2024-11-18,16:47:00,2024-11-18 16:47:00,HR,5400,IT & Software,Jones Inc,6506.14,Donna Weber,Donald Ferguson,PO142748,INV481427,6506.14,6506.14,6506.14,none
100894,2024-11-18,17:05:00,2024-11-18 17:05:00,Sales,5500,Utilities,Young Inc,15739.89,Mary Harrison,Lindsey Lewis,PO694525,INV485153,15739.89,15739.89,15739.89,none
102683,2024-11-18,17:12:00,2024-11-18 17:12:00,Marketing,5500,Utilities,"Yang, Weber and Nielsen",20104.08,Lindsey Lewis,Corey Jones,PO969650,INV81122,20104.08,20104.08,20104.08,none
100756,2024-11-18,17:34:00,2024-11-18 17:34:00,Marketing,5000,Raw Materials Expense,"White, Tucker and Wolf",15561.44,Michael Macdonald,Christina Miller,PO197408,INV852282,15561.44,15561.44,15561.44,none
101854,2024-11-18,17:43:00,2024-11-18 17:43:00,Sales,5400,IT & Software,"Duncan, Graham and Stark",9156.27,Gary Stone,Corey Jones,PO482189,INV491027,9156.27,9156.27,9156.27,none
100513,2024-11-18,17:50:00,2024-11-18 17:50:00,Operations,5100,Office Supplies,Willis Group,21718.03,Joy Hernandez,Lawrence Davis,PO181632,INV59139,21718.03,21718.03,21718.03,none
103788,2024-11-18,18:08:00,2024-11-18 18:08:00,Finance,5500,Utilities,"Yang, Weber and Nielsen",7457.92,Michael Rivas,Patricia Perry,PO438148,INV573695,7457.92,7457.92,7457.92,none
101359,2024-11-18,18:58:00,2024-11-18 18:58:00,Procurement,5100,Office Supplies,Lopez Ltd,41294.9,Christopher Chung,Timothy Johnson,PO80194,INV712458,41294.9,41294.9,41294.9,none
102361,2024-11-19,10:29:00,2024-11-19 10:29:00,Finance,5400,IT & Software,Reyes-Glover,12814.43,Donald Ferguson,Michael Rivas,PO78383,INV841940,12814.43,12814.43,12814.43,none
104369,2024-11-19,11:09:00,2024-11-19 11:09:00,Operations,6000,Vendor Payments,Cowan-Powers,3626.88,Gary Mays,Mary Harrison,PO246656,INV45481,3626.88,3626.88,3626.88,none
100763,2024-11-19,11:55:00,2024-11-19 11:55:00,Marketing,5500,Utilities,"Hernandez, Hopkins and Houston",23311.11,Donald Ferguson,Kyle King,PO99052,INV520958,23311.11,23311.11,23311.11,none
101877,2024-11-19,12:02:00,2024-11-19 12:02:00,Operations,5000,Raw Materials Expense,Hughes-Nichols,15321.73,Patricia Perry,Elizabeth Boyle,PO102860,INV85487,15321.73,15321.73,15321.73,none
100643,2024-11-19,12:12:00,2024-11-19 12:12:00,Marketing,5500,Utilities,Larson PLC,38818.51,Elizabeth Boyle,Sean Kelly,PO946836,INV15682,38818.51,38818.51,38818.51,none
103306,2024-11-19,12:27:00,2024-11-19 12:27:00,IT,6000,Vendor Payments,"Brown, Baker and Alvarado",14260.48,Thomas Martin,Elizabeth Shea,PO988226,INV309391,14260.48,14260.48,14260.48,none
100153,2024-11-19,13:14:00,2024-11-19 13:14:00,HR,5000,Raw Materials Expense,Davidson-Frank,27591.81,Nicole Chavez,Michael Rivas,PO592351,INV996829,27591.81,27591.81,27591.81,none
101018,2024-11-19,14:17:00,2024-11-19 14:17:00,Operations,5200,Travel & Entertainment,Tucker Group,38377.4,Anita Harris,Leslie Robinson,PO584779,INV489769,38377.4,38377.4,38377.4,none
102753,2024-11-19,14:46:00,2024-11-19 14:46:00,Finance,5500,Utilities,White-Thomas,15065.7,Gary Stone,Janice Bush,PO42624,INV315750,15065.7,15065.7,15065.7,none
101393,2024-11-19,15:43:00,2024-11-19 15:43:00,Marketing,5400,IT & Software,Hughes-Nichols,10695.96,Michael Rivas,Jeffrey Hancock,PO515754,INV712376,10695.96,10695.96,10695.96,none
101469,2024-11-19,16:23:00,2024-11-19 16:23:00,Operations,6000,Vendor Payments,Mays-Ortega,18379.82,Brittany Jackson,Gary Stone,PO339600,INV456960,18379.82,18379.82,18379.82,none
101922,2024-11-19,16:31:00,2024-11-19 16:31:00,Procurement,6000,Vendor Payments,Stewart-Russell,1766.95,Corey Jones,Mary Harrison,PO657474,INV204257,1766.95,1766.95,1766.95,none
101992,2024-11-19,16:35:00,2024-11-19 16:35:00,Operations,5200,Travel & Entertainment,Gross-Morrison,27174.27,Donna Weber,Timothy Johnson,PO266694,INV914327,27174.27,27174.27,27174.27,none
103903,2024-11-19,18:01:00,2024-11-19 18:01:00,Operations,5500,Utilities,Jones Inc,15079.94,Patricia Lopez,Austin Cohen,PO301591,INV561848,15079.94,15079.94,15079.94,none
101509,2024-11-19,18:25:00,2024-11-19 18:25:00,Operations,5200,Travel & Entertainment,Murphy Inc,3974.01,Gary Mays,Autumn Reed,PO879455,INV461020,3974.01,3974.01,3974.01,none
100764,2024-11-19,18:36:00,2024-11-19 18:36:00,Sales,5500,Utilities,Stevens-Gibson,8721.49,Christopher Chung,Tanner Avila,PO279378,INV624248,8721.49,8721.49,8721.49,none
104812,2024-11-19,18:51:00,2024-11-19 18:51:00,Procurement,5500,Utilities,Lopez Ltd,2315.63,Brittany Jackson,Brittany Jackson,PO401652,INV538766,2315.63,2315.63,2315.63,segregation_violation
101328,2024-11-19,18:58:00,2024-11-19 18:58:00,Procurement,5100,Office Supplies,Powers Group,16706.2,Alyssa Jackson,Leslie Robinson,PO391729,INV935174,16706.2,16706.2,16706.2,none
102036,2024-11-20,10:12:00,2024-11-20 10:12:00,Procurement,5400,IT & Software,"Cherry, Martin and Compton",12987.25,Lindsey Lewis,Christopher Chung,PO610848,INV520989,12987.25,12987.25,12987.25,none
100477,2024-11-20,10:19:00,2024-11-20 10:19:00,Sales,5400,IT & Software,"Yang, Weber and Nielsen",13478.31,Kyle King,Taylor Carroll,PO893383,INV259593,13478.31,13478.31,13478.31,none
101968,2024-11-20,10:38:00,2024-11-20 10:38:00,Marketing,5000,Raw Materials Expense,"Morton, Reynolds and Anderson",15145.3,Tanner Avila,Michael Rivas,PO948465,INV754992,15145.3,15145.3,15145.3,none
100675,2024-11-20,11:19:00,2024-11-20 11:19:00,Sales,5500,Utilities,Gross-Morrison,6042.67,Sergio Arroyo,Patricia Perry,PO238465,INV95137,6042.67,6042.67,6042.67,none
104012,2024-11-20,11:24:00,2024-11-20 11:24:00,Finance,5500,Utilities,Cowan-Powers,6939.77,Denise Elliott,Taylor Carroll,PO579810,INV953577,6939.77,6939.77,6939.77,none
104553,2024-11-20,11:31:00,2024-11-20 11:31:00,HR,5300,Professional Fees,Francis-Burke,12961.37,Gary Stone,Michael Macdonald,PO323384,INV141501,12961.37,12961.37,12961.37,none
103379,2024-11-20,12:21:00,2024-11-20 12:21:00,Procurement,5000,Raw Materials Expense,Davidson-Frank,12685.67,Anita Harris,Elizabeth Boyle,PO634418,INV469057,12685.67,12685.67,12685.67,none
100739,2024-11-20,12:43:00,2024-11-20 12:43:00,HR,6000,Vendor Payments,"Jefferson, Sullivan and Young",13576.52,Corey Jones,Austin Cohen,PO817646,INV268438,13576.52,13576.52,13576.52,none
103475,2024-11-20,13:24:00,2024-11-20 13:24:00,Sales,5100,Office Supplies,"Hernandez, Hopkins and Houston",25768.8,Michael Macdonald,James Dennis,PO417154,INV629691,25768.8,25768.8,25768.8,none
103383,2024-11-20,13:43:00,2024-11-20 13:43:00,Sales,6000,Vendor Payments,Ballard-Jenkins,7055.64,Jeffrey Hancock,Gary Stone,PO782495,INV778960,7055.64,7055.64,7055.64,none
100652,2024-11-20,14:48:00,2024-11-20 14:48:00,Marketing,6000,Vendor Payments,"Silva, Jones and Oliver",33685.98,Alyssa Jackson,James Dennis,PO865036,INV523730,33685.98,33685.98,33685.98,none
103686,2024-11-20,15:41:00,2024-11-20 15:41:00,Operations,5400,IT & Software,"Silva, Jones and Oliver",24899.21,Autumn Reed,Kyle King,PO567187,INV303943,24899.21,24899.21,24899.21,none
104203,2024-11-20,15:54:00,2024-11-20 15:54:00,Finance,5300,Professional Fees,"Decker, Eaton and Arnold",24594.66,Christina Miller,Michael Macdonald,PO458004,INV284438,24594.66,24594.66,24594.66,none
101447,2024-11-20,16:05:00,2024-11-20 16:05:00,IT,5000,Raw Materials Expense,Schneider-Clark,16136.67,Elizabeth Shea,Janice Bush,PO975795,INV975174,16136.67,16136.67,16136.67,none
101630,2024-11-20,16:40:00,2024-11-20 16:40:00,HR,5500,Utilities,Rogers Ltd,11600.3,Alyssa Jackson,Elizabeth Shea,PO737750,INV325370,11600.3,11600.3,11600.3,none
104548,2024-11-20,17:02:00,2024-11-20 17:02:00,Finance,5300,Professional Fees,Willis Group,15056.03,Lindsey Lewis,Jeffrey Hancock,PO966148,INV909895,15056.03,15056.03,15056.03,none
102595,2024-11-20,17:05:00,2024-11-20 17:05:00,Sales,5400,IT & Software,"Hernandez, Hopkins and Houston",5983.18,Nicole Chavez,Alyssa Jackson,PO439580,INV878177,5983.18,5983.18,5983.18,none
100636,2024-11-20,18:07:00,2024-11-20 18:07:00,Finance,5000,Raw Materials Expense,Torres-Mendoza,44980.08,Michael Macdonald,Donna Weber,PO529739,INV586694,44980.08,44980.08,44980.08,none
104751,2024-11-20,18:34:00,2024-11-20 18:34:00,Marketing,5300,Professional Fees,"Robles, Moses and Morgan",16135.82,Michael Rivas,Thomas Martin,PO485208,INV139642,16135.82,16135.82,16135.82,none
103997,2024-11-20,18:35:00,2024-11-20 18:35:00,HR,5400,IT & Software,"Smith, Montgomery and Reyes",12654.74,Michael Macdonald,Elizabeth Shea,PO194836,INV473573,12654.74,12654.74,12654.74,none
100588,2024-11-20,18:37:00,2024-11-20 18:37:00,HR,5200,Travel & Entertainment,Jones Ltd,40817.02,Austin Cohen,Nicole Clarke,PO284863,INV200716,40817.02,40817.02,40817.02,none
101930,2024-11-21,09:19:00,2024-11-21 09:19:00,Sales,5500,Utilities,Ballard-Jenkins,11748.03,Michael Macdonald,Patricia Lopez,PO401600,INV999337,11748.03,11748.03,11748.03,none
100493,2024-11-21,09:21:00,2024-11-21 09:21:00,Operations,5000,Raw Materials Expense,"Gardner, Perry and Cruz",42310.88,Sergio Arroyo,Christine Gonzales,PO928169,INV917727,42310.88,42310.88,42310.88,none
102003,2024-11-21,09:39:00,2024-11-21 09:39:00,HR,5500,Utilities,Harris PLC,6023.61,Michael Macdonald,Tanner Avila,PO823073,INV355558,6023.61,6023.61,6023.61,none
102331,2024-11-21,09:56:00,2024-11-21 09:56:00,Operations,6000,Vendor Payments,Becker-Martinez,43669.97,Gary Mays,Austin Cohen,PO298031,INV666819,43669.97,43669.97,43669.97,none
104817,2024-11-21,10:28:00,2024-11-21 10:28:00,IT,5500,Utilities,"Gardner, Perry and Cruz",10000.0,Gerald Freeman,Taylor Carroll,PO464389,INV957829,10000.0,10000.0,10000.0,round_number
101244,2024-11-21,11:01:00,2024-11-21 11:01:00,Procurement,5400,IT & Software,Larson PLC,2081.38,Michael Fox,Sergio Arroyo,PO997352,INV558878,2081.38,2081.38,2081.38,none
101429,2024-11-21,11:05:00,2024-11-21 11:05:00,Marketing,5300,Professional Fees,"Hernandez, Hopkins and Houston",11554.01,Mary Harrison,Jeffrey Hancock,PO873786,INV728840,11554.01,11554.01,11554.01,none
102551,2024-11-21,11:13:00,2024-11-21 11:13:00,HR,5500,Utilities,Cowan-Powers,9210.76,Alyssa Jackson,Leslie Robinson,PO805719,INV361369,9210.76,9210.76,9210.76,none
104394,2024-11-21,11:19:00,2024-11-21 11:19:00,Sales,5300,Professional Fees,"Brown, Baker and Alvarado",6011.79,Elizabeth Boyle,Michael Fox,PO896229,INV650852,6011.79,6011.79,6011.79,none
104927,2024-11-21,11:30:00,2024-11-21 11:30:00,HR,5100,Office Supplies,"Robles, Moses and Morgan",11881.28,Taylor Carroll,Autumn Reed,PO229660,INV907088,11881.28,11881.28,11881.28,duplicate_payment
100011,2024-11-21,11:34:00,2024-11-21 11:34:00,IT,5200,Travel & Entertainment,"Smith, Montgomery and Reyes",5869.94,Nicole Chavez,Mary Harrison,PO1764,INV497154,5869.94,5869.94,5869.94,none
101407,2024-11-21,12:17:00,2024-11-21 12:17:00,Sales,5200,Travel & Entertainment,Powers Group,19347.58,Sean Kelly,Alyssa Jackson,PO385554,INV261346,19347.58,19347.58,19347.58,none
104380,2024-11-21,12:21:00,2024-11-21 12:21:00,Sales,5500,Utilities,Jones Inc,26697.32,Anita Harris,Nicole Clarke,PO306074,INV61684,26697.32,26697.32,26697.32,none
100164,2024-11-21,12:39:00,2024-11-21 12:39:00,Marketing,5100,Office Supplies,Evans Ltd,19198.0,Christine Gonzales,James Dennis,PO214290,INV149174,19198.0,19198.0,19198.0,none
104719,2024-11-21,13:12:00,2024-11-21 13:12:00,Marketing,5300,Professional Fees,Smith-Wise,14022.73,Gerald Freeman,Gary Stone,PO656456,INV770645,14022.73,14022.73,14022.73,none
103948,2024-11-21,13:17:00,2024-11-21 13:17:00,Procurement,5000,Raw Materials Expense,Smith-Wise,33509.56,Alyssa Jackson,Nicole Chavez,PO766596,INV814733,33509.56,33509.56,33509.56,none
103455,2024-11-21,13:51:00,2024-11-21 13:51:00,HR,6000,Vendor Payments,"Morton, Reynolds and Anderson",63845.82,Denise Elliott,Thomas Martin,PO515768,INV466318,63845.82,63845.82,63845.82,none
101416,2024-11-21,14:44:00,2024-11-21 14:44:00,Marketing,5300,Professional Fees,Murphy Inc,18823.43,Christine Gonzales,Joy Hernandez,PO696422,INV592010,18823.43,18823.43,18823.43,none
101394,2024-11-21,14:54:00,2024-11-21 14:54:00,Marketing,5500,Utilities,Tucker Group,8457.07,Christopher Chung,Patricia Lopez,PO834235,INV542218,8457.07,8457.07,8457.07,none
100452,2024-11-21,14:54:00,2024-11-21 14:54:00,Procurement,6000,Vendor Payments,Miller LLC,16095.4,Donald Ferguson,Corey Jones,PO762903,INV262897,16095.4,16095.4,16095.4,none
103137,2024-11-21,16:55:00,2024-11-21 16:55:00,Sales,5200,Travel & Entertainment,Willis Group,2757.87,Lindsey Lewis,Kyle King,PO550086,INV255182,2757.87,2757.87,2757.87,none
104119,2024-11-21,17:46:00,2024-11-21 17:46:00,Sales,5000,Raw Materials Expense,"Silva, Jones and Oliver",10916.5,Elizabeth Shea,Kyle King,PO693881,INV426497,10916.5,10916.5,10916.5,none
102181,2024-11-21,18:31:00,2024-11-21 18:31:00,Finance,6000,Vendor Payments,Rivera-Charles,20192.41,Patricia Lopez,Gary Mays,PO326139,INV101365,20192.41,20192.41,20192.41,none
103325,2024-11-22,09:23:00,2024-11-22 09:23:00,Procurement,5200,Travel & Entertainment,Becker-Martinez,10813.41,Lindsey Lewis,Sergio Arroyo,PO575495,INV260740,10813.41,10813.41,10813.41,none
100707,2024-11-22,09:56:00,2024-11-22 09:56:00,Sales,5400,IT & Software,Gross-Morrison,3355.15,Taylor Carroll,Sean Kelly,PO626471,INV802033,3355.15,3355.15,3355.15,none
100415,2024-11-22,10:06:00,2024-11-22 10:06:00,Procurement,6000,Vendor Payments,Humphrey-Berg,15677.02,Sergio Arroyo,Mary Harrison,PO439294,INV386062,15677.02,15677.02,15677.02,none
101980,2024-11-22,10:24:00,2024-11-22 10:24:00,Finance,5200,Travel & Entertainment,"Brown, Baker and Alvarado",5574.72,Denise Elliott,Mary Harrison,PO313427,INV738774,5574.72,5574.72,5574.72,none
102126,2024-11-22,10:33:00,2024-11-22 10:33:00,IT,5200,Travel & Entertainment,Torres-Mendoza,7764.06,Elizabeth Boyle,Autumn Reed,PO707711,INV644612,7764.06,7764.06,7764.06,none
103869,2024-11-22,10:52:00,2024-11-22 10:52:00,IT,5400,IT & Software,Rogers Ltd,23697.83,Timothy Johnson,Tanner Avila,PO657398,INV497288,23697.83,23697.83,23697.83,none
103606,2024-11-22,11:16:00,2024-11-22 11:16:00,Operations,5300,Professional Fees,Becker-Martinez,10377.1,Timothy Johnson,Anita Harris,PO538008,INV189951,10377.1,10377.1,10377.1,none
102022,2024-11-22,12:01:00,2024-11-22 12:01:00,HR,5200,Travel & Entertainment,"Durham, Bowen and Hess",6994.72,Brittany Jackson,Michael Rivas,PO321912,INV466771,6994.72,6994.72,6994.72,none
102730,2024-11-22,12:40:00,2024-11-22 12:40:00,Marketing,6000,Vendor Payments,Davidson-Frank,13865.87,Patricia Perry,Patricia Lopez,PO806015,INV818049,13865.87,13865.87,13865.87,none
103155,2024-11-22,12:40:00,2024-11-22 12:40:00,IT,5400,IT & Software,Harris PLC,14445.31,Christine Gonzales,Lawrence Davis,PO576706,INV932114,14445.31,14445.31,14445.31,none
100544,2024-11-22,13:05:00,2024-11-22 13:05:00,Sales,5000,Raw Materials Expense,"Jefferson, Sullivan and Young",4634.51,Gary Mays,Gerald Freeman,PO757198,INV100233,4634.51,4634.51,4634.51,none
104569,2024-11-22,13:14:00,2024-11-22 13:14:00,Finance,5500,Utilities,Davidson-Frank,52177.26,Michael Rivas,Gary Mays,PO249242,INV677132,52177.26,52177.26,52177.26,none
102525,2024-11-22,14:15:00,2024-11-22 14:15:00,IT,6000,Vendor Payments,"Duncan, Graham and Stark",13980.0,Austin Cohen,Donna Weber,PO95803,INV755356,13980.0,13980.0,13980.0,none
100968,2024-11-22,14:54:00,2024-11-22 14:54:00,IT,5200,Travel & Entertainment,Nichols LLC,6317.75,Donna Weber,Austin Cohen,PO307079,INV455074,6317.75,6317.75,6317.75,none
100497,2024-11-22,15:04:00,2024-11-22 15:04:00,IT,5000,Raw Materials Expense,"Nelson, Duncan and Smith",17594.47,Jeffrey Hancock,Joy Hernandez,PO728491,INV729078,17594.47,17594.47,17594.47,none
104636,2024-11-22,15:46:00,2024-11-22 15:46:00,Finance,5100,Office Supplies,Rivera-Charles,8922.01,Taylor Carroll,Lawrence Davis,PO946726,INV763568,8922.01,8922.01,8922.01,none
100115,2024-11-22,16:06:00,2024-11-22 16:06:00,Procurement,5000,Raw Materials Expense,Larson PLC,19342.45,Patricia Perry,Elizabeth Shea,PO744743,INV957298,19342.45,19342.45,19342.45,none
104039,2024-11-22,16:19:00,2024-11-22 16:19:00,HR,5000,Raw Materials Expense,"Decker, Eaton and Arnold",21530.22,Janice Bush,Donald Ferguson,PO420752,INV344816,21530.22,21530.22,21530.22,none
102762,2024-11-22,16:46:00,2024-11-22 16:46:00,Operations,6000,Vendor Payments,"Smith, Montgomery and Reyes",22613.0,James Dennis,Alyssa Jackson,PO597984,INV316843,22613.0,22613.0,22613.0,none
103250,2024-11-22,17:30:00,2024-11-22 17:30:00,HR,5400,IT & Software,Becker-Martinez,22051.77,Nicole Clarke,Alyssa Jackson,PO244206,INV714161,22051.77,22051.77,22051.77,none
101131,2024-11-22,17:51:00,2024-11-22 17:51:00,IT,6000,Vendor Payments,Pearson PLC,16118.02,Anita Harris,Gary Stone,PO101912,INV752379,16118.02,16118.02,16118.02,none
105013,2024-11-23,14:22:00,2024-11-23 14:22:00,Finance,5400,IT & Software,"Morton, Reynolds and Anderson",10257.53,Nicole Chavez,Taylor Carroll,PO688552,INV151157,10257.53,10257.53,10257.53,duplicate_payment
104860,2024-11-23,15:44:00,2024-11-23 15:44:00,Procurement,5000,Raw Materials Expense,"Morton, Reynolds and Anderson",16763.71,James Dennis,Thomas Martin,PO18817,INV741182,16763.71,16763.71,16763.71,weekend_posting
104219,2024-11-25,09:32:00,2024-11-25 09:32:00,Marketing,5300,Professional Fees,Gross-Morrison,19466.96,Gerald Freeman,Janice Bush,PO776644,INV787653,19466.96,19466.96,19466.96,none
101400,2024-11-25,09:33:00,2024-11-25 09:33:00,IT,5200,Travel & Entertainment,Tucker Group,17514.43,Gary Stone,Christopher Chung,PO325083,INV645430,17514.43,17514.43,17514.43,none
101138,2024-11-25,09:46:00,2024-11-25 09:46:00,Procurement,5200,Travel & Entertainment,"Flores, Hood and Brown",10037.25,Gary Stone,Sean Kelly,PO663297,INV307661,10037.25,10037.25,10037.25,none
100981,2024-11-25,10:58:00,2024-11-25 10:58:00,Sales,5400,IT & Software,Miller LLC,29793.04,Tanner Avila,Gary Mays,PO542482,INV471024,29793.04,29793.04,29793.04,none
105029,2024-11-25,11:30:00,2024-11-25 11:30:00,HR,5100,Office Supplies,"Robles, Moses and Morgan",11881.28,Taylor Carroll,Autumn Reed,PO229660,INV907088,11881.28,11881.28,11881.28,duplicate_payment
100623,2024-11-25,11:32:00,2024-11-25 11:32:00,Marketing,6000,Vendor Payments,Larson PLC,27555.68,Mary Harrison,Lindsey Lewis,PO570749,INV377284,27555.68,27555.68,27555.68,none
102614,2024-11-25,11:35:00,2024-11-25 11:35:00,HR,5400,IT & Software,Pearson PLC,13324.78,Autumn Reed,Gary Stone,PO299643,INV676272,13324.78,13324.78,13324.78,none
104396,2024-11-25,12:20:00,2024-11-25 12:20:00,Marketing,5000,Raw Materials Expense,Schneider-Clark,6356.53,Nicole Chavez,Thomas Martin,PO309267,INV484477,6356.53,6356.53,6356.53,none
100611,2024-11-25,12:29:00,2024-11-25 12:29:00,Marketing,5400,IT & Software,Rivera-Charles,4433.72,Jeffrey Hancock,Gary Stone,PO715605,INV746445,4433.72,4433.72,4433.72,none
102039,2024-11-25,12:37:00,2024-11-25 12:37:00,Operations,6000,Vendor Payments,White-Thomas,59492.79,Austin Cohen,Anita Harris,PO629521,INV698411,59492.79,59492.79,59492.79,none
103577,2024-11-25,13:22:00,2024-11-25 13:22:00,Sales,5300,Professional Fees,"Silva, Jones and Oliver",10840.15,Gerald Freeman,Sean Kelly,PO91382,INV127979,10840.15,10840.15,10840.15,none
104329,2024-11-25,13:23:00,2024-11-25 13:23:00,Procurement,6000,Vendor Payments,"Nelson, Duncan and Smith",8235.58,Donald Ferguson,Gary Stone,PO256261,INV151351,8235.58,8235.58,8235.58,none
101448,2024-11-25,14:24:00,2024-11-25 14:24:00,Marketing,5500,Utilities,"Duncan, Graham and Stark",2326.27,James Dennis,Timothy Johnson,PO523015,INV752770,2326.27,2326.27,2326.27,none
104566,2024-11-25,14:42:00,2024-11-25 14:42:00,HR,6000,Vendor Payments,Hopkins Inc,15461.78,Lawrence Davis,Sergio Arroyo,PO470513,INV731807,15461.78,15461.78,15461.78,none
103884,2024-11-25,14:46:00,2024-11-25 14:46:00,Marketing,5100,Office Supplies,Hughes-Nichols,4124.43,Tanner Avila,Thomas Martin,PO6755,INV603202,4124.43,4124.43,4124.43,none
103728,2024-11-25,14:53:00,2024-11-25 14:53:00,Sales,5000,Raw Materials Expense,"Nelson, Duncan and Smith",24096.31,Mary Harrison,Sergio Arroyo,PO977619,INV394624,24096.31,24096.31,24096.31,none
103866,2024-11-25,15:03:00,2024-11-25 15:03:00,Finance,5100,Office Supplies,Becker-Martinez,10987.51,Gary Mays,Joy Hernandez,PO62340,INV127498,10987.51,10987.51,10987.51,none
104232,2024-11-25,15:05:00,2024-11-25 15:05:00,IT,5400,IT & Software,Rogers Ltd,7124.26,Sean Kelly,Leslie Robinson,PO957173,INV894630,7124.26,7124.26,7124.26,none
103905,2024-11-25,15:54:00,2024-11-25 15:54:00,HR,5500,Utilities,"Flores, Hood and Brown",11819.09,Sergio Arroyo,Joy Hernandez,PO478697,INV800492,11819.09,11819.09,11819.09,none
104168,2024-11-25,17:04:00,2024-11-25 17:04:00,Sales,5200,Travel & Entertainment,Raymond-Lucas,11746.77,Michael Rivas,Dawn Hall,PO80550,INV852907,11746.77,11746.77,11746.77,none
103804,2024-11-25,17:40:00,2024-11-25 17:40:00,IT,5300,Professional Fees,"Mills, Crane and Kim",3659.76,Sean Kelly,Donald Ferguson,PO289828,INV750162,3659.76,3659.76,3659.76,none
103635,2024-11-25,18:16:00,2024-11-25 18:16:00,Marketing,5100,Office Supplies,"Flores, Hood and Brown",29690.68,Michael Macdonald,Austin Cohen,PO707050,INV840237,29690.68,29690.68,29690.68,none
100222,2024-11-25,18:20:00,2024-11-25 18:20:00,HR,6000,Vendor Payments,"Nelson, Duncan and Smith",7106.32,Alyssa Jackson,Timothy Johnson,PO97309,INV656551,7106.32,7106.32,7106.32,none
103621,2024-11-26,09:05:00,2024-11-26 09:05:00,Operations,5100,Office Supplies,"Nelson, Duncan and Smith",29705.08,Michael Rivas,Patricia Lopez,PO169799,INV990658,29705.08,29705.08,29705.08,none
100165,2024-11-26,09:19:00,2024-11-26 09:19:00,Finance,5500,Utilities,Torres-Mendoza,14567.32,Elizabeth Shea,Jeffrey Hancock,PO647519,INV928295,14567.32,14567.32,14567.32,none
100469,2024-11-26,09:50:00,2024-11-26 09:50:00,HR,5100,Office Supplies,Pearson PLC,9172.6,Kyle King,Patricia Perry,PO121088,INV132378,9172.6,9172.6,9172.6,none
102422,2024-11-26,10:28:00,2024-11-26 10:28:00,HR,5300,Professional Fees,"Jefferson, Sullivan and Young",17471.46,Sean Kelly,Lawrence Davis,PO754281,INV279790,17471.46,17471.46,17471.46,none
103120,2024-11-26,11:36:00,2024-11-26 11:36:00,Operations,5100,Office Supplies,Becker-Martinez,16371.26,Thomas Martin,Mary Harrison,PO412935,INV587287,16371.26,16371.26,16371.26,none
104211,2024-11-26,12:15:00,2024-11-26 12:15:00,Procurement,5300,Professional Fees,Willis Group,10436.33,Leslie Robinson,Lindsey Lewis,PO238246,INV448173,10436.33,10436.33,10436.33,none
104163,2024-11-26,12:30:00,2024-11-26 12:30:00,IT,5000,Raw Materials Expense,Gross-Morrison,17687.88,Taylor Carroll,Joy Hernandez,PO437552,INV163931,17687.88,17687.88,17687.88,none
102295,2024-11-26,12:59:00,2024-11-26 12:59:00,Operations,5200,Travel & Entertainment,Evans Ltd,20044.19,Sergio Arroyo,Leslie Robinson,PO807647,INV670813,20044.19,20044.19,20044.19,none
104740,2024-11-26,13:19:00,2024-11-26 13:19:00,Finance,6000,Vendor Payments,Jones Ltd,29374.38,Michael Macdonald,Nicole Chavez,PO55832,INV336196,29374.38,29374.38,29374.38,none
100179,2024-11-26,14:03:00,2024-11-26 14:03:00,Marketing,5200,Travel & Entertainment,Jones Inc,13618.63,Dawn Hall,Janice Bush,PO619286,INV509032,13618.63,13618.63,13618.63,none
102303,2024-11-26,14:25:00,2024-11-26 14:25:00,IT,5300,Professional Fees,Larson PLC,9431.89,Thomas Martin,Alyssa Jackson,PO873204,INV306492,9431.89,9431.89,9431.89,none
103576,2024-11-26,14:52:00,2024-11-26 14:52:00,Marketing,5300,Professional Fees,Stewart-Russell,14225.18,Michael Macdonald,Anita Harris,PO860209,INV158907,14225.18,14225.18,14225.18,none
100766,2024-11-26,15:17:00,2024-11-26 15:17:00,Finance,5500,Utilities,Powers Group,8950.03,Gary Stone,Mary Harrison,PO604062,INV850500,8950.03,8950.03,8950.03,none
102221,2024-11-26,15:18:00,2024-11-26 15:18:00,HR,5000,Raw Materials Expense,"Jefferson, Sullivan and Young",9169.47,Corey Jones,Timothy Johnson,PO40271,INV571579,9169.47,9169.47,9169.47,none
101908,2024-11-26,15:21:00,2024-11-26 15:21:00,Procurement,5100,Office Supplies,Stevens-Gibson,9483.61,Joy Hernandez,Taylor Carroll,PO646332,INV512808,9483.61,9483.61,9483.61,none
100235,2024-11-26,15:32:00,2024-11-26 15:32:00,Sales,5500,Utilities,"Smith, Montgomery and Reyes",31138.56,Joy Hernandez,Donald Ferguson,PO164828,INV640986,31138.56,31138.56,31138.56,none
101676,2024-11-26,15:43:00,2024-11-26 15:43:00,Marketing,6000,Vendor Payments,Schneider-Clark,30468.11,Nicole Chavez,Timothy Johnson,PO679642,INV163673,30468.11,30468.11,30468.11,none
100781,2024-11-26,15:53:00,2024-11-26 15:53:00,HR,5300,Professional Fees,Gross-Morrison,8504.91,Lawrence Davis,Gerald Freeman,PO872745,INV953211,8504.91,8504.91,8504.91,none
100875,2024-11-26,16:05:00,2024-11-26 16:05:00,Procurement,5500,Utilities,Nichols LLC,11838.48,Denise Elliott,Corey Jones,PO264658,INV714947,11838.48,11838.48,11838.48,none
100680,2024-11-26,17:04:00,2024-11-26 17:04:00,IT,6000,Vendor Payments,Smith-Parker,16282.19,Lindsey Lewis,Sean Kelly,PO219771,INV803206,16282.19,16282.19,16282.19,none
103242,2024-11-26,17:21:00,2024-11-26 17:21:00,Finance,5500,Utilities,Murphy Inc,8132.88,Mary Harrison,Christina Miller,PO64611,INV421551,8132.88,8132.88,8132.88,none
101670,2024-11-26,17:22:00,2024-11-26 17:22:00,Finance,5400,IT & Software,Harris PLC,12889.46,Patricia Perry,Mary Harrison,PO986821,INV501599,12889.46,12889.46,12889.46,none
103687,2024-11-26,17:37:00,2024-11-26 17:37:00,Finance,5500,Utilities,"Gardner, Perry and Cruz",863.3,Austin Cohen,Christine Gonzales,PO906824,INV530837,863.3,863.3,863.3,none
100687,2024-11-26,18:05:00,2024-11-26 18:05:00,Finance,5300,Professional Fees,Larson PLC,7881.0,Jeffrey Hancock,Leslie Robinson,PO543820,INV820931,7881.0,7881.0,7881.0,none
103941,2024-11-26,18:24:00,2024-11-26 18:24:00,IT,5200,Travel & Entertainment,"Robles, Moses and Morgan",19906.02,Thomas Martin,Timothy Johnson,PO242466,INV764429,19906.02,19906.02,19906.02,none
100945,2024-11-27,09:09:00,2024-11-27 09:09:00,IT,5100,Office Supplies,Tucker Group,13585.0,Autumn Reed,Donald Ferguson,PO48791,INV379122,13585.0,13585.0,13585.0,none
102177,2024-11-27,10:21:00,2024-11-27 10:21:00,Finance,5300,Professional Fees,Raymond-Lucas,10540.17,James Dennis,Dawn Hall,PO554402,INV515176,10540.17,10540.17,10540.17,none
101189,2024-11-27,11:07:00,2024-11-27 11:07:00,Marketing,5100,Office Supplies,Hughes-Nichols,15608.39,Brittany Jackson,Michael Macdonald,PO47039,INV337866,15608.39,15608.39,15608.39,none
102757,2024-11-27,12:04:00,2024-11-27 12:04:00,Finance,5200,Travel & Entertainment,"Martin, Brewer and Young",38867.93,James Dennis,Taylor Carroll,PO474476,INV237826,38867.93,38867.93,38867.93,none
104710,2024-11-27,12:48:00,2024-11-27 12:48:00,Operations,6000,Vendor Payments,Rogers Ltd,4278.69,Gary Stone,Timothy Johnson,PO645371,INV265140,4278.69,4278.69,4278.69,none
100511,2024-11-27,13:31:00,2024-11-27 13:31:00,Operations,5100,Office Supplies,"Brown, Baker and Alvarado",19788.6,Mary Harrison,Lawrence Davis,PO365184,INV566092,19788.6,19788.6,19788.6,none
104430,2024-11-27,13:36:00,2024-11-27 13:36:00,Operations,6000,Vendor Payments,Torres-Mendoza,12986.61,Lawrence Davis,Sergio Arroyo,PO732668,INV520415,12986.61,12986.61,12986.61,none
104837,2024-11-27,16:15:00,2024-11-27 16:15:00,IT,5000,Raw Materials Expense,Pearson PLC,90874.98,Mary Harrison,Jeffrey Hancock,PO349087,INV49434,90874.98,90874.98,90874.98,unusual_amount
102400,2024-11-27,16:23:00,2024-11-27 16:23:00,HR,6000,Vendor Payments,"Martin, Brewer and Young",1922.2,Christopher Chung,Patricia Lopez,PO989098,INV644894,1922.2,1922.2,1922.2,none
100416,2024-11-27,18:02:00,2024-11-27 18:02:00,Marketing,5100,Office Supplies,Schneider-Clark,12022.0,Christine Gonzales,Gerald Freeman,PO50845,INV439324,12022.0,12022.0,12022.0,none
100578,2024-11-27,18:38:00,2024-11-27 18:38:00,IT,6000,Vendor Payments,Harper-Hernandez,25380.48,Dawn Hall,Sean Kelly,PO972867,INV105490,25380.48,25380.48,25380.48,none
103050,2024-11-27,18:46:00,2024-11-27 18:46:00,Sales,5100,Office Supplies,Mora-Lynn,21562.1,Gerald Freeman,Jeffrey Hancock,PO68473,INV788937,21562.1,21562.1,21562.1,none
102845,2024-11-27,18:52:00,2024-11-27 18:52:00,HR,5400,IT & Software,Ballard-Jenkins,27615.28,Donna Weber,Taylor Carroll,PO293882,INV771206,27615.28,27615.28,27615.28,none
102166,2024-11-28,09:57:00,2024-11-28 09:57:00,Procurement,5100,Office Supplies,"Jefferson, Sullivan and Young",20335.94,Janice Bush,Alyssa Jackson,PO960837,INV429760,20335.94,20335.94,20335.94,none
101824,2024-11-28,10:04:00,2024-11-28 10:04:00,Operations,6000,Vendor Payments,"Nelson, Duncan and Smith",31848.05,Donna Weber,Gerald Freeman,PO305714,INV930766,31848.05,31848.05,31848.05,none
102821,2024-11-28,10:21:00,2024-11-28 10:21:00,Sales,5100,Office Supplies,Tucker Group,27530.62,Patricia Perry,Sergio Arroyo,PO560170,INV956350,27530.62,27530.62,27530.62,none
100151,2024-11-28,10:54:00,2024-11-28 10:54:00,Marketing,5200,Travel & Entertainment,"Duncan, Graham and Stark",25737.03,Mary Harrison,Kyle King,PO553350,INV232400,25737.03,25737.03,25737.03,none
100616,2024-11-28,11:07:00,2024-11-28 11:07:00,Operations,5300,Professional Fees,Cowan-Powers,4487.46,Brittany Jackson,Nicole Clarke,PO63929,INV500116,4487.46,4487.46,4487.46,none
101898,2024-11-28,11:09:00,2024-11-28 11:09:00,Finance,5400,IT & Software,"Cherry, Martin and Compton",19255.54,Dawn Hall,Timothy Johnson,PO711020,INV601894,19255.54,19255.54,19255.54,none
100276,2024-11-28,13:15:00,2024-11-28 13:15:00,Sales,5400,IT & Software,Humphrey-Berg,3508.28,Kyle King,Elizabeth Boyle,PO871928,INV230598,3508.28,3508.28,3508.28,none
100527,2024-11-28,14:11:00,2024-11-28 14:11:00,Sales,5100,Office Supplies,Scott-Bailey,15940.02,Tanner Avila,Christina Miller,PO127958,INV636379,15940.02,15940.02,15940.02,none
100369,2024-11-28,14:19:00,2024-11-28 14:19:00,Marketing,5200,Travel & Entertainment,"Dixon, Jackson and Benjamin",4455.36,Anita Harris,Janice Bush,PO320561,INV154837,4455.36,4455.36,4455.36,none
103733,2024-11-28,14:25:00,2024-11-28 14:25:00,HR,6000,Vendor Payments,Miller LLC,6396.83,Sergio Arroyo,Donna Weber,PO322489,INV546237,6396.83,6396.83,6396.83,none
100174,2024-11-28,15:07:00,2024-11-28 15:07:00,Procurement,5500,Utilities,Mays-Ortega,24673.6,Anita Harris,Michael Fox,PO599573,INV889167,24673.6,24673.6,24673.6,none
103906,2024-11-28,16:00:00,2024-11-28 16:00:00,IT,6000,Vendor Payments,Torres-Mendoza,30566.69,Jeffrey Hancock,Joy Hernandez,PO706232,INV645592,30566.69,30566.69,30566.69,none
103114,2024-11-28,17:42:00,2024-11-28 17:42:00,Sales,6000,Vendor Payments,"Hernandez, Hopkins and Houston",17991.91,Sergio Arroyo,Nicole Chavez,PO462012,INV668224,17991.91,17991.91,17991.91,none
100783,2024-11-28,17:51:00,2024-11-28 17:51:00,Marketing,5400,IT & Software,Stevens-Gibson,37336.58,Gary Stone,Michael Fox,PO418769,INV960492,37336.58,37336.58,37336.58,none
104142,2024-11-28,18:33:00,2024-11-28 18:33:00,Marketing,5400,IT & Software,Powers Group,9586.22,Lindsey Lewis,Corey Jones,PO284904,INV655350,9586.22,9586.22,9586.22,none
101314,2024-11-29,09:29:00,2024-11-29 09:29:00,Marketing,5300,Professional Fees,"Cherry, Martin and Compton",16717.61,Mary Harrison,Jeffrey Hancock,PO920239,INV111589,16717.61,16717.61,16717.61,none
103876,2024-11-29,09:51:00,2024-11-29 09:51:00,Sales,5500,Utilities,Davidson-Frank,10889.26,Michael Rivas,Patricia Perry,PO143582,INV897957,10889.26,10889.26,10889.26,none
104351,2024-11-29,09:54:00,2024-11-29 09:54:00,HR,5000,Raw Materials Expense,"Hernandez, Hopkins and Houston",5012.98,Timothy Johnson,Kyle King,PO278004,INV150169,5012.98,5012.98,5012.98,none
103816,2024-11-29,11:02:00,2024-11-29 11:02:00,IT,5100,Office Supplies,"Gardner, Perry and Cruz",6779.99,Sergio Arroyo,Christopher Chung,PO899266,INV194288,6779.99,6779.99,6779.99,none
103258,2024-11-29,11:32:00,2024-11-29 11:32:00,HR,5200,Travel & Entertainment,Smith-Parker,14224.83,Joy Hernandez,Jeffrey Hancock,PO695788,INV897302,14224.83,14224.83,14224.83,none
100536,2024-11-29,12:10:00,2024-11-29 12:10:00,HR,5300,Professional Fees,Jones Inc,22568.83,Corey Jones,Timothy Johnson,PO89341,INV818053,22568.83,22568.83,22568.83,none
102548,2024-11-29,12:45:00,2024-11-29 12:45:00,Sales,5200,Travel & Entertainment,"Mills, Crane and Kim",19551.53,Sean Kelly,Autumn Reed,PO860587,INV353524,19551.53,19551.53,19551.53,none
100326,2024-11-29,12:48:00,2024-11-29 12:48:00,Sales,5300,Professional Fees,Willis Group,9940.91,Corey Jones,Nicole Clarke,PO980148,INV985408,9940.91,9940.91,9940.91,none
103693,2024-11-29,13:53:00,2024-11-29 13:53:00,HR,5100,Office Supplies,Evans Ltd,15158.58,Michael Macdonald,Sean Kelly,PO140785,INV979445,15158.58,15158.58,15158.58,none
103688,2024-11-29,13:56:00,2024-11-29 13:56:00,Marketing,6000,Vendor Payments,Torres-Mendoza,7694.01,Lindsey Lewis,Austin Cohen,PO830545,INV486812,7694.01,7694.01,7694.01,none
101916,2024-11-29,14:11:00,2024-11-29 14:11:00,Marketing,5200,Travel & Entertainment,Hopkins Inc,4244.4,Austin Cohen,Sean Kelly,PO938961,INV237170,4244.4,4244.4,4244.4,none
103964,2024-11-29,15:27:00,2024-11-29 15:27:00,Finance,5200,Travel & Entertainment,"Decker, Eaton and Arnold",17351.71,Alyssa Jackson,Christina Miller,PO880638,INV107302,17351.71,17351.71,17351.71,none
100131,2024-11-29,16:58:00,2024-11-29 16:58:00,Procurement,6000,Vendor Payments,Torres-Mendoza,21755.8,Patricia Lopez,Nicole Clarke,PO202327,INV524300,21755.8,21755.8,21755.8,none
100327,2024-11-29,18:14:00,2024-11-29 18:14:00,Finance,5200,Travel & Entertainment,Powers Group,25005.61,Lindsey Lewis,Jeffrey Hancock,PO746361,INV187603,25005.61,25005.61,25005.61,none
104377,2024-11-29,18:27:00,2024-11-29 18:27:00,IT,5200,Travel & Entertainment,Miller LLC,18975.68,Mary Harrison,Donna Weber,PO540200,INV905552,18975.68,18975.68,18975.68,none
104938,2024-11-30,16:28:00,2024-11-30 16:28:00,IT,5000,Raw Materials Expense,Larson PLC,3395.41,Leslie Robinson,Nicole Chavez,PO232123,INV886737,3395.41,3395.41,3395.41,weekend_posting
101793,2024-12-02,10:04:00,2024-12-02 10:04:00,Sales,5400,IT & Software,Gross-Morrison,15833.44,Corey Jones,Austin Cohen,PO13205,INV895304,15833.44,15833.44,15833.44,none
102992,2024-12-02,10:20:00,2024-12-02 10:20:00,Procurement,5400,IT & Software,"White, Tucker and Wolf",3446.15,Anita Harris,Jeffrey Hancock,PO77514,INV662897,3446.15,3446.15,3446.15,none
101320,2024-12-02,11:03:00,2024-12-02 11:03:00,Finance,5200,Travel & Entertainment,Humphrey-Berg,36774.49,Autumn Reed,Sergio Arroyo,PO506624,INV217018,36774.49,36774.49,36774.49,none
100479,2024-12-02,11:07:00,2024-12-02 11:07:00,Operations,5400,IT & Software,Evans Ltd,26801.96,Lindsey Lewis,Elizabeth Boyle,PO463217,INV990159,26801.96,26801.96,26801.96,none
101986,2024-12-02,11:17:00,2024-12-02 11:17:00,Procurement,5300,Professional Fees,Young Inc,10145.47,Thomas Martin,Tanner Avila,PO701044,INV885889,10145.47,10145.47,10145.47,none
100818,2024-12-02,11:34:00,2024-12-02 11:34:00,Sales,5400,IT & Software,Gross-Morrison,8174.1,Christina Miller,Christopher Chung,PO783108,INV818733,8174.1,8174.1,8174.1,none
103748,2024-12-02,11:55:00,2024-12-02 11:55:00,Marketing,5200,Travel & Entertainment,Reyes-Glover,5041.61,Corey Jones,Lawrence Davis,PO393626,INV265673,5041.61,5041.61,5041.61,none
100974,2024-12-02,12:38:00,2024-12-02 12:38:00,Procurement,5400,IT & Software,Reyes-Glover,5643.11,Lindsey Lewis,Mary Harrison,PO830266,INV225048,5643.11,5643.11,5643.11,none
100957,2024-12-02,13:51:00,2024-12-02 13:51:00,IT,5300,Professional Fees,"Nelson, Duncan and Smith",28891.72,Gerald Freeman,Timothy Johnson,PO342680,INV367757,28891.72,28891.72,28891.72,none
103703,2024-12-02,14:13:00,2024-12-02 14:13:00,IT,5200,Travel & Entertainment,Stevens-Gibson,7865.39,Denise Elliott,Elizabeth Boyle,PO192617,INV789161,7865.39,7865.39,7865.39,none
102535,2024-12-02,14:17:00,2024-12-02 14:17:00,Operations,6000,Vendor Payments,"Robles, Moses and Morgan",11981.96,Donna Weber,Elizabeth Boyle,PO969737,INV135000,11981.96,11981.96,11981.96,none
103172,2024-12-02,15:15:00,2024-12-02 15:15:00,Operations,5200,Travel & Entertainment,"Robles, Moses and Morgan",11961.55,Patricia Perry,Tanner Avila,PO931210,INV483844,11961.55,11961.55,11961.55,none
104988,2024-12-02,15:21:00,2024-12-02 15:21:00,Marketing,5000,Raw Materials Expense,Stevens-Gibson,12681.01,Anita Harris,Michael Rivas,PO834274,INV629965,12681.01,12681.01,12681.01,duplicate_payment
104454,2024-12-02,15:23:00,2024-12-02 15:23:00,Finance,5200,Travel & Entertainment,"Decker, Eaton and Arnold",7850.0,Joy Hernandez,Christopher Chung,PO243317,INV508550,7850.0,7850.0,7850.0,none
101120,2024-12-02,15:36:00,2024-12-02 15:36:00,Procurement,5400,IT & Software,"Yang, Weber and Nielsen",21866.7,Donna Weber,Corey Jones,PO84210,INV165504,21866.7,21866.7,21866.7,none
102215,2024-12-02,16:01:00,2024-12-02 16:01:00,Sales,5100,Office Supplies,"Martin, Brewer and Young",9399.51,Leslie Robinson,Christine Gonzales,PO362403,INV179208,9399.51,9399.51,9399.51,none
102773,2024-12-02,17:15:00,2024-12-02 17:15:00,HR,6000,Vendor Payments,Miller LLC,48000.88,Anita Harris,Brittany Jackson,PO225387,INV213430,48000.88,48000.88,48000.88,none
100729,2024-12-02,17:18:00,2024-12-02 17:18:00,Marketing,6000,Vendor Payments,"White, Tucker and Wolf",18262.67,Nicole Clarke,Alyssa Jackson,PO509550,INV1612,18262.67,18262.67,18262.67,none
101487,2024-12-02,17:38:00,2024-12-02 17:38:00,IT,5500,Utilities,Raymond-Lucas,2100.1,Dawn Hall,Timothy Johnson,PO280477,INV962905,2100.1,2100.1,2100.1,none
101653,2024-12-03,09:17:00,2024-12-03 09:17:00,HR,6000,Vendor Payments,"Decker, Eaton and Arnold",16005.26,Brittany Jackson,Michael Rivas,PO650526,INV572224,16005.26,16005.26,16005.26,none
101475,2024-12-03,10:11:00,2024-12-03 10:11:00,HR,5400,IT & Software,Stewart-Russell,36484.55,Austin Cohen,James Dennis,PO847838,INV489337,36484.55,36484.55,36484.55,none
101459,2024-12-03,11:01:00,2024-12-03 11:01:00,Marketing,6000,Vendor Payments,"White, Tucker and Wolf",35228.94,Nicole Clarke,Kyle King,PO677461,INV852880,35228.94,35228.94,35228.94,none
101372,2024-12-03,11:44:00,2024-12-03 11:44:00,HR,5500,Utilities,Mora-Lynn,4700.51,Anita Harris,Brittany Jackson,PO755917,INV340221,4700.51,4700.51,4700.51,none
101009,2024-12-03,12:17:00,2024-12-03 12:17:00,Marketing,5400,IT & Software,Ballard-Jenkins,7477.33,James Dennis,Corey Jones,PO810431,INV787566,7477.33,7477.33,7477.33,none
100062,2024-12-03,12:25:00,2024-12-03 12:25:00,Finance,6000,Vendor Payments,"Flores, Hood and Brown",9943.69,James Dennis,Lawrence Davis,PO37852,INV75952,9943.69,9943.69,9943.69,none
101693,2024-12-03,12:44:00,2024-12-03 12:44:00,Procurement,5200,Travel & Entertainment,Miller LLC,40976.9,Patricia Perry,Donald Ferguson,PO134737,INV747327,40976.9,40976.9,40976.9,none
103684,2024-12-03,12:51:00,2024-12-03 12:51:00,Finance,5100,Office Supplies,Larson PLC,24421.96,Christina Miller,Gary Stone,PO674414,INV440394,24421.96,24421.96,24421.96,none
101759,2024-12-03,13:59:00,2024-12-03 13:59:00,IT,6000,Vendor Payments,"Flores, Hood and Brown",26655.87,Elizabeth Shea,Patricia Perry,PO941437,INV556934,26655.87,26655.87,26655.87,none
101357,2024-12-03,14:21:00,2024-12-03 14:21:00,Marketing,5100,Office Supplies,"Morton, Reynolds and Anderson",12521.06,Autumn Reed,Christina Miller,PO560651,INV559107,12521.06,12521.06,12521.06,none
102492,2024-12-03,14:58:00,2024-12-03 14:58:00,IT,5300,Professional Fees,"Flores, Hood and Brown",6316.82,Elizabeth Boyle,Anita Harris,PO662790,INV823706,6316.82,6316.82,6316.82,none
102871,2024-12-03,15:11:00,2024-12-03 15:11:00,Procurement,6000,Vendor Payments,"Robles, Moses and Morgan",13411.4,Anita Harris,Taylor Carroll,PO228506,INV681319,13411.4,13411.4,13411.4,none
101636,2024-12-03,15:40:00,2024-12-03 15:40:00,HR,5400,IT & Software,Hughes-Nichols,5145.59,Sergio Arroyo,Tanner Avila,PO920242,INV790166,5145.59,5145.59,5145.59,none
100379,2024-12-03,16:01:00,2024-12-03 16:01:00,Operations,5200,Travel & Entertainment,Gomez Ltd,15985.56,Mary Harrison,Corey Jones,PO838505,INV171825,15985.56,15985.56,15985.56,none
104112,2024-12-03,16:41:00,2024-12-03 16:41:00,Operations,5200,Travel & Entertainment,Gomez Ltd,8423.89,Christine Gonzales,Patricia Lopez,PO667213,INV416151,8423.89,8423.89,8423.89,none
104186,2024-12-03,16:54:00,2024-12-03 16:54:00,Finance,5300,Professional Fees,Young Inc,15664.44,Lindsey Lewis,Dawn Hall,PO725149,INV653034,15664.44,15664.44,15664.44,none
104125,2024-12-03,17:12:00,2024-12-03 17:12:00,Marketing,5400,IT & Software,Stewart-Russell,17124.16,Michael Rivas,Jeffrey Hancock,PO650711,INV244899,17124.16,17124.16,17124.16,none
100184,2024-12-04,09:08:00,2024-12-04 09:08:00,HR,5200,Travel & Entertainment,Stevens-Gibson,24123.58,Patricia Lopez,Austin Cohen,PO82392,INV345434,24123.58,24123.58,24123.58,none
103694,2024-12-04,09:29:00,2024-12-04 09:29:00,Finance,6000,Vendor Payments,Nichols LLC,26025.65,Elizabeth Boyle,Thomas Martin,PO778827,INV932666,26025.65,26025.65,26025.65,none
101856,2024-12-04,09:40:00,2024-12-04 09:40:00,IT,6000,Vendor Payments,Nichols LLC,8592.72,Elizabeth Boyle,Leslie Robinson,PO788531,INV562198,8592.72,8592.72,8592.72,none
103842,2024-12-04,10:21:00,2024-12-04 10:21:00,IT,5400,IT & Software,"Nelson, Duncan and Smith",14833.63,Sergio Arroyo,Nicole Chavez,PO524851,INV125692,14833.63,14833.63,14833.63,none
100605,2024-12-04,10:42:00,2024-12-04 10:42:00,IT,5500,Utilities,"Martin, Brewer and Young",16710.83,Autumn Reed,Elizabeth Boyle,PO908599,INV334780,16710.83,16710.83,16710.83,none
104632,2024-12-04,10:45:00,2024-12-04 10:45:00,Procurement,5100,Office Supplies,"Morton, Reynolds and Anderson",5620.41,Elizabeth Shea,Christine Gonzales,PO970890,INV772013,5620.41,5620.41,5620.41,none
100937,2024-12-04,11:28:00,2024-12-04 11:28:00,Sales,6000,Vendor Payments,Tucker Group,13598.54,Timothy Johnson,Autumn Reed,PO23977,INV837486,13598.54,13598.54,13598.54,none
102807,2024-12-04,11:29:00,2024-12-04 11:29:00,Operations,5300,Professional Fees,"Duncan, Graham and Stark",27669.65,Gary Mays,Janice Bush,PO283562,INV669845,27669.65,27669.65,27669.65,none
101802,2024-12-04,13:02:00,2024-12-04 13:02:00,Sales,5100,Office Supplies,"Dixon, Jackson and Benjamin",15422.02,Patricia Lopez,Alyssa Jackson,PO705955,INV58859,15422.02,15422.02,15422.02,none
102062,2024-12-04,13:35:00,2024-12-04 13:35:00,HR,5100,Office Supplies,Larson PLC,6978.47,Donald Ferguson,Anita Harris,PO590902,INV593289,6978.47,6978.47,6978.47,none
102605,2024-12-04,13:56:00,2024-12-04 13:56:00,Procurement,5000,Raw Materials Expense,Evans Ltd,56838.71,Lindsey Lewis,Autumn Reed,PO862786,INV658117,56838.71,56838.71,56838.71,none
104258,2024-12-04,14:41:00,2024-12-04 14:41:00,Sales,6000,Vendor Payments,Powers Group,38897.48,Janice Bush,James Dennis,PO691859,INV22334,38897.48,38897.48,38897.48,none
100238,2024-12-04,14:56:00,2024-12-04 14:56:00,Marketing,5000,Raw Materials Expense,Ballard-Jenkins,9704.31,Sergio Arroyo,Joy Hernandez,PO312725,INV679001,9704.31,9704.31,9704.31,none
100353,2024-12-04,15:39:00,2024-12-04 15:39:00,Sales,5200,Travel & Entertainment,Raymond-Lucas,16938.89,Austin Cohen,Donna Weber,PO557762,INV268742,16938.89,16938.89,16938.89,none
102127,2024-12-04,16:19:00,2024-12-04 16:19:00,Finance,5400,IT & Software,Jones Inc,38306.19,Taylor Carroll,Corey Jones,PO347152,INV224873,38306.19,38306.19,38306.19,none
102456,2024-12-04,16:46:00,2024-12-04 16:46:00,Procurement,5100,Office Supplies,"Robles, Moses and Morgan",31678.28,Brittany Jackson,Christopher Chung,PO494083,INV216169,31678.28,31678.28,31678.28,none
104619,2024-12-04,17:15:00,2024-12-04 17:15:00,Sales,5100,Office Supplies,"Jefferson, Sullivan and Young",18035.59,Nicole Chavez,Gary Stone,PO971010,INV992373,18035.59,18035.59,18035.59,none
101700,2024-12-04,17:28:00,2024-12-04 17:28:00,Operations,5100,Office Supplies,Cowan-Powers,17438.16,Thomas Martin,Nicole Clarke,PO732982,INV191013,17438.16,17438.16,17438.16,none
102585,2024-12-04,18:13:00,2024-12-04 18:13:00,Operations,5100,Office Supplies,Harper-Hernandez,35527.21,Taylor Carroll,Sergio Arroyo,PO601321,INV181021,35527.21,35527.21,35527.21,none
104247,2024-12-04,18:22:00,2024-12-04 18:22:00,Sales,5400,IT & Software,Torres-Mendoza,7411.87,Thomas Martin,Michael Macdonald,PO144231,INV137278,7411.87,7411.87,7411.87,none
104774,2024-12-04,18:24:00,2024-12-04 18:24:00,Operations,5400,IT & Software,"Brown, Baker and Alvarado",18217.54,Christine Gonzales,Donna Weber,PO894708,INV549497,18217.54,18217.54,18217.54,none
102881,2024-12-04,18:40:00,2024-12-04 18:40:00,Procurement,5400,IT & Software,White-Thomas,5508.42,Lawrence Davis,Dawn Hall,PO879404,INV169302,5508.42,5508.42,5508.42,none
102797,2024-12-05,09:05:00,2024-12-05 09:05:00,HR,5100,Office Supplies,Miller LLC,9917.09,Timothy Johnson,Christine Gonzales,PO684379,INV777007,9917.09,9917.09,9917.09,none
102506,2024-12-05,09:31:00,2024-12-05 09:31:00,HR,5300,Professional Fees,"Jefferson, Sullivan and Young",8272.92,Christina Miller,Michael Fox,PO469042,INV271362,8272.92,8272.92,8272.92,none
102470,2024-12-05,10:49:00,2024-12-05 10:49:00,Procurement,5100,Office Supplies,Hughes-Nichols,9615.02,Mary Harrison,Corey Jones,PO243168,INV219198,9615.02,9615.02,9615.02,none
101419,2024-12-05,11:00:00,2024-12-05 11:00:00,Sales,5200,Travel & Entertainment,"Decker, Eaton and Arnold",27408.62,Taylor Carroll,Timothy Johnson,PO104917,INV861390,27408.62,27408.62,27408.62,none
104976,2024-12-05,11:00:00,2024-12-05 11:00:00,Finance,5100,Office Supplies,"Howard, Tucker and Flores",368201.73,Mary Harrison,Christopher Chung,PO399352,INV169964,368201.73,368201.73,368201.73,unusual_amount
103060,2024-12-05,11:03:00,2024-12-05 11:03:00,Finance,5400,IT & Software,Tucker Group,32557.17,James Dennis,Elizabeth Shea,PO629209,INV10232,32557.17,32557.17,32557.17,none
104166,2024-12-05,12:10:00,2024-12-05 12:10:00,Finance,5400,IT & Software,Pearson PLC,16753.41,Joy Hernandez,Leslie Robinson,PO92817,INV404719,16753.41,16753.41,16753.41,none
104421,2024-12-05,13:16:00,2024-12-05 13:16:00,HR,5300,Professional Fees,"Jefferson, Sullivan and Young",26696.92,Jeffrey Hancock,Kyle King,PO993873,INV915013,26696.92,26696.92,26696.92,none
102721,2024-12-05,16:31:00,2024-12-05 16:31:00,Operations,6000,Vendor Payments,Rivera-Charles,17240.86,Mary Harrison,Nicole Chavez,PO128240,INV984038,17240.86,17240.86,17240.86,none
101338,2024-12-05,18:04:00,2024-12-05 18:04:00,Operations,5100,Office Supplies,Scott-Bailey,14562.42,Donald Ferguson,Nicole Clarke,PO193462,INV87645,14562.42,14562.42,14562.42,none
104546,2024-12-05,18:10:00,2024-12-05 18:10:00,Marketing,5400,IT & Software,"Flores, Hood and Brown",10036.77,Gary Mays,Elizabeth Boyle,PO591411,INV908397,10036.77,10036.77,10036.77,none
100109,2024-12-05,18:23:00,2024-12-05 18:23:00,Sales,5300,Professional Fees,"Smith, Montgomery and Reyes",21395.3,Lawrence Davis,Elizabeth Boyle,PO2746,INV901180,21395.3,21395.3,21395.3,none
103453,2024-12-05,18:35:00,2024-12-05 18:35:00,Procurement,5400,IT & Software,"Cherry, Martin and Compton",2873.62,Donald Ferguson,Christopher Chung,PO602036,INV255720,2873.62,2873.62,2873.62,none
103981,2024-12-05,18:48:00,2024-12-05 18:48:00,Finance,5300,Professional Fees,Tucker Group,8610.62,Thomas Martin,Austin Cohen,PO30888,INV228301,8610.62,8610.62,8610.62,none
103539,2024-12-06,09:13:00,2024-12-06 09:13:00,IT,5300,Professional Fees,Galvan Group,10402.0,James Dennis,Nicole Clarke,PO442948,INV824953,10402.0,10402.0,10402.0,none
103423,2024-12-06,09:37:00,2024-12-06 09:37:00,HR,5200,Travel & Entertainment,Torres-Mendoza,10979.12,Donald Ferguson,Gerald Freeman,PO110569,INV37188,10979.12,10979.12,10979.12,none
104015,2024-12-06,10:42:00,2024-12-06 10:42:00,Sales,5300,Professional Fees,Mays-Ortega,5637.52,Sean Kelly,Michael Rivas,PO790155,INV850595,5637.52,5637.52,5637.52,none
100458,2024-12-06,11:03:00,2024-12-06 11:03:00,IT,5200,Travel & Entertainment,Murphy Inc,9182.25,Donald Ferguson,Brittany Jackson,PO101376,INV635822,9182.25,9182.25,9182.25,none
103135,2024-12-06,11:11:00,2024-12-06 11:11:00,HR,5500,Utilities,"Durham, Bowen and Hess",22360.91,Sean Kelly,Denise Elliott,PO691302,INV776006,22360.91,22360.91,22360.91,none
101726,2024-12-06,11:19:00,2024-12-06 11:19:00,IT,5100,Office Supplies,Nichols LLC,16602.83,Patricia Perry,Sean Kelly,PO17068,INV199348,16602.83,16602.83,16602.83,none
102483,2024-12-06,11:44:00,2024-12-06 11:44:00,Operations,5400,IT & Software,"Gardner, Perry and Cruz",6180.18,Patricia Perry,Donna Weber,PO728110,INV393182,6180.18,6180.18,6180.18,none
103664,2024-12-06,12:01:00,2024-12-06 12:01:00,Sales,5000,Raw Materials Expense,Gross-Morrison,18075.21,Corey Jones,Alyssa Jackson,PO987694,INV95372,18075.21,18075.21,18075.21,none
100340,2024-12-06,12:48:00,2024-12-06 12:48:00,Operations,5500,Utilities,Larson PLC,6841.27,Corey Jones,Janice Bush,PO411991,INV350814,6841.27,6841.27,6841.27,none
102135,2024-12-06,13:06:00,2024-12-06 13:06:00,HR,5300,Professional Fees,"Gardner, Perry and Cruz",7666.66,Timothy Johnson,Tanner Avila,PO992884,INV607635,7666.66,7666.66,7666.66,none
104280,2024-12-06,13:22:00,2024-12-06 13:22:00,Sales,5200,Travel & Entertainment,Jones Inc,29874.28,Donald Ferguson,Nicole Clarke,PO568651,INV280848,29874.28,29874.28,29874.28,none
101070,2024-12-06,13:26:00,2024-12-06 13:26:00,IT,6000,Vendor Payments,"Martin, Brewer and Young",19703.79,Corey Jones,Austin Cohen,PO959073,INV518952,19703.79,19703.79,19703.79,none
104021,2024-12-06,15:53:00,2024-12-06 15:53:00,Sales,5100,Office Supplies,Cowan-Powers,28306.41,Gary Stone,Gary Mays,PO959487,INV532595,28306.41,28306.41,28306.41,none
101446,2024-12-06,16:57:00,2024-12-06 16:57:00,Finance,5300,Professional Fees,Miller LLC,8497.67,Gary Stone,James Dennis,PO849354,INV62958,8497.67,8497.67,8497.67,none
104300,2024-12-06,18:30:00,2024-12-06 18:30:00,Marketing,5000,Raw Materials Expense,"Cherry, Martin and Compton",40720.59,Donna Weber,Patricia Lopez,PO455147,INV706818,40720.59,40720.59,40720.59,none
104671,2024-12-09,10:03:00,2024-12-09 10:03:00,Sales,5500,Utilities,Stevens-Gibson,13500.68,Alyssa Jackson,Nicole Chavez,PO842393,INV992481,13500.68,13500.68,13500.68,none
104340,2024-12-09,10:23:00,2024-12-09 10:23:00,Marketing,5000,Raw Materials Expense,Hopkins Inc,15349.84,Michael Fox,Patricia Lopez,PO78190,INV786283,15349.84,15349.84,15349.84,none
102546,2024-12-09,12:08:00,2024-12-09 12:08:00,Sales,6000,Vendor Payments,Willis Group,11381.24,Timothy Johnson,Austin Cohen,PO324798,INV774199,11381.24,11381.24,11381.24,none
101694,2024-12-09,12:29:00,2024-12-09 12:29:00,Procurement,5000,Raw Materials Expense,Francis-Burke,6797.77,Lindsey Lewis,James Dennis,PO387276,INV132725,6797.77,6797.77,6797.77,none
102837,2024-12-09,12:38:00,2024-12-09 12:38:00,Procurement,5400,IT & Software,Rogers Ltd,15438.82,Christopher Chung,Leslie Robinson,PO735791,INV910792,15438.82,15438.82,15438.82,none
102510,2024-12-09,13:26:00,2024-12-09 13:26:00,IT,5500,Utilities,Murphy Inc,8564.2,Gerald Freeman,Michael Fox,PO909261,INV256051,8564.2,8564.2,8564.2,none
103670,2024-12-09,13:36:00,2024-12-09 13:36:00,IT,6000,Vendor Payments,"Yang, Weber and Nielsen",7421.18,Elizabeth Boyle,Thomas Martin,PO101063,INV822976,7421.18,7421.18,7421.18,none
101090,2024-12-09,14:01:00,2024-12-09 14:01:00,HR,5100,Office Supplies,"Nelson, Duncan and Smith",31574.14,Leslie Robinson,Patricia Lopez,PO544200,INV757764,31574.14,31574.14,31574.14,none
104431,2024-12-09,15:12:00,2024-12-09 15:12:00,Sales,6000,Vendor Payments,Pearson PLC,53289.8,Michael Macdonald,Sean Kelly,PO286266,INV658055,53289.8,53289.8,53289.8,none
102865,2024-12-09,15:35:00,2024-12-09 15:35:00,Marketing,5400,IT & Software,Cowan-Powers,16221.53,Gerald Freeman,Mary Harrison,PO1800,INV342845,16221.53,16221.53,16221.53,none
102866,2024-12-09,16:42:00,2024-12-09 16:42:00,HR,5100,Office Supplies,Jones Ltd,9734.55,Kyle King,Taylor Carroll,PO434282,INV790093,9734.55,9734.55,9734.55,none
100176,2024-12-09,17:26:00,2024-12-09 17:26:00,HR,5100,Office Supplies,"Dixon, Jackson and Benjamin",17265.59,Anita Harris,Dawn Hall,PO748042,INV950467,17265.59,17265.59,17265.59,none
103807,2024-12-09,17:29:00,2024-12-09 17:29:00,Finance,5500,Utilities,Evans Ltd,93579.89,Nicole Clarke,Michael Rivas,PO401002,INV507606,93579.89,93579.89,93579.89,none
103534,2024-12-09,18:29:00,2024-12-09 18:29:00,Finance,5200,Travel & Entertainment,Lopez Ltd,8079.49,Brittany Jackson,Donna Weber,PO25965,INV462312,8079.49,8079.49,8079.49,none
102600,2024-12-10,10:50:00,2024-12-10 10:50:00,IT,5100,Office Supplies,"Howard, Tucker and Flores",13437.19,Elizabeth Boyle,Kyle King,PO587048,INV96964,13437.19,13437.19,13437.19,none
104366,2024-12-10,11:38:00,2024-12-10 11:38:00,IT,5400,IT & Software,Harper-Hernandez,6493.12,Lindsey Lewis,Michael Rivas,PO598696,INV520323,6493.12,6493.12,6493.12,none
101249,2024-12-10,11:45:00,2024-12-10 11:45:00,HR,5100,Office Supplies,"Howard, Tucker and Flores",22251.88,Michael Fox,Patricia Perry,PO750851,INV456350,22251.88,22251.88,22251.88,none
100644,2024-12-10,11:45:00,2024-12-10 11:45:00,Sales,5400,IT & Software,Stewart-Russell,5152.48,Patricia Perry,Dawn Hall,PO412474,INV716780,5152.48,5152.48,5152.48,none
103267,2024-12-10,12:13:00,2024-12-10 12:13:00,HR,5100,Office Supplies,"Cherry, Martin and Compton",21678.37,Christina Miller,Brittany Jackson,PO699154,INV480018,21678.37,21678.37,21678.37,none
104072,2024-12-10,12:29:00,2024-12-10 12:29:00,Operations,5100,Office Supplies,Torres-Mendoza,10857.71,Christine Gonzales,Christina Miller,PO795636,INV451441,10857.71,10857.71,10857.71,none
100171,2024-12-10,13:37:00,2024-12-10 13:37:00,Finance,5400,IT & Software,"Mills, Crane and Kim",16951.05,Anita Harris,Dawn Hall,PO613028,INV438742,16951.05,16951.05,16951.05,none
102253,2024-12-10,13:44:00,2024-12-10 13:44:00,Sales,5300,Professional Fees,"Dixon, Jackson and Benjamin",10919.44,Brittany Jackson,Donna Weber,PO861094,INV520781,10919.44,10919.44,10919.44,none
100357,2024-12-10,14:15:00,2024-12-10 14:15:00,IT,5400,IT & Software,"Yang, Weber and Nielsen",7222.25,Sean Kelly,Mary Harrison,PO107276,INV931350,7222.25,7222.25,7222.25,none
104321,2024-12-10,15:33:00,2024-12-10 15:33:00,Marketing,5400,IT & Software,Pearson PLC,8179.1,Leslie Robinson,Nicole Chavez,PO309609,INV178230,8179.1,8179.1,8179.1,none
100412,2024-12-10,16:08:00,2024-12-10 16:08:00,Finance,6000,Vendor Payments,"Smith, Montgomery and Reyes",15446.66,Nicole Chavez,Tanner Avila,PO784607,INV404194,15446.66,15446.66,15446.66,none
103820,2024-12-10,16:21:00,2024-12-10 16:21:00,HR,5400,IT & Software,Lopez Ltd,28198.16,Taylor Carroll,Autumn Reed,PO824439,INV558177,28198.16,28198.16,28198.16,none
102417,2024-12-10,16:27:00,2024-12-10 16:27:00,Operations,5000,Raw Materials Expense,Galvan Group,15737.05,Gary Stone,Gary Mays,PO233622,INV476417,15737.05,15737.05,15737.05,none
102342,2024-12-10,16:43:00,2024-12-10 16:43:00,Operations,5200,Travel & Entertainment,Miller LLC,4985.02,Patricia Perry,Denise Elliott,PO312832,INV12239,4985.02,4985.02,4985.02,none
100903,2024-12-10,16:58:00,2024-12-10 16:58:00,Marketing,5100,Office Supplies,Raymond-Lucas,8212.7,Christopher Chung,Christine Gonzales,PO713455,INV135505,8212.7,8212.7,8212.7,none
100762,2024-12-10,17:31:00,2024-12-10 17:31:00,IT,5400,IT & Software,"White, Tucker and Wolf",20243.79,Patricia Perry,Dawn Hall,PO955501,INV780534,20243.79,20243.79,20243.79,none
100970,2024-12-10,18:49:00,2024-12-10 18:49:00,IT,5400,IT & Software,Gross-Morrison,17997.77,Anita Harris,Lawrence Davis,PO992586,INV995329,17997.77,17997.77,17997.77,none
103675,2024-12-10,18:52:00,2024-12-10 18:52:00,Sales,6000,Vendor Payments,Harper-Hernandez,8045.62,Christina Miller,Donald Ferguson,PO73804,INV932613,8045.62,8045.62,8045.62,none
104952,2024-12-10,23:17:00,2024-12-10 23:17:00,Sales,5000,Raw Materials Expense,"Cherry, Martin and Compton",2505.43,Patricia Lopez,Brittany Jackson,PO67567,INV490802,2505.43,2505.43,2505.43,odd_hour_posting
100206,2024-12-11,10:17:00,2024-12-11 10:17:00,Procurement,5100,Office Supplies,Hughes-Nichols,11748.12,Mary Harrison,Lindsey Lewis,PO133106,INV836165,11748.12,11748.12,11748.12,none
100042,2024-12-11,12:25:00,2024-12-11 12:25:00,Procurement,6000,Vendor Payments,"White, Tucker and Wolf",33318.1,Nicole Chavez,Mary Harrison,PO533931,INV659444,33318.1,33318.1,33318.1,none
100172,2024-12-11,12:30:00,2024-12-11 12:30:00,Operations,6000,Vendor Payments,"Martin, Brewer and Young",8380.72,Dawn Hall,Jeffrey Hancock,PO719761,INV963619,8380.72,8380.72,8380.72,none
100072,2024-12-11,12:32:00,2024-12-11 12:32:00,IT,5200,Travel & Entertainment,Jones Ltd,17196.48,Alyssa Jackson,Anita Harris,PO653338,INV253899,17196.48,17196.48,17196.48,none
102169,2024-12-11,13:21:00,2024-12-11 13:21:00,Sales,5500,Utilities,"Hernandez, Hopkins and Houston",11300.41,Michael Fox,Janice Bush,PO850715,INV966277,11300.41,11300.41,11300.41,none
102075,2024-12-11,14:34:00,2024-12-11 14:34:00,Operations,5100,Office Supplies,Murphy Inc,31409.6,James Dennis,Taylor Carroll,PO398734,INV357522,31409.6,31409.6,31409.6,none
102910,2024-12-11,15:10:00,2024-12-11 15:10:00,HR,5200,Travel & Entertainment,"Gardner, Perry and Cruz",8937.38,Lindsey Lewis,Autumn Reed,PO294197,INV834370,8937.38,8937.38,8937.38,none
101629,2024-12-11,15:16:00,2024-12-11 15:16:00,Sales,5300,Professional Fees,"Silva, Jones and Oliver",8517.66,Elizabeth Boyle,Austin Cohen,PO858339,INV267897,8517.66,8517.66,8517.66,none
105043,2024-12-11,15:21:00,2024-12-11 15:21:00,Marketing,5000,Raw Materials Expense,Stevens-Gibson,12681.01,Anita Harris,Michael Rivas,PO834274,INV629965,12681.01,12681.01,12681.01,duplicate_payment
104220,2024-12-11,15:33:00,2024-12-11 15:33:00,Marketing,6000,Vendor Payments,Reyes-Glover,36497.93,Elizabeth Shea,Denise Elliott,PO86888,INV752847,36497.93,36497.93,36497.93,none
101959,2024-12-11,15:38:00,2024-12-11 15:38:00,Sales,5300,Professional Fees,Miller LLC,33700.96,Elizabeth Boyle,Patricia Perry,PO884565,INV237115,33700.96,33700.96,33700.96,none
102270,2024-12-11,16:00:00,2024-12-11 16:00:00,Finance,5500,Utilities,Gomez Ltd,11019.44,Mary Harrison,Tanner Avila,PO575419,INV860535,11019.44,11019.44,11019.44,none
101376,2024-12-11,16:24:00,2024-12-11 16:24:00,HR,5000,Raw Materials Expense,Jones Ltd,56179.97,Thomas Martin,Donald Ferguson,PO131518,INV282895,56179.97,56179.97,56179.97,none
101113,2024-12-11,16:42:00,2024-12-11 16:42:00,IT,5300,Professional Fees,Francis-Burke,28221.0,Austin Cohen,Timothy Johnson,PO448203,INV20488,28221.0,28221.0,28221.0,none
101382,2024-12-11,17:13:00,2024-12-11 17:13:00,Operations,5200,Travel & Entertainment,"White, Tucker and Wolf",7379.28,Gary Mays,Donna Weber,PO345325,INV886498,7379.28,7379.28,7379.28,none
104403,2024-12-11,17:34:00,2024-12-11 17:34:00,Procurement,5300,Professional Fees,Mora-Lynn,20773.15,Patricia Lopez,Joy Hernandez,PO495576,INV2122,20773.15,20773.15,20773.15,none
101743,2024-12-11,17:47:00,2024-12-11 17:47:00,Operations,5500,Utilities,"Duncan, Graham and Stark",12722.73,Lindsey Lewis,Elizabeth Shea,PO177295,INV786186,12722.73,12722.73,12722.73,none
102739,2024-12-11,17:52:00,2024-12-11 17:52:00,Sales,5200,Travel & Entertainment,"Martin, Brewer and Young",31414.85,Mary Harrison,Austin Cohen,PO746111,INV152749,31414.85,31414.85,31414.85,none
103040,2024-12-12,09:22:00,2024-12-12 09:22:00,Marketing,5000,Raw Materials Expense,Smith-Parker,18796.67,Donna Weber,Tanner Avila,PO241970,INV610038,18796.67,18796.67,18796.67,none
104722,2024-12-12,09:53:00,2024-12-12 09:53:00,IT,6000,Vendor Payments,"Morton, Reynolds and Anderson",18536.72,James Dennis,Sergio Arroyo,PO51274,INV291336,18536.72,18536.72,18536.72,none
100913,2024-12-12,11:13:00,2024-12-12 11:13:00,Marketing,5200,Travel & Entertainment,Lopez Ltd,15037.73,Jeffrey Hancock,Sergio Arroyo,PO32807,INV690582,15037.73,15037.73,15037.73,none
104653,2024-12-12,12:53:00,2024-12-12 12:53:00,Sales,5200,Travel & Entertainment,"Yang, Weber and Nielsen",17569.08,Timothy Johnson,Anita Harris,PO890061,INV959163,17569.08,17569.08,17569.08,none
101381,2024-12-12,13:09:00,2024-12-12 13:09:00,IT,5300,Professional Fees,Hughes-Nichols,46814.47,Nicole Chavez,Autumn Reed,PO38804,INV726656,46814.47,46814.47,46814.47,none
100317,2024-12-12,13:39:00,2024-12-12 13:39:00,Operations,5400,IT & Software,"Duncan, Graham and Stark",20725.45,Sergio Arroyo,Christine Gonzales,PO345243,INV997370,20725.45,20725.45,20725.45,none
100320,2024-12-12,17:24:00,2024-12-12 17:24:00,Marketing,5500,Utilities,Cowan-Powers,8517.63,Patricia Perry,Austin Cohen,PO227849,INV882763,8517.63,8517.63,8517.63,none
100552,2024-12-12,18:09:00,2024-12-12 18:09:00,Procurement,5300,Professional Fees,White-Thomas,7996.58,Donna Weber,Joy Hernandez,PO118538,INV290658,7996.58,7996.58,7996.58,none
101300,2024-12-13,09:44:00,2024-12-13 09:44:00,HR,5500,Utilities,"Flores, Hood and Brown",24665.92,Gary Stone,Leslie Robinson,PO242894,INV143872,24665.92,24665.92,24665.92,none
104936,2024-12-13,10:11:00,2024-12-13 10:11:00,Marketing,5400,IT & Software,"Brown, Baker and Alvarado",73549.09,Tanner Avila,Donna Weber,PO504396,INV258675,73549.09,73549.09,73549.09,unusual_amount
104685,2024-12-13,11:02:00,2024-12-13 11:02:00,IT,5300,Professional Fees,Galvan Group,6914.98,Kyle King,Thomas Martin,PO840151,INV341116,6914.98,6914.98,6914.98,none
103772,2024-12-13,11:58:00,2024-12-13 11:58:00,Operations,5500,Utilities,"Smith, Montgomery and Reyes",43157.76,Lindsey Lewis,Janice Bush,PO307714,INV805123,43157.76,43157.76,43157.76,none
101521,2024-12-13,14:27:00,2024-12-13 14:27:00,Procurement,6000,Vendor Payments,Hopkins Inc,10662.92,Lawrence Davis,Lindsey Lewis,PO437470,INV386804,10662.92,10662.92,10662.92,none
102357,2024-12-13,16:02:00,2024-12-13 16:02:00,Operations,5500,Utilities,Davidson-Frank,2018.83,Timothy Johnson,Donna Weber,PO153323,INV275618,2018.83,2018.83,2018.83,none
103852,2024-12-13,17:15:00,2024-12-13 17:15:00,Finance,5400,IT & Software,Miller LLC,13308.06,Brittany Jackson,Leslie Robinson,PO720823,INV571255,13308.06,13308.06,13308.06,none
103130,2024-12-13,17:40:00,2024-12-13 17:40:00,Finance,5500,Utilities,"Durham, Bowen and Hess",13380.4,Janice Bush,James Dennis,PO751172,INV174876,13380.4,13380.4,13380.4,none
103083,2024-12-13,17:54:00,2024-12-13 17:54:00,Finance,5200,Travel & Entertainment,Hopkins Inc,10586.19,Denise Elliott,Jeffrey Hancock,PO763571,INV431347,10586.19,10586.19,10586.19,none
101039,2024-12-13,17:57:00,2024-12-13 17:57:00,HR,5400,IT & Software,Harper-Hernandez,25757.46,Austin Cohen,Nicole Clarke,PO347058,INV692560,25757.46,25757.46,25757.46,none
100243,2024-12-13,18:28:00,2024-12-13 18:28:00,Marketing,5300,Professional Fees,White-Thomas,31861.05,Leslie Robinson,Brittany Jackson,PO643142,INV620820,31861.05,31861.05,31861.05,none
104871,2024-12-15,17:33:00,2024-12-15 17:33:00,HR,5100,Office Supplies,Ballard-Jenkins,22731.71,Anita Harris,Nicole Clarke,PO632071,INV996223,22731.71,22731.71,22731.71,weekend_posting
100725,2024-12-16,09:10:00,2024-12-16 09:10:00,Sales,5400,IT & Software,Gross-Morrison,7251.64,Christopher Chung,Sean Kelly,PO563340,INV867511,7251.64,7251.64,7251.64,none
100384,2024-12-16,10:41:00,2024-12-16 10:41:00,Operations,5300,Professional Fees,Smith-Parker,36179.29,Lawrence Davis,James Dennis,PO617726,INV181455,36179.29,36179.29,36179.29,none
104332,2024-12-16,10:44:00,2024-12-16 10:44:00,Operations,5000,Raw Materials Expense,"Decker, Eaton and Arnold",36635.49,Alyssa Jackson,Anita Harris,PO614737,INV310035,36635.49,36635.49,36635.49,none
102847,2024-12-16,10:52:00,2024-12-16 10:52:00,Procurement,5100,Office Supplies,Jones Ltd,12590.47,Timothy Johnson,Alyssa Jackson,PO310671,INV175294,12590.47,12590.47,12590.47,none
100563,2024-12-16,10:55:00,2024-12-16 10:55:00,Marketing,5200,Travel & Entertainment,"Morton, Reynolds and Anderson",13346.62,Gary Stone,Christina Miller,PO398045,INV607433,13346.62,13346.62,13346.62,none
100693,2024-12-16,11:48:00,2024-12-16 11:48:00,Operations,5200,Travel & Entertainment,Ballard-Jenkins,18579.91,Autumn Reed,Michael Rivas,PO317543,INV541304,18579.91,18579.91,18579.91,none
102930,2024-12-16,11:52:00,2024-12-16 11:52:00,Marketing,6000,Vendor Payments,Larson PLC,28422.74,Sergio Arroyo,Brittany Jackson,PO685672,INV771133,28422.74,28422.74,28422.74,none
104445,2024-12-16,13:41:00,2024-12-16 13:41:00,Operations,5200,Travel & Entertainment,"Flores, Hood and Brown",26987.12,Nicole Clarke,Dawn Hall,PO279860,INV908360,26987.12,26987.12,26987.12,none
101133,2024-12-16,13:54:00,2024-12-16 13:54:00,Finance,5300,Professional Fees,Lopez Ltd,19383.06,Lawrence Davis,Denise Elliott,PO998927,INV539454,19383.06,19383.06,19383.06,none
103231,2024-12-16,14:04:00,2024-12-16 14:04:00,Marketing,5200,Travel & Entertainment,Davidson-Frank,8958.09,Brittany Jackson,Joy Hernandez,PO754263,INV874036,8958.09,8958.09,8958.09,none
101078,2024-12-16,14:06:00,2024-12-16 14:06:00,Marketing,5200,Travel & Entertainment,Mays-Ortega,46009.8,Michael Fox,Gary Stone,PO683943,INV828596,46009.8,46009.8,46009.8,none
100853,2024-12-16,14:22:00,2024-12-16 14:22:00,Operations,5500,Utilities,Hughes-Nichols,5176.35,Thomas Martin,Dawn Hall,PO905742,INV360722,5176.35,5176.35,5176.35,none
101217,2024-12-16,14:58:00,2024-12-16 14:58:00,Finance,5300,Professional Fees,"Gardner, Perry and Cruz",11264.62,Christina Miller,James Dennis,PO331474,INV168227,11264.62,11264.62,11264.62,none
100712,2024-12-16,15:52:00,2024-12-16 15:52:00,Procurement,5000,Raw Materials Expense,Raymond-Lucas,20470.93,Joy Hernandez,Christina Miller,PO863922,INV247349,20470.93,20470.93,20470.93,none
104735,2024-12-16,15:58:00,2024-12-16 15:58:00,IT,5100,Office Supplies,Harper-Hernandez,9816.11,Elizabeth Boyle,Tanner Avila,PO963776,INV567808,9816.11,9816.11,9816.11,none
104314,2024-12-16,16:43:00,2024-12-16 16:43:00,IT,6000,Vendor Payments,Young Inc,11232.28,Gary Stone,Tanner Avila,PO375220,INV713388,11232.28,11232.28,11232.28,none
100261,2024-12-16,16:44:00,2024-12-16 16:44:00,Procurement,5200,Travel & Entertainment,Galvan Group,6291.41,Christopher Chung,Patricia Lopez,PO274701,INV472624,6291.41,6291.41,6291.41,none
103855,2024-12-16,17:26:00,2024-12-16 17:26:00,Procurement,5300,Professional Fees,"Yang, Weber and Nielsen",17430.94,Christine Gonzales,Elizabeth Boyle,PO179213,INV991172,17430.94,17430.94,17430.94,none
101543,2024-12-16,17:55:00,2024-12-16 17:55:00,IT,5100,Office Supplies,Pearson PLC,12089.68,Kyle King,Christina Miller,PO542295,INV139883,12089.68,12089.68,12089.68,none
101190,2024-12-16,18:08:00,2024-12-16 18:08:00,Finance,5300,Professional Fees,Stevens-Gibson,14365.83,Tanner Avila,Michael Fox,PO911805,INV506437,14365.83,14365.83,14365.83,none
102283,2024-12-16,18:27:00,2024-12-16 18:27:00,Finance,5500,Utilities,Hughes-Nichols,39295.98,Christopher Chung,Michael Fox,PO629139,INV265430,39295.98,39295.98,39295.98,none
103013,2024-12-17,09:09:00,2024-12-17 09:09:00,Procurement,5000,Raw Materials Expense,Jones Ltd,8990.0,Christina Miller,Brittany Jackson,PO54861,INV41129,8990.0,8990.0,8990.0,none
103014,2024-12-17,11:10:00,2024-12-17 11:10:00,Finance,6000,Vendor Payments,Powers Group,4186.91,Alyssa Jackson,Brittany Jackson,PO961999,INV839291,4186.91,4186.91,4186.91,none
102775,2024-12-17,12:12:00,2024-12-17 12:12:00,IT,5300,Professional Fees,"White, Tucker and Wolf",7590.96,Nicole Chavez,Corey Jones,PO398463,INV714376,7590.96,7590.96,7590.96,none
101168,2024-12-17,12:45:00,2024-12-17 12:45:00,Procurement,5300,Professional Fees,Tucker Group,5544.29,Elizabeth Boyle,Michael Macdonald,PO805657,INV396221,5544.29,5544.29,5544.29,none
100124,2024-12-17,12:59:00,2024-12-17 12:59:00,Finance,5500,Utilities,Powers Group,5169.78,Anita Harris,Nicole Chavez,PO596984,INV634809,5169.78,5169.78,5169.78,none
101571,2024-12-17,13:39:00,2024-12-17 13:39:00,HR,5100,Office Supplies,Hopkins Inc,40312.97,Tanner Avila,Denise Elliott,PO530417,INV8469,40312.97,40312.97,40312.97,none
104337,2024-12-17,13:42:00,2024-12-17 13:42:00,Finance,6000,Vendor Payments,"Brown, Baker and Alvarado",18393.86,Gerald Freeman,Elizabeth Shea,PO872676,INV358433,18393.86,18393.86,18393.86,none
104612,2024-12-17,14:17:00,2024-12-17 14:17:00,Finance,5500,Utilities,Young Inc,12019.13,Patricia Lopez,Brittany Jackson,PO454608,INV477711,12019.13,12019.13,12019.13,none
102580,2024-12-17,15:09:00,2024-12-17 15:09:00,Procurement,5000,Raw Materials Expense,Scott-Bailey,5635.32,Gary Mays,Brittany Jackson,PO966072,INV9440,5635.32,5635.32,5635.32,none
101098,2024-12-17,16:14:00,2024-12-17 16:14:00,Procurement,5300,Professional Fees,Powers Group,12331.22,Anita Harris,Mary Harrison,PO38846,INV338785,12331.22,12331.22,12331.22,none
104903,2024-12-17,16:17:00,2024-12-17 16:17:00,HR,5400,IT & Software,Davidson-Frank,15558.02,James Dennis,Kyle King,PO316675,INV91423,15558.02,15558.02,15558.02,duplicate_payment
103960,2024-12-17,16:18:00,2024-12-17 16:18:00,IT,5500,Utilities,"Smith, Montgomery and Reyes",12168.45,Donald Ferguson,Brittany Jackson,PO12025,INV20344,12168.45,12168.45,12168.45,none
102896,2024-12-17,16:23:00,2024-12-17 16:23:00,Sales,5500,Utilities,Evans Ltd,6888.02,Patricia Lopez,Lindsey Lewis,PO756310,INV244248,6888.02,6888.02,6888.02,none
104850,2024-12-17,17:54:00,2024-12-17 17:54:00,Operations,6000,Vendor Payments,Smith-Parker,19648.39,Mary Harrison,Kyle King,PO470967,INV408020,19648.39,19648.39,19648.39,duplicate_payment
101558,2024-12-17,18:12:00,2024-12-17 18:12:00,Sales,5500,Utilities,Powers Group,17191.2,Thomas Martin,Elizabeth Boyle,PO654111,INV655575,17191.2,17191.2,17191.2,none
103019,2024-12-17,18:16:00,2024-12-17 18:16:00,Sales,6000,Vendor Payments,Scott-Bailey,5350.95,Patricia Lopez,Dawn Hall,PO899325,INV595301,5350.95,5350.95,5350.95,none
101687,2024-12-18,09:16:00,2024-12-18 09:16:00,Marketing,5200,Travel & Entertainment,Mays-Ortega,8646.74,Sergio Arroyo,Autumn Reed,PO360254,INV883021,8646.74,8646.74,8646.74,none
100311,2024-12-18,09:38:00,2024-12-18 09:38:00,IT,5000,Raw Materials Expense,Harris PLC,8170.67,Timothy Johnson,Michael Fox,PO297626,INV443514,8170.67,8170.67,8170.67,none
100571,2024-12-18,10:18:00,2024-12-18 10:18:00,Operations,5400,IT & Software,Larson PLC,11135.76,Christine Gonzales,Dawn Hall,PO48188,INV193957,11135.76,11135.76,11135.76,none
102894,2024-12-18,10:20:00,2024-12-18 10:20:00,Finance,5400,IT & Software,"Dixon, Jackson and Benjamin",30509.15,Sean Kelly,Michael Fox,PO494782,INV528843,30509.15,30509.15,30509.15,none
102938,2024-12-18,10:30:00,2024-12-18 10:30:00,HR,5100,Office Supplies,Mays-Ortega,11682.86,Sergio Arroyo,Dawn Hall,PO647697,INV901838,11682.86,11682.86,11682.86,none
101056,2024-12-18,10:46:00,2024-12-18 10:46:00,Sales,6000,Vendor Payments,Smith-Parker,18710.06,Alyssa Jackson,Christopher Chung,PO776805,INV757417,18710.06,18710.06,18710.06,none
101984,2024-12-18,11:17:00,2024-12-18 11:17:00,Operations,5100,Office Supplies,Torres-Mendoza,4439.09,Tanner Avila,Gary Stone,PO382343,INV885020,4439.09,4439.09,4439.09,none
104528,2024-12-18,11:37:00,2024-12-18 11:37:00,Marketing,5300,Professional Fees,Harper-Hernandez,11681.11,Christopher Chung,Kyle King,PO758228,INV59872,11681.11,11681.11,11681.11,none
101710,2024-12-18,12:10:00,2024-12-18 12:10:00,HR,5500,Utilities,Davidson-Frank,17298.09,Corey Jones,Michael Fox,PO463958,INV539662,17298.09,17298.09,17298.09,none
103784,2024-12-18,12:49:00,2024-12-18 12:49:00,Procurement,5400,IT & Software,Murphy Inc,6834.73,Christopher Chung,Gerald Freeman,PO964943,INV210571,6834.73,6834.73,6834.73,none
102397,2024-12-18,13:12:00,2024-12-18 13:12:00,IT,5500,Utilities,Raymond-Lucas,27470.11,Mary Harrison,Elizabeth Shea,PO717990,INV963228,27470.11,27470.11,27470.11,none
102988,2024-12-18,13:45:00,2024-12-18 13:45:00,Procurement,5300,Professional Fees,Nichols LLC,2282.14,Joy Hernandez,Patricia Lopez,PO303674,INV828557,2282.14,2282.14,2282.14,none
104746,2024-12-18,14:11:00,2024-12-18 14:11:00,Marketing,5100,Office Supplies,Pearson PLC,22357.79,Timothy Johnson,Patricia Lopez,PO727589,INV945320,22357.79,22357.79,22357.79,none
100719,2024-12-18,14:26:00,2024-12-18 14:26:00,Procurement,5400,IT & Software,Rogers Ltd,30696.16,Brittany Jackson,Gary Mays,PO703862,INV934881,30696.16,30696.16,30696.16,none
104911,2024-12-18,15:01:00,2024-12-18 15:01:00,Operations,6000,Vendor Payments,"Howard, Tucker and Flores",9247.02,Sean Kelly,Michael Rivas,PO161630,INV421132,9247.02,9247.02,9247.02,duplicate_payment
102637,2024-12-18,15:21:00,2024-12-18 15:21:00,HR,5100,Office Supplies,Harper-Hernandez,21674.11,Taylor Carroll,Joy Hernandez,PO560664,INV13572,21674.11,21674.11,21674.11,none
101553,2024-12-18,15:41:00,2024-12-18 15:41:00,Marketing,6000,Vendor Payments,Miller LLC,20971.28,Timothy Johnson,Jeffrey Hancock,PO646861,INV600512,20971.28,20971.28,20971.28,none
100865,2024-12-18,16:08:00,2024-12-18 16:08:00,HR,5100,Office Supplies,"Gardner, Perry and Cruz",3214.08,Thomas Martin,Dawn Hall,PO191783,INV396672,3214.08,3214.08,3214.08,none
100609,2024-12-18,16:21:00,2024-12-18 16:21:00,Sales,5000,Raw Materials Expense,Larson PLC,10429.43,Nicole Clarke,Gary Mays,PO40545,INV884852,10429.43,10429.43,10429.43,none
100012,2024-12-18,17:14:00,2024-12-18 17:14:00,IT,5100,Office Supplies,Hughes-Nichols,17349.33,Anita Harris,Brittany Jackson,PO310780,INV706940,17349.33,17349.33,17349.33,none
104613,2024-12-18,17:42:00,2024-12-18 17:42:00,Finance,5000,Raw Materials Expense,"Mills, Crane and Kim",11818.41,Joy Hernandez,Jeffrey Hancock,PO293198,INV83738,11818.41,11818.41,11818.41,none
103747,2024-12-18,17:54:00,2024-12-18 17:54:00,Marketing,5400,IT & Software,Rivera-Charles,1541.13,Corey Jones,Donna Weber,PO256992,INV2367,1541.13,1541.13,1541.13,none
104385,2024-12-18,18:33:00,2024-12-18 18:33:00,Sales,5500,Utilities,"Durham, Bowen and Hess",10277.35,Gary Stone,Jeffrey Hancock,PO991104,INV9359,10277.35,10277.35,10277.35,none
102359,2024-12-18,18:39:00,2024-12-18 18:39:00,Marketing,5300,Professional Fees,Torres-Mendoza,9122.74,Sergio Arroyo,Jeffrey Hancock,PO286565,INV898835,9122.74,9122.74,9122.74,none
102203,2024-12-19,09:26:00,2024-12-19 09:26:00,Finance,5300,Professional Fees,Hopkins Inc,45197.52,Sean Kelly,Michael Fox,PO704026,INV810594,45197.52,45197.52,45197.52,none
100603,2024-12-19,10:26:00,2024-12-19 10:26:00,Procurement,5500,Utilities,Harper-Hernandez,33769.22,Thomas Martin,Nicole Chavez,PO96883,INV617588,33769.22,33769.22,33769.22,none
102032,2024-12-19,12:14:00,2024-12-19 12:14:00,HR,5100,Office Supplies,"Decker, Eaton and Arnold",25024.07,Michael Rivas,Patricia Lopez,PO981607,INV53806,25024.07,25024.07,25024.07,none
103603,2024-12-19,12:55:00,2024-12-19 12:55:00,Procurement,5100,Office Supplies,Hughes-Nichols,15380.17,Jeffrey Hancock,Nicole Chavez,PO926880,INV891863,15380.17,15380.17,15380.17,none
100900,2024-12-19,13:16:00,2024-12-19 13:16:00,Finance,5400,IT & Software,Stevens-Gibson,48370.85,Gary Mays,Autumn Reed,PO181236,INV516450,48370.85,48370.85,48370.85,none
100216,2024-12-19,14:05:00,2024-12-19 14:05:00,Finance,5100,Office Supplies,Stevens-Gibson,13963.81,Mary Harrison,Anita Harris,PO377352,INV321952,13963.81,13963.81,13963.81,none
103369,2024-12-19,14:32:00,2024-12-19 14:32:00,Marketing,5300,Professional Fees,Tucker Group,8636.89,Alyssa Jackson,Donald Ferguson,PO335054,INV176217,8636.89,8636.89,8636.89,none
101031,2024-12-19,14:33:00,2024-12-19 14:33:00,IT,5000,Raw Materials Expense,"Silva, Jones and Oliver",14986.25,Nicole Chavez,Kyle King,PO370279,INV509241,14986.25,14986.25,14986.25,none
104950,2024-12-19,15:24:00,2024-12-19 15:24:00,HR,5400,IT & Software,Rogers Ltd,9745.67,Leslie Robinson,Elizabeth Boyle,PO914745,INV609399,9745.67,9745.67,9745.67,duplicate_payment
103912,2024-12-19,16:00:00,2024-12-19 16:00:00,Operations,6000,Vendor Payments,Nichols LLC,7295.13,James Dennis,Leslie Robinson,PO157331,INV822944,7295.13,7295.13,7295.13,none
100419,2024-12-19,17:09:00,2024-12-19 17:09:00,Operations,5200,Travel & Entertainment,Gross-Morrison,15960.02,Anita Harris,Taylor Carroll,PO410201,INV30131,15960.02,15960.02,15960.02,none
101081,2024-12-19,17:54:00,2024-12-19 17:54:00,HR,5100,Office Supplies,Harper-Hernandez,16629.38,Leslie Robinson,Sean Kelly,PO113897,INV756114,16629.38,16629.38,16629.38,none
102942,2024-12-19,18:03:00,2024-12-19 18:03:00,Operations,5400,IT & Software,Nichols LLC,16125.41,Christina Miller,Denise Elliott,PO128179,INV995856,16125.41,16125.41,16125.41,none
103024,2024-12-19,18:07:00,2024-12-19 18:07:00,IT,5400,IT & Software,Young Inc,2088.32,Michael Fox,Autumn Reed,PO245237,INV384224,2088.32,2088.32,2088.32,none
104616,2024-12-19,18:13:00,2024-12-19 18:13:00,HR,6000,Vendor Payments,Willis Group,14813.05,Sergio Arroyo,Jeffrey Hancock,PO381796,INV463252,14813.05,14813.05,14813.05,none
104360,2024-12-19,18:41:00,2024-12-19 18:41:00,Procurement,5000,Raw Materials Expense,Smith-Parker,7907.45,Gary Mays,Sergio Arroyo,PO68815,INV755488,7907.45,7907.45,7907.45,none
103091,2024-12-19,18:43:00,2024-12-19 18:43:00,IT,5200,Travel & Entertainment,Humphrey-Berg,30218.65,Anita Harris,Brittany Jackson,PO170772,INV319263,30218.65,30218.65,30218.65,none
103400,2024-12-19,18:53:00,2024-12-19 18:53:00,Finance,5000,Raw Materials Expense,"Jefferson, Sullivan and Young",19022.35,Lindsey Lewis,Christina Miller,PO984390,INV881378,19022.35,19022.35,19022.35,none
104943,2024-12-20,09:41:00,2024-12-20 09:41:00,Operations,5300,Professional Fees,Rogers Ltd,17262.46,Sean Kelly,Sean Kelly,PO268991,INV831713,17262.46,17262.46,17262.46,segregation_violation
104717,2024-12-20,10:11:00,2024-12-20 10:11:00,Procurement,5400,IT & Software,"Robles, Moses and Morgan",16104.63,Sergio Arroyo,Lawrence Davis,PO879995,INV517103,16104.63,16104.63,16104.63,none
103204,2024-12-20,10:42:00,2024-12-20 10:42:00,Finance,5300,Professional Fees,Jones Ltd,12766.36,Alyssa Jackson,Nicole Chavez,PO548510,INV736206,12766.36,12766.36,12766.36,none
102161,2024-12-20,11:20:00,2024-12-20 11:20:00,Sales,5200,Travel & Entertainment,Galvan Group,20846.11,Christine Gonzales,Nicole Chavez,PO677172,INV391555,20846.11,20846.11,20846.11,none
104885,2024-12-20,11:33:00,2024-12-20 11:33:00,Operations,5300,Professional Fees,"Morton, Reynolds and Anderson",4115.74,Denise Elliott,Denise Elliott,PO769168,INV982552,4115.74,4115.74,4115.74,segregation_violation
103278,2024-12-20,13:22:00,2024-12-20 13:22:00,Marketing,5400,IT & Software,Willis Group,3264.78,Lawrence Davis,Janice Bush,PO731741,INV21215,3264.78,3264.78,3264.78,none
103335,2024-12-20,13:26:00,2024-12-20 13:26:00,Procurement,5200,Travel & Entertainment,"White, Tucker and Wolf",51956.48,Austin Cohen,Anita Harris,PO581635,INV471111,51956.48,51956.48,51956.48,none
102715,2024-12-20,13:32:00,2024-12-20 13:32:00,IT,5500,Utilities,"Gardner, Perry and Cruz",32738.56,Sergio Arroyo,Tanner Avila,PO623272,INV608598,32738.56,32738.56,32738.56,none
102755,2024-12-20,15:21:00,2024-12-20 15:21:00,Finance,5400,IT & Software,Becker-Martinez,25253.69,Austin Cohen,Donald Ferguson,PO126483,INV170017,25253.69,25253.69,25253.69,none
103760,2024-12-20,15:45:00,2024-12-20 15:45:00,Finance,5000,Raw Materials Expense,White-Thomas,37558.41,Brittany Jackson,Patricia Perry,PO46563,INV488856,37558.41,37558.41,37558.41,none
103195,2024-12-20,15:50:00,2024-12-20 15:50:00,Operations,5500,Utilities,"Nelson, Duncan and Smith",10484.41,Michael Macdonald,Joy Hernandez,PO336295,INV216832,10484.41,10484.41,10484.41,none
101322,2024-12-20,16:38:00,2024-12-20 16:38:00,IT,5100,Office Supplies,"Flores, Hood and Brown",2831.05,Nicole Chavez,Christine Gonzales,PO581623,INV502622,2831.05,2831.05,2831.05,none
104997,2024-12-20,17:18:00,2024-12-20 17:18:00,Marketing,5200,Travel & Entertainment,"White, Tucker and Wolf",48298.71,Sergio Arroyo,Alyssa Jackson,PO158208,INV698525,48298.71,59247.34,59247.34,three_way_mismatch
101626,2024-12-20,18:24:00,2024-12-20 18:24:00,IT,6000,Vendor Payments,Hughes-Nichols,26333.32,Tanner Avila,Christine Gonzales,PO570650,INV975893,26333.32,26333.32,26333.32,none
104974,2024-12-21,12:41:00,2024-12-21 12:41:00,HR,5400,IT & Software,Larson PLC,4983.43,Elizabeth Boyle,Dawn Hall,PO273347,INV72008,4983.43,4983.43,4983.43,weekend_posting
105026,2024-12-21,15:01:00,2024-12-21 15:01:00,Operations,6000,Vendor Payments,"Howard, Tucker and Flores",9247.02,Sean Kelly,Michael Rivas,PO161630,INV421132,9247.02,9247.02,9247.02,duplicate_payment
104984,2024-12-22,16:21:00,2024-12-22 16:21:00,HR,5100,Office Supplies,Scott-Bailey,5243.73,Timothy Johnson,Christopher Chung,PO118367,INV93973,5243.73,5243.73,5243.73,weekend_posting
104281,2024-12-23,09:59:00,2024-12-23 09:59:00,Marketing,5200,Travel & Entertainment,"Yang, Weber and Nielsen",11052.99,James Dennis,Corey Jones,PO864713,INV391751,11052.99,11052.99,11052.99,none
102519,2024-12-23,10:47:00,2024-12-23 10:47:00,Sales,5100,Office Supplies,Davidson-Frank,5553.29,Corey Jones,Taylor Carroll,PO928251,INV311579,5553.29,5553.29,5553.29,none
104325,2024-12-23,10:49:00,2024-12-23 10:49:00,Procurement,5000,Raw Materials Expense,"Howard, Tucker and Flores",5938.96,Elizabeth Shea,Donald Ferguson,PO409638,INV532824,5938.96,5938.96,5938.96,none
103844,2024-12-23,11:08:00,2024-12-23 11:08:00,IT,5000,Raw Materials Expense,"White, Tucker and Wolf",14862.14,Alyssa Jackson,Tanner Avila,PO712974,INV632358,14862.14,14862.14,14862.14,none
101991,2024-12-23,11:43:00,2024-12-23 11:43:00,Operations,6000,Vendor Payments,Pearson PLC,6095.23,Nicole Clarke,Gary Mays,PO522892,INV922664,6095.23,6095.23,6095.23,none
101689,2024-12-23,11:59:00,2024-12-23 11:59:00,IT,5400,IT & Software,"Flores, Hood and Brown",29744.12,Brittany Jackson,Gary Stone,PO33665,INV414311,29744.12,29744.12,29744.12,none
100832,2024-12-23,12:09:00,2024-12-23 12:09:00,HR,5400,IT & Software,Lopez Ltd,8475.04,Elizabeth Boyle,Joy Hernandez,PO945880,INV954449,8475.04,8475.04,8475.04,none
103945,2024-12-23,12:17:00,2024-12-23 12:17:00,Procurement,5100,Office Supplies,"Flores, Hood and Brown",2917.63,Elizabeth Shea,Denise Elliott,PO582101,INV907911,2917.63,2917.63,2917.63,none
104150,2024-12-23,12:24:00,2024-12-23 12:24:00,HR,5400,IT & Software,Gross-Morrison,10086.09,Nicole Clarke,Donald Ferguson,PO239969,INV52428,10086.09,10086.09,10086.09,none
100146,2024-12-23,12:36:00,2024-12-23 12:36:00,HR,5300,Professional Fees,Jones Ltd,19758.41,Elizabeth Boyle,Leslie Robinson,PO382655,INV984356,19758.41,19758.41,19758.41,none
100730,2024-12-23,12:39:00,2024-12-23 12:39:00,Sales,5000,Raw Materials Expense,"Flores, Hood and Brown",59710.43,Taylor Carroll,Christina Miller,PO264718,INV227737,59710.43,59710.43,59710.43,none
103527,2024-12-23,13:25:00,2024-12-23 13:25:00,IT,5200,Travel & Entertainment,Torres-Mendoza,48378.49,Janice Bush,Brittany Jackson,PO275489,INV106759,48378.49,48378.49,48378.49,none
104252,2024-12-23,14:31:00,2024-12-23 14:31:00,Finance,5100,Office Supplies,Smith-Wise,4260.27,Patricia Perry,Thomas Martin,PO978436,INV175107,4260.27,4260.27,4260.27,none
101241,2024-12-23,14:56:00,2024-12-23 14:56:00,HR,5400,IT & Software,"Flores, Hood and Brown",32664.72,Mary Harrison,Alyssa Jackson,PO867289,INV937048,32664.72,32664.72,32664.72,none
100233,2024-12-23,15:08:00,2024-12-23 15:08:00,IT,5100,Office Supplies,Becker-Martinez,33273.54,Christine Gonzales,Michael Fox,PO553411,INV79260,33273.54,33273.54,33273.54,none
100005,2024-12-23,15:21:00,2024-12-23 15:21:00,Finance,6000,Vendor Payments,"Silva, Jones and Oliver",37697.72,Autumn Reed,Patricia Lopez,PO18481,INV811158,37697.72,37697.72,37697.72,none
100381,2024-12-23,15:51:00,2024-12-23 15:51:00,Finance,5400,IT & Software,Powers Group,13497.91,Thomas Martin,Joy Hernandez,PO157263,INV962537,13497.91,13497.91,13497.91,none
101951,2024-12-23,17:12:00,2024-12-23 17:12:00,Sales,5400,IT & Software,Hughes-Nichols,2452.19,Michael Fox,Mary Harrison,PO807980,INV514667,2452.19,2452.19,2452.19,none
100749,2024-12-23,17:29:00,2024-12-23 17:29:00,Finance,5300,Professional Fees,"Silva, Jones and Oliver",4835.67,Patricia Lopez,Corey Jones,PO658054,INV17952,4835.67,4835.67,4835.67,none
102468,2024-12-23,17:32:00,2024-12-23 17:32:00,Sales,5300,Professional Fees,White-Thomas,24615.3,Denise Elliott,Jeffrey Hancock,PO212036,INV842990,24615.3,24615.3,24615.3,none
101094,2024-12-23,18:11:00,2024-12-23 18:11:00,Marketing,5400,IT & Software,Rogers Ltd,16274.38,Jeffrey Hancock,James Dennis,PO985322,INV917154,16274.38,16274.38,16274.38,none
103572,2024-12-23,18:14:00,2024-12-23 18:14:00,Finance,5400,IT & Software,Scott-Bailey,4845.13,Mary Harrison,Janice Bush,PO702741,INV464346,4845.13,4845.13,4845.13,none
104390,2024-12-23,18:19:00,2024-12-23 18:19:00,Finance,5100,Office Supplies,Stevens-Gibson,38071.15,Dawn Hall,Autumn Reed,PO270431,INV645518,38071.15,38071.15,38071.15,none
102355,2024-12-23,18:19:00,2024-12-23 18:19:00,Operations,5200,Travel & Entertainment,Schneider-Clark,11041.36,Kyle King,Autumn Reed,PO947200,INV256203,11041.36,11041.36,11041.36,none
103836,2024-12-23,18:43:00,2024-12-23 18:43:00,IT,5400,IT & Software,Young Inc,2432.65,Jeffrey Hancock,Sergio Arroyo,PO303547,INV897325,2432.65,2432.65,2432.65,none
102297,2024-12-24,09:19:00,2024-12-24 09:19:00,HR,5200,Travel & Entertainment,"Decker, Eaton and Arnold",13966.27,Brittany Jackson,Alyssa Jackson,PO342310,INV756878,13966.27,13966.27,13966.27,none
103273,2024-12-24,09:25:00,2024-12-24 09:25:00,IT,5400,IT & Software,Scott-Bailey,30127.89,Nicole Chavez,Sergio Arroyo,PO6561,INV561953,30127.89,30127.89,30127.89,none
101458,2024-12-24,09:59:00,2024-12-24 09:59:00,Marketing,5200,Travel & Entertainment,Lopez Ltd,19135.67,Gary Mays,Lawrence Davis,PO510946,INV793048,19135.67,19135.67,19135.67,none
102583,2024-12-24,11:17:00,2024-12-24 11:17:00,Procurement,5100,Office Supplies,Harris PLC,11584.29,Jeffrey Hancock,Alyssa Jackson,PO518135,INV459498,11584.29,11584.29,11584.29,none
103573,2024-12-24,11:48:00,2024-12-24 11:48:00,IT,5400,IT & Software,"Gardner, Perry and Cruz",24057.15,Elizabeth Shea,Corey Jones,PO404940,INV746853,24057.15,24057.15,24057.15,none
104890,2024-12-24,13:31:00,2024-12-24 13:31:00,Sales,5200,Travel & Entertainment,Becker-Martinez,1660.81,Gary Stone,Michael Macdonald,PO126913,INV412025,1660.81,1660.81,1660.81,duplicate_payment
100496,2024-12-24,14:29:00,2024-12-24 14:29:00,Procurement,5100,Office Supplies,White-Thomas,17009.02,Joy Hernandez,Michael Macdonald,PO908671,INV277476,17009.02,17009.02,17009.02,none
102063,2024-12-24,14:54:00,2024-12-24 14:54:00,HR,6000,Vendor Payments,Powers Group,23817.42,Thomas Martin,Denise Elliott,PO264151,INV848953,23817.42,23817.42,23817.42,none
104128,2024-12-24,15:25:00,2024-12-24 15:25:00,Marketing,5200,Travel & Entertainment,Schneider-Clark,30977.71,Thomas Martin,Kyle King,PO226985,INV478468,30977.71,30977.71,30977.71,none
102174,2024-12-24,15:51:00,2024-12-24 15:51:00,Procurement,5200,Travel & Entertainment,Reyes-Glover,36659.96,Jeffrey Hancock,Michael Macdonald,PO687604,INV411102,36659.96,36659.96,36659.96,none
104657,2024-12-24,16:46:00,2024-12-24 16:46:00,HR,6000,Vendor Payments,"Brown, Baker and Alvarado",22914.49,Timothy Johnson,Michael Fox,PO136556,INV753158,22914.49,22914.49,22914.49,none
102358,2024-12-24,16:55:00,2024-12-24 16:55:00,Operations,5200,Travel & Entertainment,"Howard, Tucker and Flores",12514.66,Thomas Martin,Gary Stone,PO992102,INV141573,12514.66,12514.66,12514.66,none
102150,2024-12-24,17:18:00,2024-12-24 17:18:00,Procurement,5100,Office Supplies,"Nelson, Duncan and Smith",12228.04,Michael Fox,Joy Hernandez,PO924199,INV877739,12228.04,12228.04,12228.04,none
100642,2024-12-24,17:19:00,2024-12-24 17:19:00,Marketing,5100,Office Supplies,Tucker Group,30234.24,Michael Macdonald,Mary Harrison,PO687673,INV225027,30234.24,30234.24,30234.24,none
103608,2024-12-24,17:50:00,2024-12-24 17:50:00,HR,5400,IT & Software,"Decker, Eaton and Arnold",10627.0,Michael Rivas,Christopher Chung,PO625592,INV726025,10627.0,10627.0,10627.0,none
103765,2024-12-24,18:05:00,2024-12-24 18:05:00,Procurement,5500,Utilities,Stewart-Russell,10317.91,Austin Cohen,Mary Harrison,PO276410,INV433392,10317.91,10317.91,10317.91,none
103123,2024-12-24,18:12:00,2024-12-24 18:12:00,IT,6000,Vendor Payments,Mays-Ortega,23331.08,Alyssa Jackson,James Dennis,PO874873,INV358338,23331.08,23331.08,23331.08,none
100556,2024-12-24,18:37:00,2024-12-24 18:37:00,Finance,6000,Vendor Payments,Cowan-Powers,9735.66,Joy Hernandez,Anita Harris,PO982274,INV741379,9735.66,9735.66,9735.66,none
101601,2024-12-25,10:21:00,2024-12-25 10:21:00,Marketing,5300,Professional Fees,Scott-Bailey,9103.32,Christine Gonzales,Elizabeth Shea,PO834127,INV355919,9103.32,9103.32,9103.32,none
102087,2024-12-25,10:41:00,2024-12-25 10:41:00,Finance,6000,Vendor Payments,Rivera-Charles,7277.83,Tanner Avila,Michael Fox,PO447814,INV156362,7277.83,7277.83,7277.83,none
100192,2024-12-25,10:54:00,2024-12-25 10:54:00,Operations,5400,IT & Software,Evans Ltd,23794.74,Tanner Avila,Jeffrey Hancock,PO781896,INV970654,23794.74,23794.74,23794.74,none
103038,2024-12-25,11:14:00,2024-12-25 11:14:00,Sales,5400,IT & Software,Gomez Ltd,10022.86,Patricia Lopez,Timothy Johnson,PO368942,INV450578,10022.86,10022.86,10022.86,none
103839,2024-12-25,12:09:00,2024-12-25 12:09:00,Finance,5000,Raw Materials Expense,"Silva, Jones and Oliver",22484.79,Patricia Perry,Mary Harrison,PO451212,INV332158,22484.79,22484.79,22484.79,none
104466,2024-12-25,12:44:00,2024-12-25 12:44:00,IT,5400,IT & Software,Rivera-Charles,1239.36,Gary Stone,Gerald Freeman,PO339274,INV855686,1239.36,1239.36,1239.36,none
102872,2024-12-25,13:53:00,2024-12-25 13:53:00,Finance,5500,Utilities,"Brown, Baker and Alvarado",2409.78,Taylor Carroll,Michael Macdonald,PO10976,INV484314,2409.78,2409.78,2409.78,none
104895,2024-12-25,14:44:00,2024-12-25 14:44:00,Sales,5100,Office Supplies,Evans Ltd,50000.0,James Dennis,Michael Fox,PO605128,INV922576,50000.0,50000.0,50000.0,round_number
102378,2024-12-25,15:00:00,2024-12-25 15:00:00,HR,5000,Raw Materials Expense,"Gardner, Perry and Cruz",8327.55,Leslie Robinson,Denise Elliott,PO873973,INV105740,8327.55,8327.55,8327.55,none
103279,2024-12-25,15:24:00,2024-12-25 15:24:00,IT,5300,Professional Fees,"White, Tucker and Wolf",4315.03,Thomas Martin,Gerald Freeman,PO708361,INV202705,4315.03,4315.03,4315.03,none
102338,2024-12-25,16:50:00,2024-12-25 16:50:00,Procurement,5500,Utilities,"Brown, Baker and Alvarado",18654.74,Sean Kelly,Tanner Avila,PO563784,INV504309,18654.74,18654.74,18654.74,none
104251,2024-12-25,18:28:00,2024-12-25 18:28:00,Operations,5500,Utilities,Stewart-Russell,17573.3,Tanner Avila,Elizabeth Shea,PO715949,INV345334,17573.3,17573.3,17573.3,none
101396,2024-12-26,09:14:00,2024-12-26 09:14:00,Operations,5400,IT & Software,"Martin, Brewer and Young",31262.16,James Dennis,Joy Hernandez,PO288687,INV120970,31262.16,31262.16,31262.16,none
103555,2024-12-26,09:15:00,2024-12-26 09:15:00,Finance,5100,Office Supplies,Mora-Lynn,8337.37,Nicole Chavez,Taylor Carroll,PO824145,INV607589,8337.37,8337.37,8337.37,none
104739,2024-12-26,09:27:00,2024-12-26 09:27:00,HR,5400,IT & Software,"Jefferson, Sullivan and Young",21222.97,Sean Kelly,Donna Weber,PO883046,INV457290,21222.97,21222.97,21222.97,none
100539,2024-12-26,09:27:00,2024-12-26 09:27:00,Procurement,5200,Travel & Entertainment,Evans Ltd,21739.03,Mary Harrison,Corey Jones,PO984876,INV222443,21739.03,21739.03,21739.03,none
103344,2024-12-26,10:34:00,2024-12-26 10:34:00,Procurement,5400,IT & Software,White-Thomas,21013.51,James Dennis,Christine Gonzales,PO681030,INV915529,21013.51,21013.51,21013.51,none
104467,2024-12-26,11:31:00,2024-12-26 11:31:00,Sales,5000,Raw Materials Expense,Scott-Bailey,7978.38,Patricia Lopez,Timothy Johnson,PO156713,INV924333,7978.38,7978.38,7978.38,none
104372,2024-12-26,11:45:00,2024-12-26 11:45:00,Operations,6000,Vendor Payments,Harris PLC,1539.28,Patricia Lopez,Jeffrey Hancock,PO211963,INV325586,1539.28,1539.28,1539.28,none
102834,2024-12-26,12:01:00,2024-12-26 12:01:00,Sales,6000,Vendor Payments,Gross-Morrison,13127.01,Patricia Lopez,Austin Cohen,PO953307,INV708980,13127.01,13127.01,13127.01,none
104505,2024-12-26,12:10:00,2024-12-26 12:10:00,Sales,5400,IT & Software,"Martin, Brewer and Young",7263.62,Anita Harris,Lindsey Lewis,PO91296,INV944926,7263.62,7263.62,7263.62,none
100212,2024-12-26,12:32:00,2024-12-26 12:32:00,Operations,5100,Office Supplies,Tucker Group,6984.64,Brittany Jackson,Janice Bush,PO168447,INV63813,6984.64,6984.64,6984.64,none
103021,2024-12-26,12:54:00,2024-12-26 12:54:00,Procurement,6000,Vendor Payments,Francis-Burke,11167.65,Jeffrey Hancock,Anita Harris,PO726071,INV660256,11167.65,11167.65,11167.65,none
103895,2024-12-26,13:04:00,2024-12-26 13:04:00,Marketing,5300,Professional Fees,"Hernandez, Hopkins and Houston",12896.95,Timothy Johnson,Elizabeth Boyle,PO980524,INV123088,12896.95,12896.95,12896.95,none
101775,2024-12-26,14:04:00,2024-12-26 14:04:00,Sales,6000,Vendor Payments,Powers Group,25462.06,Michael Rivas,Kyle King,PO232576,INV856371,25462.06,25462.06,25462.06,none
102985,2024-12-26,14:26:00,2024-12-26 14:26:00,Procurement,5000,Raw Materials Expense,"Martin, Brewer and Young",15435.97,Kyle King,James Dennis,PO392670,INV939660,15435.97,15435.97,15435.97,none
100520,2024-12-26,14:36:00,2024-12-26 14:36:00,IT,5500,Utilities,"Howard, Tucker and Flores",21672.66,Timothy Johnson,Thomas Martin,PO804860,INV36461,21672.66,21672.66,21672.66,none
101872,2024-12-26,14:58:00,2024-12-26 14:58:00,Procurement,5500,Utilities,"Jefferson, Sullivan and Young",51023.06,Brittany Jackson,Donald Ferguson,PO234278,INV336553,51023.06,51023.06,51023.06,none
101457,2024-12-26,15:03:00,2024-12-26 15:03:00,IT,6000,Vendor Payments,Young Inc,21995.58,Nicole Clarke,Patricia Perry,PO141444,INV153009,21995.58,21995.58,21995.58,none
105034,2024-12-26,15:24:00,2024-12-26 15:24:00,HR,5400,IT & Software,Rogers Ltd,9745.67,Leslie Robinson,Elizabeth Boyle,PO914745,INV609399,9745.67,9745.67,9745.67,duplicate_payment
105025,2024-12-26,16:17:00,2024-12-26 16:17:00,HR,5400,IT & Software,Davidson-Frank,15558.02,James Dennis,Kyle King,PO316675,INV91423,15558.02,15558.02,15558.02,duplicate_payment
101290,2024-12-26,16:48:00,2024-12-26 16:48:00,Procurement,5500,Utilities,"White, Tucker and Wolf",42296.14,Michael Macdonald,Sean Kelly,PO484539,INV788981,42296.14,42296.14,42296.14,none
100620,2024-12-26,17:49:00,2024-12-26 17:49:00,Operations,5300,Professional Fees,"Brown, Baker and Alvarado",10541.72,Nicole Chavez,Gary Stone,PO129638,INV882592,10541.72,10541.72,10541.72,none
105010,2024-12-26,17:54:00,2024-12-26 17:54:00,Operations,6000,Vendor Payments,Smith-Parker,19648.39,Mary Harrison,Kyle King,PO470967,INV408020,19648.39,19648.39,19648.39,duplicate_payment
104046,2024-12-26,18:17:00,2024-12-26 18:17:00,IT,5300,Professional Fees,"Nelson, Duncan and Smith",16489.81,Sergio Arroyo,Mary Harrison,PO161244,INV655941,16489.81,16489.81,16489.81,none
103260,2024-12-27,09:03:00,2024-12-27 09:03:00,Operations,5300,Professional Fees,Harris PLC,12324.6,Thomas Martin,Patricia Lopez,PO175966,INV534414,12324.6,12324.6,12324.6,none
101226,2024-12-27,09:59:00,2024-12-27 09:59:00,IT,6000,Vendor Payments,Ballard-Jenkins,42498.58,Taylor Carroll,Jeffrey Hancock,PO497898,INV298599,42498.58,42498.58,42498.58,none
102769,2024-12-27,10:42:00,2024-12-27 10:42:00,Sales,6000,Vendor Payments,Smith-Wise,38090.2,Kyle King,Sergio Arroyo,PO671974,INV630800,38090.2,38090.2,38090.2,none
104169,2024-12-27,11:34:00,2024-12-27 11:34:00,HR,5200,Travel & Entertainment,Mora-Lynn,3441.82,Elizabeth Boyle,Anita Harris,PO442474,INV597385,3441.82,3441.82,3441.82,none
104987,2024-12-27,11:44:00,2024-12-27 11:44:00,Procurement,5200,Travel & Entertainment,Harris PLC,12026.15,Janice Bush,Janice Bush,PO357049,INV857822,12026.15,12026.15,12026.15,segregation_violation
104741,2024-12-27,14:20:00,2024-12-27 14:20:00,Sales,5300,Professional Fees,Ballard-Jenkins,7365.28,Nicole Clarke,Lawrence Davis,PO471758,INV252327,7365.28,7365.28,7365.28,none
102752,2024-12-27,14:32:00,2024-12-27 14:32:00,Finance,6000,Vendor Payments,Hughes-Nichols,33738.41,Elizabeth Shea,Christina Miller,PO896963,INV200859,33738.41,33738.41,33738.41,none
103833,2024-12-27,15:12:00,2024-12-27 15:12:00,Sales,5000,Raw Materials Expense,Harper-Hernandez,4404.37,Donna Weber,Michael Rivas,PO876747,INV25683,4404.37,4404.37,4404.37,none
100966,2024-12-27,15:30:00,2024-12-27 15:30:00,Operations,5200,Travel & Entertainment,Smith-Wise,23011.87,Sergio Arroyo,James Dennis,PO619060,INV97191,23011.87,23011.87,23011.87,none
100723,2024-12-27,15:47:00,2024-12-27 15:47:00,Operations,5200,Travel & Entertainment,"Morton, Reynolds and Anderson",22565.25,Sean Kelly,Christine Gonzales,PO105701,INV505816,22565.25,22565.25,22565.25,none
104428,2024-12-27,16:27:00,2024-12-27 16:27:00,IT,6000,Vendor Payments,"Decker, Eaton and Arnold",10736.55,Sergio Arroyo,Elizabeth Boyle,PO733302,INV861402,10736.55,10736.55,10736.55,none
102281,2024-12-27,16:38:00,2024-12-27 16:38:00,Procurement,5200,Travel & Entertainment,Jones Inc,5417.53,Nicole Chavez,Christopher Chung,PO341233,INV464742,5417.53,5417.53,5417.53,none
103541,2024-12-27,16:42:00,2024-12-27 16:42:00,Operations,5200,Travel & Entertainment,Mays-Ortega,13001.73,Nicole Chavez,Elizabeth Boyle,PO986785,INV338787,13001.73,13001.73,13001.73,none
101757,2024-12-27,17:24:00,2024-12-27 17:24:00,Marketing,6000,Vendor Payments,Ballard-Jenkins,5929.94,Gary Mays,Dawn Hall,PO22366,INV581475,5929.94,5929.94,5929.94,none
101350,2024-12-27,18:08:00,2024-12-27 18:08:00,Finance,5500,Utilities,Mays-Ortega,29927.85,Gary Stone,Leslie Robinson,PO505079,INV257069,29927.85,29927.85,29927.85,none
101269,2024-12-27,18:28:00,2024-12-27 18:28:00,HR,5100,Office Supplies,"Jefferson, Sullivan and Young",5461.61,Gary Stone,Gary Mays,PO432629,INV636130,5461.61,5461.61,5461.61,none
101456,2024-12-27,18:30:00,2024-12-27 18:30:00,Finance,5200,Travel & Entertainment,Ballard-Jenkins,21023.08,Austin Cohen,Patricia Perry,PO166657,INV881440,21023.08,21023.08,21023.08,none
102660,2024-12-27,18:39:00,2024-12-27 18:39:00,Operations,5200,Travel & Entertainment,"Nelson, Duncan and Smith",11434.75,Gerald Freeman,Michael Macdonald,PO653259,INV154597,11434.75,11434.75,11434.75,none
101420,2024-12-27,18:57:00,2024-12-27 18:57:00,Procurement,6000,Vendor Payments,Reyes-Glover,49124.19,Brittany Jackson,Michael Macdonald,PO554041,INV784321,49124.19,49124.19,49124.19,none
100601,2024-12-30,09:24:00,2024-12-30 09:24:00,Procurement,5400,IT & Software,Ballard-Jenkins,3280.05,Gerald Freeman,Austin Cohen,PO282364,INV739163,3280.05,3280.05,3280.05,none
102432,2024-12-30,10:04:00,2024-12-30 10:04:00,Sales,5100,Office Supplies,"Jefferson, Sullivan and Young",20236.35,Leslie Robinson,Mary Harrison,PO408772,INV486327,20236.35,20236.35,20236.35,none
104315,2024-12-30,11:15:00,2024-12-30 11:15:00,Finance,5200,Travel & Entertainment,"Martin, Brewer and Young",22498.61,Nicole Chavez,Janice Bush,PO681270,INV494653,22498.61,22498.61,22498.61,none
102292,2024-12-30,11:23:00,2024-12-30 11:23:00,Operations,5300,Professional Fees,Miller LLC,16509.97,Leslie Robinson,Patricia Perry,PO241397,INV931894,16509.97,16509.97,16509.97,none
102832,2024-12-30,12:21:00,2024-12-30 12:21:00,Procurement,5300,Professional Fees,"Hernandez, Hopkins and Houston",9816.98,Jeffrey Hancock,Michael Rivas,PO901332,INV56229,9816.98,9816.98,9816.98,none
104212,2024-12-30,12:51:00,2024-12-30 12:51:00,Finance,5300,Professional Fees,"Durham, Bowen and Hess",1848.81,Gary Mays,Kyle King,PO618026,INV696854,1848.81,1848.81,1848.81,none
100495,2024-12-30,13:05:00,2024-12-30 13:05:00,Sales,5300,Professional Fees,Francis-Burke,10216.63,Lindsey Lewis,Gerald Freeman,PO275223,INV557349,10216.63,10216.63,10216.63,none
102852,2024-12-30,13:10:00,2024-12-30 13:10:00,HR,5000,Raw Materials Expense,Davidson-Frank,13721.41,Alyssa Jackson,Autumn Reed,PO679690,INV721043,13721.41,13721.41,13721.41,none
100580,2024-12-30,13:12:00,2024-12-30 13:12:00,IT,5200,Travel & Entertainment,"Silva, Jones and Oliver",32592.14,Gary Stone,Michael Rivas,PO950733,INV574554,32592.14,32592.14,32592.14,none
103092,2024-12-30,13:46:00,2024-12-30 13:46:00,Finance,5300,Professional Fees,"Duncan, Graham and Stark",36907.42,Anita Harris,Kyle King,PO575746,INV19849,36907.42,36907.42,36907.42,none
103323,2024-12-30,14:06:00,2024-12-30 14:06:00,IT,5200,Travel & Entertainment,Hughes-Nichols,16579.15,Christine Gonzales,Elizabeth Shea,PO699058,INV858874,16579.15,16579.15,16579.15,none
104192,2024-12-30,14:12:00,2024-12-30 14:12:00,Marketing,6000,Vendor Payments,Powers Group,9236.29,Elizabeth Shea,Kyle King,PO703003,INV381542,9236.29,9236.29,9236.29,none
101823,2024-12-30,14:13:00,2024-12-30 14:13:00,Finance,5400,IT & Software,Stewart-Russell,34504.93,Christina Miller,Taylor Carroll,PO232930,INV287074,34504.93,34504.93,34504.93,none
102171,2024-12-30,14:37:00,2024-12-30 14:37:00,HR,5200,Travel & Entertainment,"Silva, Jones and Oliver",26413.73,Autumn Reed,Nicole Chavez,PO169432,INV489690,26413.73,26413.73,26413.73,none
101605,2024-12-30,15:15:00,2024-12-30 15:15:00,Finance,5400,IT & Software,"Durham, Bowen and Hess",109381.86,Tanner Avila,Donna Weber,PO603568,INV728936,109381.86,109381.86,109381.86,none
104398,2024-12-30,15:27:00,2024-12-30 15:27:00,Procurement,5500,Utilities,"White, Tucker and Wolf",13094.93,Lawrence Davis,Nicole Clarke,PO877264,INV317717,13094.93,13094.93,13094.93,none
101251,2024-12-30,15:53:00,2024-12-30 15:53:00,Marketing,5200,Travel & Entertainment,Jones Ltd,3324.41,Jeffrey Hancock,Gerald Freeman,PO55695,INV680579,3324.41,3324.41,3324.41,none
100189,2024-12-30,16:04:00,2024-12-30 16:04:00,Operations,6000,Vendor Payments,Gross-Morrison,7042.36,Tanner Avila,Jeffrey Hancock,PO313073,INV487691,7042.36,7042.36,7042.36,none
102447,2024-12-30,16:23:00,2024-12-30 16:23:00,Operations,5200,Travel & Entertainment,Francis-Burke,19694.55,Kyle King,Corey Jones,PO431096,INV11471,19694.55,19694.55,19694.55,none
102916,2024-12-30,16:35:00,2024-12-30 16:35:00,Operations,5400,IT & Software,Nichols LLC,4581.6,Kyle King,Nicole Clarke,PO835450,INV402316,4581.6,4581.6,4581.6,none
101623,2024-12-30,16:55:00,2024-12-30 16:55:00,Sales,5000,Raw Materials Expense,Cowan-Powers,24975.1,Kyle King,Donald Ferguson,PO976437,INV967545,24975.1,24975.1,24975.1,none
103133,2024-12-30,17:01:00,2024-12-30 17:01:00,Sales,5100,Office Supplies,Young Inc,13909.52,Denise Elliott,Gerald Freeman,PO312728,INV351339,13909.52,13909.52,13909.52,none
103755,2024-12-30,17:09:00,2024-12-30 17:09:00,HR,5200,Travel & Entertainment,"Jefferson, Sullivan and Young",5399.51,Lawrence Davis,Mary Harrison,PO609573,INV976503,5399.51,5399.51,5399.51,none
101049,2024-12-30,17:18:00,2024-12-30 17:18:00,Finance,5200,Travel & Entertainment,Jones Ltd,23615.39,Gerald Freeman,Patricia Lopez,PO707540,INV232723,23615.39,23615.39,23615.39,none
100474,2024-12-30,17:49:00,2024-12-30 17:49:00,Procurement,6000,Vendor Payments,Gross-Morrison,11129.68,Christina Miller,Patricia Perry,PO402715,INV279004,11129.68,11129.68,11129.68,none
100246,2024-12-30,17:54:00,2024-12-30 17:54:00,Operations,6000,Vendor Payments,Humphrey-Berg,48449.65,Janice Bush,Jeffrey Hancock,PO893683,INV569994,48449.65,48449.65,48449.65,none
102533,2024-12-30,17:59:00,2024-12-30 17:59:00,Marketing,5400,IT & Software,Torres-Mendoza,16115.85,Sergio Arroyo,Donald Ferguson,PO639999,INV802913,16115.85,16115.85,16115.85,none
104907,2024-12-30,18:00:00,2024-12-30 18:00:00,Marketing,5100,Office Supplies,Smith-Parker,7028.82,Anita Harris,Anita Harris,PO807775,INV347505,7028.82,7028.82,7028.82,segregation_violation
100728,2024-12-30,18:03:00,2024-12-30 18:03:00,Operations,5300,Professional Fees,Davidson-Frank,19798.08,Joy Hernandez,Patricia Perry,PO878734,INV500498,19798.08,19798.08,19798.08,none
102949,2024-12-30,18:35:00,2024-12-30 18:35:00,Sales,5400,IT & Software,"Silva, Jones and Oliver",7345.56,Christina Miller,Lindsey Lewis,PO705589,INV634341,7345.56,7345.56,7345.56,none
101988,2024-12-30,18:52:00,2024-12-30 18:52:00,IT,5200,Travel & Entertainment,"Gardner, Perry and Cruz",21096.5,Nicole Chavez,Michael Fox,PO530623,INV882857,21096.5,21096.5,21096.5,none
101213,2024-12-31,09:33:00,2024-12-31 09:33:00,HR,5500,Utilities,Davidson-Frank,10471.88,Nicole Clarke,James Dennis,PO970969,INV381662,10471.88,10471.88,10471.88,none
102867,2024-12-31,10:16:00,2024-12-31 10:16:00,IT,5000,Raw Materials Expense,Cowan-Powers,27724.0,Donna Weber,Taylor Carroll,PO867287,INV854576,27724.0,27724.0,27724.0,none
100228,2024-12-31,10:32:00,2024-12-31 10:32:00,Sales,5000,Raw Materials Expense,"Hernandez, Hopkins and Houston",19586.46,Jeffrey Hancock,Christine Gonzales,PO673156,INV308401,19586.46,19586.46,19586.46,none
102305,2024-12-31,11:31:00,2024-12-31 11:31:00,HR,5000,Raw Materials Expense,"Cherry, Martin and Compton",13737.63,Christina Miller,Lindsey Lewis,PO436412,INV386264,13737.63,13737.63,13737.63,none
101156,2024-12-31,11:54:00,2024-12-31 11:54:00,Procurement,5000,Raw Materials Expense,Hughes-Nichols,15976.79,Lawrence Davis,Sergio Arroyo,PO598350,INV287018,15976.79,15976.79,15976.79,none
100791,2024-12-31,12:24:00,2024-12-31 12:24:00,Marketing,5200,Travel & Entertainment,Mays-Ortega,20179.32,Brittany Jackson,Autumn Reed,PO146887,INV383114,20179.32,20179.32,20179.32,none
103632,2024-12-31,14:00:00,2024-12-31 14:00:00,Sales,5300,Professional Fees,Powers Group,50471.6,Gary Mays,Sergio Arroyo,PO387104,INV110656,50471.6,50471.6,50471.6,none
100487,2024-12-31,15:14:00,2024-12-31 15:14:00,Sales,5100,Office Supplies,"Robles, Moses and Morgan",30269.27,Donna Weber,Sean Kelly,PO280276,INV674783,30269.27,30269.27,30269.27,none
102927,2024-12-31,16:18:00,2024-12-31 16:18:00,Procurement,5000,Raw Materials Expense,Tucker Group,11792.24,Leslie Robinson,Denise Elliott,PO924407,INV870395,11792.24,11792.24,11792.24,none
102370,2024-12-31,16:51:00,2024-12-31 16:51:00,Sales,5200,Travel & Entertainment,"Silva, Jones and Oliver",3629.03,Timothy Johnson,Nicole Clarke,PO690856,INV839064,3629.03,3629.03,3629.03,none
103049,2024-12-31,17:00:00,2024-12-31 17:00:00,Marketing,5200,Travel & Entertainment,Harper-Hernandez,12422.2,Gerald Freeman,Lawrence Davis,PO677450,INV351315,12422.2,12422.2,12422.2,none
101248,2024-12-31,17:54:00,2024-12-31 17:54:00,Sales,6000,Vendor Payments,Pearson PLC,10055.81,Timothy Johnson,Sean Kelly,PO596359,INV750468,10055.81,10055.81,10055.81,none
105021,2025-01-02,13:31:00,2025-01-02 13:31:00,Sales,5200,Travel & Entertainment,Becker-Martinez,1660.81,Gary Stone,Michael Macdonald,PO126913,INV412025,1660.81,1660.81,1660.81,duplicate_payment
